{"name": "Ajani's Welcome", "manaCost": "{W}", "cmc": 1.0, "colors": ["White"], "colorIdentity": ["W"], "type": "Enchantment", "types": ["Enchantment"], "rarity": "Uncommon", "set": "M19", "setName": "Core Set 2019", "text": "Whenever a creature enters the battlefield under your control, you gain 1 life.", "flavor": "\"You cannot defend others if your own well-being is neglected.\"", "artist": "Eric Deschamps", "number": "6", "layout": "normal", "multiverseid": "447142", "imageUrl": "http://gatherer.wizards.com/Handlers/Image.ashx?multiverseid=447142&type=card", "foreignNames": [{"name": "Ajanis Begr\u00fc\u00dfung", "text": "Immer wenn eine Kreatur unter deiner Kontrolle ins Spiel kommt, erh\u00e4ltst du 1 Lebenspunkt dazu.", "type": "Verzauberung", "flavor": "\u201eDu kannst andere nicht besch\u00fctzen, wenn du dein eigenes Wohlergehen ignorierst.\"", "imageUrl": "http://gatherer.wizards.com/Handlers/Image.ashx?multiverseid=447423&type=card", "language": "German", "multiverseid": 447423}, {"name": "Recibimiento de Ajani", "text": "Siempre que una criatura entre al campo de batalla bajo tu control, ganas 1 vida.", "type": "Encantamiento", "flavor": "\"No puedes defender a otros si desprecias tu propia vida\".", "imageUrl": "http://gatherer.wizards.com/Handlers/Image.ashx?multiverseid=447704&type=card", "language": "Spanish", "multiverseid": 447704}, {"name": "Accueil d'Ajani", "text": "\u00c0 chaque fois qu'une cr\u00e9ature arrive sur le champ de bataille sous votre contr\u00f4le, vous gagnez 1 point de vie.", "type": "Enchantement", "flavor": "\u00ab Vous ne pouvez pas d\u00e9fendre les autres si vous n\u00e9gligez votre propre bien-\u00eatre. \u00bb", "imageUrl": "http://gatherer.wizards.com/Handlers/Image.ashx?multiverseid=447985&type=card", "language": "French", "multiverseid": 447985}, {"name": "Benvenuto di Ajani", "text": "Ogniqualvolta una creatura entra nel campo di battaglia sotto il tuo controllo, guadagni 1 punto vita.", "type": "Incantesimo", "flavor": "\"Non puoi difendere gli altri se non ti prendi cura di te stesso.\"", "imageUrl": "http://gatherer.wizards.com/Handlers/Image.ashx?multiverseid=448266&type=card", "language": "Italian", "multiverseid": 448266}, {"name": "\u30a2\u30b8\u30e3\u30cb\u306e\u6b53\u8fce", "text": "\u30af\u30ea\u30fc\u30c1\u30e3\u30fc\u304c\uff11\u4f53\u3042\u306a\u305f\u306e\u30b3\u30f3\u30c8\u30ed\u30fc\u30eb\u4e0b\u3067\u6226\u5834\u306b\u51fa\u308b\u305f\u3073\u3001\u3042\u306a\u305f\u306f\uff11\u70b9\u306e\u30e9\u30a4\u30d5\u3092\u5f97\u308b\u3002", "type": "\u30a8\u30f3\u30c1\u30e3\u30f3\u30c8", "flavor": "\u300c\u81ea\u8eab\u306e\u3053\u3068\u3092\u304a\u308d\u305d\u304b\u306b\u3059\u308b\u3088\u3046\u3067\u306f\u3001\u4ed6\u8005\u3092\u5b88\u308b\u3053\u3068\u306a\u3069\u3067\u304d\u306a\u3044\u3002\u300d", "imageUrl": "http://gatherer.wizards.com/Handlers/Image.ashx?multiverseid=448547&type=card", "language": "Japanese", "multiverseid": 448547}, {"name": "\uc544\uc790\ub2c8\uc758 \ud658\ub300", "text": "\uc0dd\ubb3c\uc774 \ub2f9\uc2e0\uc758 \uc870\uc885\ud558\uc5d0 \uc804\uc7a5\uc5d0 \ub4e4\uc5b4\uc62c \ub54c\ub9c8\ub2e4, \ub2f9\uc2e0\uc740 \uc0dd\uba85 1\uc810\uc744 \uc5bb\ub294\ub2e4.", "type": "\ubd80\uc5ec\ub9c8\ubc95", "flavor": "\"\uc790\uc2e0\uc744 \uc798 \ub3cc\ubcf4\uc9c0 \ubabb\ud55c\ub2e4\uba74 \ub2e4\ub978 \uc774\ub97c \uc9c0\ud0a4\ub294 \uac83\ub3c4 \uc798 \ud560 \uc218 \uc5c6\ub2e4\ub124.\"", "imageUrl": "http://gatherer.wizards.com/Handlers/Image.ashx?multiverseid=448828&type=card", "language": "Korean", "multiverseid": 448828}, {"name": "Boas-vindas de Ajani", "text": "Toda vez que uma criatura entra no campo de batalha sob seu controle, voc\u00ea ganha 1 ponto de vida.", "type": "Encantamento", "flavor": "\"\u00c9 imposs\u00edvel defender os outros se seu pr\u00f3prio bem-estar \u00e9 negligenciado.\"", "imageUrl": "http://gatherer.wizards.com/Handlers/Image.ashx?multiverseid=449109&type=card", "language": "Portuguese (Brazil)", "multiverseid": 449109}, {"name": "\u0420\u0430\u0434\u0443\u0448\u0438\u0435 \u0410\u0434\u0436\u0430\u043d\u0438", "text": "\u041a\u0430\u0436\u0434\u044b\u0439 \u0440\u0430\u0437, \u043a\u043e\u0433\u0434\u0430 \u0441\u0443\u0449\u0435\u0441\u0442\u0432\u043e \u0432\u044b\u0445\u043e\u0434\u0438\u0442 \u043d\u0430 \u043f\u043e\u043b\u0435 \u0431\u0438\u0442\u0432\u044b \u043f\u043e\u0434 \u0432\u0430\u0448\u0438\u043c \u043a\u043e\u043d\u0442\u0440\u043e\u043b\u0435\u043c, \u0432\u044b \u043f\u043e\u043b\u0443\u0447\u0430\u0435\u0442\u0435 1 \u0436\u0438\u0437\u043d\u044c.", "type": "\u0427\u0430\u0440\u044b", "flavor": "\u00ab\u0422\u044b \u043d\u0435 \u0441\u043c\u043e\u0436\u0435\u0448\u044c \u0437\u0430\u0449\u0438\u0442\u0438\u0442\u044c \u0434\u0440\u0443\u0433\u0438\u0445, \u0435\u0441\u043b\u0438 \u043d\u0435 \u043f\u043e\u0437\u0430\u0431\u043e\u0442\u0438\u0448\u044c\u0441\u044f \u043e \u0441\u043e\u0431\u0441\u0442\u0432\u0435\u043d\u043d\u043e\u043c \u0431\u043b\u0430\u0433\u043e\u043f\u043e\u043b\u0443\u0447\u0438\u0438\u00bb.", "imageUrl": "http://gatherer.wizards.com/Handlers/Image.ashx?multiverseid=449390&type=card", "language": "Russian", "multiverseid": 449390}, {"name": "\u963f\u8036\u5c3c\u76f8\u8fce", "text": "\u6bcf\u5f53\u4e00\u4e2a\u751f\u7269\u5728\u4f60\u7684\u64cd\u63a7\u4e0b\u8fdb\u6218\u573a\u65f6\uff0c\u4f60\u83b7\u5f971\u70b9\u751f\u547d\u3002", "type": "\u7ed3\u754c", "flavor": "\u300c\u7f54\u987e\u81ea\u8eab\u798f\u7949\uff0c\u4fbf\u65e0\u6687\u4fdd\u62a4\u4ed6\u4eba\u3002\u300d", "imageUrl": "http://gatherer.wizards.com/Handlers/Image.ashx?multiverseid=449671&type=card", "language": "Chinese Simplified", "multiverseid": 449671}, {"name": "\u963f\u8036\u5c3c\u76f8\u8fce", "text": "\u6bcf\u7576\u4e00\u500b\u751f\u7269\u5728\u4f60\u7684\u64cd\u63a7\u4e0b\u9032\u6230\u5834\u6642\uff0c\u4f60\u7372\u5f971\u9ede\u751f\u547d\u3002", "type": "\u7d50\u754c", "flavor": "\u300c\u7f54\u9867\u81ea\u8eab\u798f\u7949\uff0c\u4fbf\u7121\u6687\u4fdd\u8b77\u4ed6\u4eba\u3002\u300d", "imageUrl": "http://gatherer.wizards.com/Handlers/Image.ashx?multiverseid=449952&type=card", "language": "Chinese Traditional", "multiverseid": 449952}], "printings": ["M19"], "originalText": "Whenever a creature enters the battlefield under your control, you gain 1 life.", "originalType": "Enchantment", "legalities": [{"format": "Commander", "legality": "Legal"}, {"format": "Duel", "legality": "Legal"}, {"format": "Gladiator", "legality": "Legal"}, {"format": "Historic", "legality": "Legal"}, {"format": "Legacy", "legality": "Legal"}, {"format": "Modern", "legality": "Legal"}, {"format": "Pioneer", "legality": "Legal"}, {"format": "Vintage", "legality": "Legal"}], "id": "e875be87-ddbd-5050-a568-38f8ea46611a"}