{"name": "Ajani's Pridemate", "manaCost": "{1}{W}", "cmc": 2.0, "colors": ["White"], "colorIdentity": ["W"], "type": "Creature \u2014 Cat Soldier", "types": ["Creature"], "subtypes": ["Cat", "Soldier"], "rarity": "Uncommon", "set": "C13", "setName": "Commander 2013", "text": "Whenever you gain life, put a +1/+1 counter on Ajani's Pridemate.", "flavor": "\"When one of us prospers, the pride prospers.\"\n\u2014Jazal Goldmane", "artist": "Svetlin Velinov", "number": "3", "power": "2", "toughness": "2", "layout": "normal", "multiverseid": "376241", "imageUrl": "http://gatherer.wizards.com/Handlers/Image.ashx?multiverseid=376241&type=card", "rulings": [{"date": "2019-05-03", "text": "The ability of Ajani\u2019s Pridemate triggers just once for each life-gaining event, whether it\u2019s 1 life from Ajani\u2019s Welcome or 2 life from Battlefield Promotion."}, {"date": "2019-05-03", "text": "If Ajani\u2019s Pridemate is dealt lethal damage at the same time that you gain life, it won\u2019t receive a counter from its ability in time to save it."}, {"date": "2019-05-03", "text": "Each creature with lifelink dealing combat damage causes a separate life-gaining event. For example, if two creatures you control with lifelink deal combat damage at the same time, Ajani\u2019s Pridemate\u2019s ability will trigger twice. However, if a single creature you control with lifelink deals combat damage to multiple creatures, players, and/or planeswalkers at the same time (perhaps because it has trample or was blocked by more than one creature), the ability will trigger only once."}, {"date": "2019-05-03", "text": "If you gain an amount of life \u201cfor each\u201d of something, that life is gained as one event and the ability of Ajani\u2019s Pridemate triggers only once."}, {"date": "2019-05-03", "text": "In a Two-Headed Giant game, life gained by your teammate won\u2019t cause the ability to trigger, even though it caused your team\u2019s life total to increase."}], "foreignNames": [{"name": "Ajanis Rudelmitglied", "text": "Immer wenn du Lebenspunkte dazuerh\u00e4ltst, kannst du eine +1/+1-Marke auf Ajanis Rudelmitglied legen. (Falls zum Beispiel ein Effekt daf\u00fcr sorgt, dass du drei Lebenspunkte dazuerh\u00e4ltst, kannst du eine +1/+1-Marke auf diese Kreatur legen.)", "type": "Kreatur \u2014 Katze, Soldat", "flavor": "\u201eWenn einer von uns Erfolg hat, gilt dies f\u00fcr das gesamte Rudel.\"\u2014Jazal Goldm\u00e4hne", "imageUrl": "http://gatherer.wizards.com/Handlers/Image.ashx?multiverseid=376597&type=card", "language": "German", "multiverseid": 376597}, {"name": "Compa\u00f1ero de manada de Ajani", "text": "Siempre que ganes vidas, puedes poner un contador +1/+1 sobre el Compa\u00f1ero de manada de Ajani. (Por ejemplo, si un efecto hace que ganes 3 vidas, puedes poner un contador +1/+1 sobre esta criatura.)", "type": "Criatura \u2014 Soldado felino", "flavor": "\"Cuando uno de nosotros mejora, la manada mejora\".\u2014Jazal Melena Dorada", "imageUrl": "http://gatherer.wizards.com/Handlers/Image.ashx?multiverseid=378021&type=card", "language": "Spanish", "multiverseid": 378021}, {"name": "Fr\u00e8re de bande d'Ajani", "text": "\u00c0 chaque fois que vous gagnez des points de vie, vous pouvez mettre un marqueur +1/+1 sur le Fr\u00e8re de bande d'Ajani. (Par exemple, si un effet vous fait gagner 3 points de vie, vous pouvez mettre un marqueur +1/+1 sur cette cr\u00e9ature.)", "type": "Cr\u00e9ature : chat et soldat", "flavor": "\u00ab Quand l'un de nous prosp\u00e8re, c'est toute la bande qui prosp\u00e8re. \u00bb\u2014Jazal Crini\u00e8redor", "imageUrl": "http://gatherer.wizards.com/Handlers/Image.ashx?multiverseid=376953&type=card", "language": "French", "multiverseid": 376953}, {"name": "Compagno di Ajani", "text": "Ogniqualvolta guadagni punti vita, puoi mettere un segnalino +1/+1 sul Compagno di Ajani. (Per esempio, se un effetto ti fa guadagnare 3 punti vita, puoi mettere un segnalino +1/+1 su questa creatura.)", "type": "Creatura \u2014 Soldato Felino", "flavor": "\"Quando uno di noi ha successo, l'intero branco ha successo.\"\u2014Jazal Criniera D'Oro", "imageUrl": "http://gatherer.wizards.com/Handlers/Image.ashx?multiverseid=377309&type=card", "language": "Italian", "multiverseid": 377309}, {"name": "\u30a2\u30b8\u30e3\u30cb\u306e\u7fa4\u308c\u4ef2\u9593", "text": "\u3042\u306a\u305f\u304c\u30e9\u30a4\u30d5\u3092\u5f97\u308b\u305f\u3073\u3001\u3042\u306a\u305f\u306f\u30a2\u30b8\u30e3\u30cb\u306e\u7fa4\u308c\u4ef2\u9593\u306e\u4e0a\u306b\uff0b\uff11/\uff0b\uff11\u30ab\u30a6\u30f3\u30bf\u30fc\u3092\uff11\u500b\u7f6e\u3044\u3066\u3082\u3088\u3044\u3002\uff08\u4f8b\u3048\u3070\u3001\uff11\u3064\u306e\u52b9\u679c\u306b\u3088\u3063\u3066\u3042\u306a\u305f\u304c\uff13\u70b9\u306e\u30e9\u30a4\u30d5\u3092\u5f97\u305f\u5834\u5408\u3001\u3042\u306a\u305f\u306f\u3053\u306e\u30af\u30ea\u30fc\u30c1\u30e3\u30fc\u306e\u4e0a\u306b\uff0b\uff11/\uff0b\uff11\u30ab\u30a6\u30f3\u30bf\u30fc\u3092\uff11\u500b\u7f6e\u3044\u3066\u3082\u3088\u3044\u3002\uff09", "type": "\u30af\u30ea\u30fc\u30c1\u30e3\u30fc \u2014 \u732b\u30fb\u5175\u58eb", "flavor": "\u300c\u6211\u3089\u306e\u3046\u3061\u3044\u305a\u308c\u304b\u304c\u7e41\u6804\u3059\u308b\u6642\u3001\u7fa4\u308c\u3082\u7e41\u6804\u3059\u308b\u3002\u300d\u2015\u2015\u9ec4\u91d1\u306e\u305f\u3066\u304c\u307f\u306e\u30b8\u30e3\u30b6\u30eb", "imageUrl": "http://gatherer.wizards.com/Handlers/Image.ashx?multiverseid=377665&type=card", "language": "Japanese", "multiverseid": 377665}], "printings": ["C13", "DDH", "IMA", "M11", "M15", "M19", "MB1", "WAR"], "originalText": "Whenever you gain life, you may put a +1/+1 counter on Ajani's Pridemate. (For example, if an effect causes you to gain 3 life, you may put one +1/+1 counter on this creature.)", "originalType": "Creature \u2014 Cat Soldier", "legalities": [{"format": "Commander", "legality": "Legal"}, {"format": "Duel", "legality": "Legal"}, {"format": "Gladiator", "legality": "Legal"}, {"format": "Historic", "legality": "Legal"}, {"format": "Legacy", "legality": "Legal"}, {"format": "Modern", "legality": "Legal"}, {"format": "Penny", "legality": "Legal"}, {"format": "Pioneer", "legality": "Legal"}, {"format": "Vintage", "legality": "Legal"}], "id": "ab7ac04f-c10f-5bff-9a7b-1548d39ac451"}