{"name": "Archipelagore", "manaCost": "{5}{U}{U}", "cmc": 7.0, "colors": ["Blue"], "colorIdentity": ["U"], "type": "Creature \u2014 Leviathan", "types": ["Creature"], "subtypes": ["Leviathan"], "rarity": "Uncommon", "set": "IKO", "setName": "Ikoria: Lair of Behemoths", "text": "Mutate {5}{U} (If you cast this spell for its mutate cost, put it over or under target non-Human creature you own. They mutate into the creature on top plus all abilities from under it.)\nWhenever this creature mutates, tap up to X target creatures, where X is the number of times this creature has mutated. Those creatures don't untap during their controller's next untap step.", "artist": "Svetlin Velinov", "number": "41", "power": "7", "toughness": "7", "layout": "normal", "multiverseid": "479561", "imageUrl": "http://gatherer.wizards.com/Handlers/Image.ashx?multiverseid=479561&type=card", "variations": ["c3f98d3c-210b-5e32-bed5-cd17f643912e"], "rulings": [{"date": "2020-04-17", "text": "Archipelagore\u2019s triggered ability can target a creature that\u2019s already tapped. That creature won\u2019t untap during its controller\u2019s next untap step."}], "foreignNames": [{"name": "Archipelagor", "text": "Mutation {5}{U} (Falls du diesen Zauberspruch f\u00fcr seine Mutationskosten wirkst, lege ihn auf oder unter eine Nicht-Mensch-Kreatur deiner Wahl, die du besitzt. Sie mutieren zur oben liegenden Kreatur, die zus\u00e4tzlich alle F\u00e4higkeiten der darunter liegenden hat.)\nImmer wenn diese Kreatur mutiert, tappe bis zu X Kreaturen deiner Wahl, wobei X gleich der Anzahl an Mutationen dieser Kreatur ist. Die Kreaturen enttappen nicht w\u00e4hrend des n\u00e4chsten Enttappsegments ihrer Beherrscher.", "type": "Kreatur \u2014 Leviathan", "flavor": null, "imageUrl": "http://gatherer.wizards.com/Handlers/Image.ashx?multiverseid=479820&type=card", "language": "German", "multiverseid": 479820}, {"name": "Archipielagante", "text": "Mutaci\u00f3n {5}{U}. (Si lanzas este hechizo pagando su coste de mutaci\u00f3n, ponlo sobre o bajo la criatura objetivo que no sea Humano de la cual eres propietario. Estas mutan en la criatura de la parte superior m\u00e1s todas las habilidades de debajo.)\nSiempre que esta criatura mute, gira hasta X criaturas objetivo, donde X es la cantidad de veces que esta criatura ha mutado. Esas criaturas no se enderezan durante el pr\u00f3ximo paso de enderezar de su controlador.", "type": "Criatura \u2014 Leviat\u00e1n", "flavor": null, "imageUrl": "http://gatherer.wizards.com/Handlers/Image.ashx?multiverseid=480079&type=card", "language": "Spanish", "multiverseid": 480079}, {"name": "Archip\u00e9lagore", "text": "Mutation {5}{U} (Si vous lancez ce sort pour son co\u00fbt de mutation, mettez-le au-dessus ou au-dessous d'une cr\u00e9ature non-Humain cibl\u00e9e que vous poss\u00e9dez. La cr\u00e9ature mutante est la cr\u00e9ature du dessus, avec toutes les capacit\u00e9s des cartes au-dessous.)\n\u00c0 chaque fois que cette cr\u00e9ature subit une mutation, engagez jusqu'\u00e0 X cr\u00e9atures cibl\u00e9es, X \u00e9tant le nombre de mutations subies par cette cr\u00e9ature. Ces cr\u00e9atures ne se d\u00e9gagent pas pendant la prochaine \u00e9tape de d\u00e9gagement de leur contr\u00f4leur.", "type": "Cr\u00e9ature : l\u00e9viathan", "flavor": null, "imageUrl": "http://gatherer.wizards.com/Handlers/Image.ashx?multiverseid=480338&type=card", "language": "French", "multiverseid": 480338}, {"name": "Arcipelagolia", "text": "Mutazione {5}{U} (Se lanci questa magia per il suo costo di mutazione, mettila sopra o sotto una creatura non Umano bersaglio che possiedi. Muta nella creatura sopra, con anche le abilit\u00e0 di quelle sotto.)\nOgniqualvolta questa creatura muta, TAPpa fino a X creature bersaglio, dove X \u00e8 il numero di volte che questa creatura \u00e8 mutata. Quelle creature non STAPpano durante il prossimo STAP del loro controllore.", "type": "Creatura \u2014 Leviatano", "flavor": null, "imageUrl": "http://gatherer.wizards.com/Handlers/Image.ashx?multiverseid=480597&type=card", "language": "Italian", "multiverseid": 480597}, {"name": "\u8089\u98df\u5cf6", "text": "\u5909\u5bb9{5}{U}\uff08\u3042\u306a\u305f\u304c\u3053\u306e\u546a\u6587\u3092\u3053\u308c\u306e\u5909\u5bb9\u30b3\u30b9\u30c8\u3067\u5531\u3048\u308b\u306a\u3089\u3001\u3042\u306a\u305f\u304c\u30aa\u30fc\u30ca\u30fc\u3067\u3042\u308a\u4eba\u9593\u3067\u306a\u3044\u30af\u30ea\u30fc\u30c1\u30e3\u30fc\uff11\u4f53\u3092\u5bfe\u8c61\u3068\u3057\u3001\u3053\u308c\u3092\u305d\u308c\u306e\u4e0a\u304b\u4e0b\u306b\u7f6e\u304f\u3002\u3053\u308c\u3089\u306f\u3001\u4e00\u756a\u4e0a\u306e\u30af\u30ea\u30fc\u30c1\u30e3\u30fc\u306b\u3001\u305d\u306e\u4e0b\u306b\u3042\u308b\u80fd\u529b\u3059\u3079\u3066\u3092\u52a0\u3048\u305f\u3082\u306e\u306b\u5909\u5bb9\u3059\u308b\u3002\uff09\n\u3053\u306e\u30af\u30ea\u30fc\u30c1\u30e3\u30fc\u304c\u5909\u5bb9\u3059\u308b\u305f\u3073\u3001\u30af\u30ea\u30fc\u30c1\u30e3\u30fc\u6700\u5927\uff38\u4f53\u3092\u5bfe\u8c61\u3068\u3057\u3001\u305d\u308c\u3089\u3092\u30bf\u30c3\u30d7\u3059\u308b\u3002\uff38\u306f\u3053\u306e\u30af\u30ea\u30fc\u30c1\u30e3\u30fc\u304c\u5909\u5bb9\u3057\u305f\u56de\u6570\u306b\u7b49\u3057\u3044\u3002\u305d\u308c\u3089\u306e\u30af\u30ea\u30fc\u30c1\u30e3\u30fc\u306f\u3001\u305d\u308c\u3089\u306e\u30b3\u30f3\u30c8\u30ed\u30fc\u30e9\u30fc\u306e\u6b21\u306e\u30a2\u30f3\u30bf\u30c3\u30d7\u30fb\u30b9\u30c6\u30c3\u30d7\u306b\u30a2\u30f3\u30bf\u30c3\u30d7\u3057\u306a\u3044\u3002", "type": "\u30af\u30ea\u30fc\u30c1\u30e3\u30fc \u2014 \u30ea\u30d0\u30a4\u30a2\u30b5\u30f3", "flavor": null, "imageUrl": "http://gatherer.wizards.com/Handlers/Image.ashx?multiverseid=480856&type=card", "language": "Japanese", "multiverseid": 480856}, {"name": "\uc12c\uad34\uc218", "text": "\ub3cc\uc5f0\ubcc0\uc774\ud654 {5}{U} (\ub2f9\uc2e0\uc774 \ub3cc\uc5f0\ubcc0\uc774\ud654 \ube44\uc6a9\uc744 \uc9c0\ubd88\ud574 \uc774 \uc8fc\ubb38\uc744 \ubc1c\ub3d9\ud55c\ub2e4\uba74, \ub2f9\uc2e0\uc774 \uc18c\uc720\ud55c \uc778\uac04\uc774 \uc544\ub2cc \uc0dd\ubb3c\uc744 \ubaa9\ud45c\ub85c \uc815\ud55c\ub2e4. \uc774 \uce74\ub4dc\ub97c \uadf8 \uc0dd\ubb3c\uc758 \uc704 \ub610\ub294 \uc544\ub798\uc5d0 \ub193\ub294\ub2e4. \uadf8 \uc0dd\ubb3c\uc740 \ub9e8 \uc704\uc5d0 \uc788\ub294 \uc0dd\ubb3c\uc774 \uadf8 \uc544\ub798\uc5d0 \ub193\uc778 \uce74\ub4dc\ub4e4\uc758 \ubaa8\ub4e0 \ub2a5\ub825\uc744 \uac00\uc9c4 \uc0dd\ubb3c\ub85c \ub3cc\uc5f0\ubcc0\uc774\ud654\ud55c\ub2e4.)\n\uc774 \uc0dd\ubb3c\uc774 \ub3cc\uc5f0\ubcc0\uc774\ud654\ud560 \ub54c\ub9c8\ub2e4, \uc0dd\ubb3c\uc744 \ucd5c\ub300 X\uac1c\uae4c\uc9c0 \ubaa9\ud45c\ub85c \uc815\ud55c\ub2e4. \uadf8 \uc0dd\ubb3c\ub4e4\uc744 \ud0ed\ud55c\ub2e4. X\ub294 \uc774 \uc0dd\ubb3c\uc774 \ub3cc\uc5f0\ubcc0\uc774\ud654\ud55c \uc218\uc774\ub2e4. \uadf8 \uc0dd\ubb3c\ub4e4\uc740 \uc870\uc885\uc790\uc758 \ub2e4\uc74c \uc5b8\ud0ed\ub2e8\uc5d0 \uc5b8\ud0ed\ub418\uc9c0 \uc54a\ub294\ub2e4.", "type": "\uc0dd\ubb3c \u2014 \ub9ac\ubc14\uc774\uc5b4\ub358", "flavor": null, "imageUrl": "http://gatherer.wizards.com/Handlers/Image.ashx?multiverseid=481115&type=card", "language": "Korean", "multiverseid": 481115}, {"name": "Arquipelag\u00f3rico", "text": "Muta\u00e7\u00e3o {5}{U} (Se voc\u00ea conjurar esta m\u00e1gica pelo custo de muta\u00e7\u00e3o, coloque-a sobre ou sob a criatura alvo que voc\u00ea possui que n\u00e3o seja um Humano. Elas sofrem uma muta\u00e7\u00e3o que resulta na criatura de cima com todas as habilidades das criaturas de baixo.)\nToda vez que esta criatura sofrer muta\u00e7\u00e3o, vire at\u00e9 X criaturas alvo, sendo X o n\u00famero de muta\u00e7\u00f5es desta criatura. Aquelas criaturas n\u00e3o s\u00e3o desviradas durante a pr\u00f3xima etapa de desvirar de seus controladores.", "type": "Criatura \u2014 Leviat\u00e3", "flavor": null, "imageUrl": "http://gatherer.wizards.com/Handlers/Image.ashx?multiverseid=481374&type=card", "language": "Portuguese (Brazil)", "multiverseid": 481374}, {"name": "\u041a\u0440\u043e\u0432\u0430\u0440\u0445\u0438\u043f\u0435\u043b\u0430\u0433", "text": "\u041c\u0443\u0442\u0430\u0446\u0438\u044f {5}{U} (\u0415\u0441\u043b\u0438 \u0432\u044b \u0440\u0430\u0437\u044b\u0433\u0440\u0430\u043b\u0438 \u044d\u0442\u043e \u0437\u0430\u043a\u043b\u0438\u043d\u0430\u043d\u0438\u0435 \u0437\u0430 \u0435\u0433\u043e \u0441\u0442\u043e\u0438\u043c\u043e\u0441\u0442\u044c \u041c\u0443\u0442\u0430\u0446\u0438\u0438, \u043f\u043e\u043b\u043e\u0436\u0438\u0442\u0435 \u0435\u0433\u043e \u0441\u0432\u0435\u0440\u0445\u0443 \u0438\u043b\u0438 \u0441\u043d\u0438\u0437\u0443 \u0446\u0435\u043b\u0435\u0432\u043e\u0433\u043e \u043f\u0440\u0438\u043d\u0430\u0434\u043b\u0435\u0436\u0430\u0449\u0435\u0433\u043e \u0432\u0430\u043c \u0441\u0443\u0449\u0435\u0441\u0442\u0432\u0430, \u043d\u0435 \u044f\u0432\u043b\u044f\u044e\u0449\u0435\u0433\u043e\u0441\u044f \u0427\u0435\u043b\u043e\u0432\u0435\u043a\u043e\u043c. \u041e\u043d\u0438 \u043c\u0443\u0442\u0438\u0440\u0443\u044e\u0442 \u0432 \u0441\u0443\u0449\u0435\u0441\u0442\u0432\u043e \u0441\u0432\u0435\u0440\u0445\u0443, \u043a\u043e\u0442\u043e\u0440\u043e\u043c\u0443 \u0434\u043e\u0431\u0430\u0432\u043b\u044f\u044e\u0442\u0441\u044f \u0432\u0441\u0435 \u0441\u043f\u043e\u0441\u043e\u0431\u043d\u043e\u0441\u0442\u0438 \u0441\u043d\u0438\u0437\u0443.)\n\u041a\u0430\u0436\u0434\u044b\u0439 \u0440\u0430\u0437, \u043a\u043e\u0433\u0434\u0430 \u044d\u0442\u043e \u0441\u0443\u0449\u0435\u0441\u0442\u0432\u043e \u043c\u0443\u0442\u0438\u0440\u0443\u0435\u0442, \u043f\u043e\u0432\u0435\u0440\u043d\u0438\u0442\u0435 \u043d\u0435 \u0431\u043e\u043b\u0435\u0435 X \u0446\u0435\u043b\u0435\u0432\u044b\u0445 \u0441\u0443\u0449\u0435\u0441\u0442\u0432, \u0433\u0434\u0435 \u0425 \u2014 \u0447\u0438\u0441\u043b\u043e \u043c\u0443\u0442\u0430\u0446\u0438\u0439 \u044d\u0442\u043e\u0433\u043e \u0441\u0443\u0449\u0435\u0441\u0442\u0432\u0430. \u0422\u0435 \u0441\u0443\u0449\u0435\u0441\u0442\u0432\u0430 \u043d\u0435 \u0440\u0430\u0437\u0432\u043e\u0440\u0430\u0447\u0438\u0432\u0430\u044e\u0442\u0441\u044f \u0432\u043e \u0432\u0440\u0435\u043c\u044f \u0441\u043b\u0435\u0434\u0443\u044e\u0449\u0435\u0433\u043e \u0448\u0430\u0433\u0430 \u0440\u0430\u0437\u0432\u043e\u0440\u043e\u0442\u0430 \u043a\u043e\u043d\u0442\u0440\u043e\u043b\u0438\u0440\u0443\u044e\u0449\u0435\u0433\u043e \u0438\u0445 \u0438\u0433\u0440\u043e\u043a\u0430.", "type": "\u0421\u0443\u0449\u0435\u0441\u0442\u0432\u043e \u2014 \u041b\u0435\u0432\u0438\u0430\u0444\u0430\u043d", "flavor": null, "imageUrl": "http://gatherer.wizards.com/Handlers/Image.ashx?multiverseid=481633&type=card", "language": "Russian", "multiverseid": 481633}, {"name": "\u5343\u5c9b\u6d77\u602a", "text": "\u5408\u53d8{5}{U}\uff08\u5982\u679c\u4f60\u652f\u4ed8\u6b64\u5492\u8bed\u7684\u5408\u53d8\u8d39\u7528\u6765\u65bd\u653e\u4e4b\uff0c\u5219\u5c06\u5b83\u653e\u7f6e\u5728\u76ee\u6807\u7531\u4f60\u62e5\u6709\u4e4b\u975e\u4eba\u7c7b\u751f\u7269\u7684\u9876\u4e0a\u6216\u5e95\u4e0b\u3002\u5b83\u4eec\u5408\u53d8\u4f5c\u9876\u4e0a\u7684\u751f\u7269\uff0c\u5916\u52a0\u5177\u6709\u5e95\u4e0b\u6240\u6709\u5f02\u80fd\u3002\uff09\n\u6bcf\u5f53\u6b64\u751f\u7269\u5408\u53d8\u65f6\uff0c\u6a2a\u7f6e\u81f3\u591aX\u4e2a\u76ee\u6807\u751f\u7269\uff0cX\u4e3a\u6b64\u751f\u7269\u5df2\u5408\u53d8\u7684\u6b21\u6570\u3002\u8fd9\u4e9b\u751f\u7269\u4e8e\u5176\u64cd\u63a7\u8005\u7684\u4e0b\u4e00\u4e2a\u91cd\u7f6e\u6b65\u9aa4\u4e2d\u4e0d\u80fd\u91cd\u7f6e\u3002", "type": "\u751f\u7269 \uff5e\u6d77\u602a", "flavor": null, "imageUrl": "http://gatherer.wizards.com/Handlers/Image.ashx?multiverseid=481892&type=card", "language": "Chinese Simplified", "multiverseid": 481892}, {"name": "\u5343\u5cf6\u6d77\u602a", "text": "\u5408\u8b8a{5}{U}\uff08\u5982\u679c\u4f60\u652f\u4ed8\u6b64\u5492\u8a9e\u7684\u5408\u8b8a\u8cbb\u7528\u4f86\u65bd\u653e\u4e4b\uff0c\u5247\u5c07\u5b83\u653e\u7f6e\u5728\u76ee\u6a19\u7531\u4f60\u64c1\u6709\u4e4b\u975e\u4eba\u985e\u751f\u7269\u7684\u9802\u4e0a\u6216\u5e95\u4e0b\u3002\u5b83\u5011\u5408\u8b8a\u4f5c\u9802\u4e0a\u7684\u751f\u7269\uff0c\u5916\u52a0\u5177\u6709\u5e95\u4e0b\u6240\u6709\u7570\u80fd\u3002\uff09\n\u6bcf\u7576\u6b64\u751f\u7269\u5408\u8b8a\u6642\uff0c\u6a6b\u7f6e\u81f3\u591aX\u500b\u76ee\u6a19\u751f\u7269\uff0cX\u70ba\u6b64\u751f\u7269\u5df2\u5408\u8b8a\u7684\u6b21\u6578\u3002\u9019\u4e9b\u751f\u7269\u65bc\u5176\u64cd\u63a7\u8005\u7684\u4e0b\u4e00\u500b\u91cd\u7f6e\u6b65\u9a5f\u4e2d\u4e0d\u80fd\u91cd\u7f6e\u3002", "type": "\u751f\u7269 \uff5e\u6d77\u602a", "flavor": null, "imageUrl": "http://gatherer.wizards.com/Handlers/Image.ashx?multiverseid=482151&type=card", "language": "Chinese Traditional", "multiverseid": 482151}], "printings": ["IKO"], "originalText": "Mutate {5}{U} (If you cast this spell for its mutate cost, put it over or under target non-Human creature you own. They mutate into the creature on top plus all abilities from under it.)\nWhenever this creature mutates, tap up to X target creatures, where X is the number of times this creature has mutated. Those creatures don't untap during their controller's next untap step.", "originalType": "Creature \u2014 Leviathan", "legalities": [{"format": "Brawl", "legality": "Legal"}, {"format": "Commander", "legality": "Legal"}, {"format": "Duel", "legality": "Legal"}, {"format": "Future", "legality": "Legal"}, {"format": "Gladiator", "legality": "Legal"}, {"format": "Historic", "legality": "Legal"}, {"format": "Legacy", "legality": "Legal"}, {"format": "Modern", "legality": "Legal"}, {"format": "Penny", "legality": "Legal"}, {"format": "Pioneer", "legality": "Legal"}, {"format": "Standard", "legality": "Legal"}, {"format": "Vintage", "legality": "Legal"}], "id": "65d4b44a-86e8-54be-8880-73b29c653834"}