{"name": "Atris, Oracle of Half-Truths", "manaCost": "{2}{U}{B}", "cmc": 4.0, "colors": ["Black", "Blue"], "colorIdentity": ["B", "U"], "type": "Legendary Creature \u2014 Human Advisor", "supertypes": ["Legendary"], "types": ["Creature"], "subtypes": ["Human", "Advisor"], "rarity": "Rare", "set": "PTHB", "setName": "Theros Beyond Death Promos", "text": "Menace\nWhen Atris, Oracle of Half-Truths enters the battlefield, target opponent looks at the top three cards of your library and separates them into a face-down pile and a face-up pile. Put one pile into your hand and the other into your graveyard.", "artist": "Bastien L. Deharme", "number": "209p", "power": "3", "toughness": "2", "layout": "normal", "variations": ["288f2173-779f-509f-aa58-1e170980ba9f"], "rulings": [{"date": "2020-01-24", "text": "You choose just one target opponent to look at the top three cards of your library and put them into piles. Other players can\u2019t look, but they may attempt to offer advice without knowing what cards are there. The player who looks may also tell other players truths about those cards, or half-truths, or outright lies."}, {"date": "2020-01-24", "text": "You don\u2019t have to reveal the cards in the face-down pile if you put it into your hand."}, {"date": "2020-01-24", "text": "The opponent may split the cards into one pile of three and one pile of zero. The pile of three cards could be the face-up pile or the face-down pile. Sometimes your opponents seem very friendly, but keep in mind which god Atris serves."}], "printings": ["PTHB", "THB"], "legalities": [{"format": "Brawl", "legality": "Legal"}, {"format": "Commander", "legality": "Legal"}, {"format": "Duel", "legality": "Legal"}, {"format": "Future", "legality": "Legal"}, {"format": "Gladiator", "legality": "Legal"}, {"format": "Historic", "legality": "Legal"}, {"format": "Legacy", "legality": "Legal"}, {"format": "Modern", "legality": "Legal"}, {"format": "Pioneer", "legality": "Legal"}, {"format": "Standard", "legality": "Legal"}, {"format": "Vintage", "legality": "Legal"}], "id": "846c1acb-e2a4-51e5-b656-3e86267e83e4"}