{"name": "Boot Nipper", "manaCost": "{1}{B}", "cmc": 2.0, "colors": ["Black"], "colorIdentity": ["B"], "type": "Creature \u2014 Beast", "types": ["Creature"], "subtypes": ["Beast"], "rarity": "Common", "set": "IKO", "setName": "Ikoria: Lair of Behemoths", "text": "Boot Nipper enters the battlefield with your choice of a deathtouch counter or a lifelink counter on it.", "flavor": "\"I have a number of hyper-specific phobias and this somehow hits all of them.\"\n\u2014Aaru, Zagoth lumberjack", "artist": "Nicholas Gregory", "number": "76", "power": "2", "toughness": "1", "layout": "normal", "multiverseid": "479596", "imageUrl": "http://gatherer.wizards.com/Handlers/Image.ashx?multiverseid=479596&type=card", "foreignNames": [{"name": "Fersenbei\u00dfer", "text": "Der Fersenbei\u00dfer kommt mit einer Todesber\u00fchrung- oder einer Lebensverkn\u00fcpfung-Marke ins Spiel (du entscheidest).", "type": "Kreatur \u2014 Bestie", "flavor": "\u201eIch habe einige hyperspezifische Phobien und das l\u00f6st sie irgendwie alle aus.\"\n\u2014Aaru, Zagoth-Holzf\u00e4ller", "imageUrl": "http://gatherer.wizards.com/Handlers/Image.ashx?multiverseid=479855&type=card", "language": "German", "multiverseid": 479855}, {"name": "Muerdebotas", "text": "El Muerdebotas entra al campo de batalla con lo que elijas sobre \u00e9l: un contador de toque mortal o un contador de v\u00ednculo vital.", "type": "Criatura \u2014 Bestia", "flavor": "\"Tengo varias fobias de lo m\u00e1s espec\u00edficas, y de alg\u00fan modo esto las incluye a todas\".\n\u2014Aaru, le\u00f1ador de Zagoth", "imageUrl": "http://gatherer.wizards.com/Handlers/Image.ashx?multiverseid=480114&type=card", "language": "Spanish", "multiverseid": 480114}, {"name": "Pince-bottes", "text": "Le Pince-bottes arrive sur le champ de bataille avec, selon votre choix, un marqueur \u00ab contact mortel \u00bb ou un marqueur \u00ab lien de vie \u00bb sur lui.", "type": "Cr\u00e9ature : b\u00eate", "flavor": "\u00ab J'ai plusieurs phobies tr\u00e8s sp\u00e9cifiques, et bizarrement, cette cr\u00e9ature les d\u00e9clenche toutes \u00e0 la fois. \u00bb\n\u2014Aaru, b\u00fbcheron de Zagoth", "imageUrl": "http://gatherer.wizards.com/Handlers/Image.ashx?multiverseid=480373&type=card", "language": "French", "multiverseid": 480373}, {"name": "Mordistivali", "text": "Il Mordistivali entra nel campo di battaglia con un segnalino tocco letale o un segnalino legame vitale a tua scelta.", "type": "Creatura \u2014 Bestia", "flavor": "\"Ho una serie di fobie estremamente specifiche e in qualche modo questo le include tutte.\"\n\u2014Aaru, boscaiolo di Zagoth", "imageUrl": "http://gatherer.wizards.com/Handlers/Image.ashx?multiverseid=480632&type=card", "language": "Italian", "multiverseid": 480632}, {"name": "\u9774\u304b\u3058\u308a", "text": "\u9774\u304b\u3058\u308a\u306f\u3001\u63a5\u6b7b\u30ab\u30a6\u30f3\u30bf\u30fc\uff11\u500b\u304b\u7d46\u9b42\u30ab\u30a6\u30f3\u30bf\u30fc\uff11\u500b\u306e\u3046\u3061\u3042\u306a\u305f\u304c\u9078\u3093\u3060\uff11\u3064\u304c\u7f6e\u304b\u308c\u305f\u72b6\u614b\u3067\u6226\u5834\u306b\u51fa\u308b\u3002", "type": "\u30af\u30ea\u30fc\u30c1\u30e3\u30fc \u2014 \u30d3\u30fc\u30b9\u30c8", "flavor": "\u300c\u4ffa\u306b\u306f\u3001\u304b\u306a\u308a\u5177\u4f53\u7684\u306a\u6050\u6016\u75c7\u304c\u3044\u304f\u3064\u304b\u3042\u308b\u3093\u3060\u3051\u3069\u3001\u3069\u3046\u3044\u3046\u308f\u3051\u304b\u3053\u3044\u3064\u306f\u305d\u306e\u5168\u90e8\u306b\u5f53\u3066\u306f\u307e\u308b\u3088\u3002\u300d\n\u2015\u2015\u30bc\u30a4\u30b4\u30b9\u306e\u6728\u3053\u308a\u3001\u30a2\u30a2\u30eb", "imageUrl": "http://gatherer.wizards.com/Handlers/Image.ashx?multiverseid=480891&type=card", "language": "Japanese", "multiverseid": 480891}, {"name": "\uc2e0\ubc1c\uc744 \ubb3c\uc5b4\ub72f\ub294 \uc790", "text": "\uc2e0\ubc1c\uc744 \ubb3c\uc5b4\ub72f\ub294 \uc790\ub294 \uce58\uba85\ud0c0 \uce74\uc6b4\ud130 \ub610\ub294 \uc0dd\uba85\uc5f0\uacb0 \uce74\uc6b4\ud130 \uc911 \ub2f9\uc2e0\uc774 \uc120\ud0dd\ud55c \uce74\uc6b4\ud130\ub97c \uac00\uc9c0\uace0 \uc804\uc7a5\uc5d0 \ub4e4\uc5b4\uc628\ub2e4.", "type": "\uc0dd\ubb3c \u2014 \uc57c\uc218", "flavor": "\"\ub09c \uc5c4\uccad\ub098\uac8c \uc0c1\uc138\ud55c \uacf5\ud3ec\uc99d\ub4e4\uc744 \uc5ec\ub7ec \uac1c \uac00\uc9c0\uace0 \uc788\ub294\ub370, \uc774 \ub140\uc11d\uc740 \uc5b4\uc9f8\uc11c\uc778\uc9c0 \uac70\uae30\uc5d0 \ubaa8\ub450 \ud574\ub2f9\ub3fc.\"\n\u2014\uc790\uace0\uc2a4 \ubc8c\ubaa9\uafbc, \uc544\ub8e8", "imageUrl": "http://gatherer.wizards.com/Handlers/Image.ashx?multiverseid=481150&type=card", "language": "Korean", "multiverseid": 481150}, {"name": "Belisca-botas", "text": "Belisca-botas entra no campo de batalha com um marcador de toque mort\u00edfero ou um marcador de v\u00ednculo com a vida, \u00e0 sua escolha.", "type": "Criatura \u2014 Besta", "flavor": "\"Eu tenho v\u00e1rias fobias superespec\u00edficas, e de alguma forma essa coisa provoca todas elas.\"\n\u2014 Aaru, lenhador de Zagoth", "imageUrl": "http://gatherer.wizards.com/Handlers/Image.ashx?multiverseid=481409&type=card", "language": "Portuguese (Brazil)", "multiverseid": 481409}, {"name": "\u0421\u0430\u043f\u043e\u0436\u043d\u044b\u0439 \u041a\u0443\u0441\u0430\u043a\u0430", "text": "\u0421\u0430\u043f\u043e\u0436\u043d\u044b\u0439 \u041a\u0443\u0441\u0430\u043a\u0430 \u0432\u044b\u0445\u043e\u0434\u0438\u0442 \u043d\u0430 \u043f\u043e\u043b\u0435 \u0431\u0438\u0442\u0432\u044b \u0441 \u043e\u0434\u043d\u0438\u043c \u0436\u0435\u0442\u043e\u043d\u043e\u043c \u0421\u043c\u0435\u0440\u0442\u0435\u043b\u044c\u043d\u043e\u0433\u043e \u043a\u0430\u0441\u0430\u043d\u0438\u044f \u0438\u043b\u0438 \u043e\u0434\u043d\u0438\u043c \u0436\u0435\u0442\u043e\u043d\u043e\u043c \u0426\u0435\u043f\u0438 \u0436\u0438\u0437\u043d\u0438 \u043d\u0430 \u043d\u0435\u043c \u043f\u043e \u0432\u0430\u0448\u0435\u043c\u0443 \u0432\u044b\u0431\u043e\u0440\u0443.", "type": "\u0421\u0443\u0449\u0435\u0441\u0442\u0432\u043e \u2014 \u0417\u0432\u0435\u0440\u044c", "flavor": "\u00ab\u0423 \u043c\u0435\u043d\u044f \u0435\u0441\u0442\u044c \u043d\u0435\u0441\u043a\u043e\u043b\u044c\u043a\u043e \u043e\u0447\u0435\u043d\u044c \u0441\u043f\u0435\u0446\u0438\u0444\u0438\u0447\u0435\u0441\u043a\u0438\u0445 \u0444\u043e\u0431\u0438\u0439, \u0438 \u0432 \u043d\u0435\u043c \u043a\u0430\u043a\u0438\u043c-\u0442\u043e \u043e\u0431\u0440\u0430\u0437\u043e\u043c \u0432\u043e\u043f\u043b\u043e\u0442\u0438\u043b\u0438\u0441\u044c \u043e\u043d\u0438 \u0432\u0441\u0435\u00bb.\n\u2014 \u0410\u0430\u0440\u0443, \u0437\u0430\u0433\u043e\u0442\u0441\u043a\u0438\u0439 \u0434\u0440\u043e\u0432\u043e\u0441\u0435\u043a", "imageUrl": "http://gatherer.wizards.com/Handlers/Image.ashx?multiverseid=481668&type=card", "language": "Russian", "multiverseid": 481668}, {"name": "\u556e\u9774\u517d", "text": "\u556e\u9774\u517d\u8fdb\u6218\u573a\u65f6\u4e0a\u9762\u4f9d\u4f60\u7684\u9009\u62e9\u6709\u4e00\u4e2a\u6b7b\u89e6\u6307\u793a\u7269\u6216\u4e00\u4e2a\u7cfb\u547d\u6307\u793a\u7269\u3002", "type": "\u751f\u7269 \uff5e\u91ce\u517d", "flavor": "\u300c\u6211\u6709\u4e00\u4e9b\u5728\u975e\u5e38\u7279\u5b9a\u7684\u60c5\u51b5\u4e0b\u624d\u4f1a\u53d1\u4f5c\u7684\u6050\u60e7\u75c7\uff0c\u800c\u8fd9\u4e1c\u897f\u7adf\u80fd\u5f15\u81f4\u5b83\u4eec\u5168\u90fd\u53d1\u4f5c\u3002\u300d\n\uff5e\u672d\u82df\u65af\u6a35\u592b\u4e9a\u9c81", "imageUrl": "http://gatherer.wizards.com/Handlers/Image.ashx?multiverseid=481927&type=card", "language": "Chinese Simplified", "multiverseid": 481927}, {"name": "\u5699\u9774\u7378", "text": "\u5699\u9774\u7378\u9032\u6230\u5834\u6642\u4e0a\u9762\u4f9d\u4f60\u7684\u9078\u64c7\u6709\u4e00\u500b\u6b7b\u89f8\u6307\u793a\u7269\u6216\u4e00\u500b\u7e6b\u547d\u6307\u793a\u7269\u3002", "type": "\u751f\u7269 \uff5e\u91ce\u7378", "flavor": "\u300c\u6211\u6709\u4e00\u4e9b\u5728\u975e\u5e38\u7279\u5b9a\u7684\u60c5\u6cc1\u4e0b\u624d\u6703\u767c\u4f5c\u7684\u6050\u61fc\u75c7\uff0c\u800c\u9019\u6771\u897f\u7adf\u80fd\u5f15\u81f4\u5b83\u5011\u5168\u90fd\u767c\u4f5c\u3002\u300d\n\uff5e\u672d\u82df\u65af\u6a35\u592b\u4e9e\u9b6f", "imageUrl": "http://gatherer.wizards.com/Handlers/Image.ashx?multiverseid=482186&type=card", "language": "Chinese Traditional", "multiverseid": 482186}], "printings": ["IKO"], "originalText": "Boot Nipper enters the battlefield with your choice of a deathtouch counter or a lifelink counter on it.", "originalType": "Creature \u2014 Beast", "legalities": [{"format": "Brawl", "legality": "Legal"}, {"format": "Commander", "legality": "Legal"}, {"format": "Duel", "legality": "Legal"}, {"format": "Future", "legality": "Legal"}, {"format": "Gladiator", "legality": "Legal"}, {"format": "Historic", "legality": "Legal"}, {"format": "Legacy", "legality": "Legal"}, {"format": "Modern", "legality": "Legal"}, {"format": "Pauper", "legality": "Legal"}, {"format": "Penny", "legality": "Legal"}, {"format": "Pioneer", "legality": "Legal"}, {"format": "Standard", "legality": "Legal"}, {"format": "Vintage", "legality": "Legal"}], "id": "b63ba2bd-dbfd-59f6-82b4-bb7c83428bcc"}