{"name": "Carnage Tyrant", "manaCost": "{4}{G}{G}", "cmc": 6.0, "colors": ["Green"], "colorIdentity": ["G"], "type": "Creature \u2014 Dinosaur", "types": ["Creature"], "subtypes": ["Dinosaur"], "rarity": "Mythic", "set": "PXLN", "setName": "Ixalan Promos", "text": "This spell can't be countered.\nTrample, hexproof", "flavor": "Sun Empire commanders are well versed in advanced martial strategy. Still, the correct maneuver is usually to deploy the giant, implacable death lizard.", "artist": "Yeong-Hao Han", "number": "179p", "power": "7", "toughness": "6", "layout": "normal", "variations": ["b1ec87df-c90d-563d-8eb3-1097047580ad"], "printings": ["PXLN", "XLN"], "legalities": [{"format": "Commander", "legality": "Legal"}, {"format": "Duel", "legality": "Legal"}, {"format": "Gladiator", "legality": "Legal"}, {"format": "Historic", "legality": "Legal"}, {"format": "Legacy", "legality": "Legal"}, {"format": "Modern", "legality": "Legal"}, {"format": "Pioneer", "legality": "Legal"}, {"format": "Vintage", "legality": "Legal"}], "id": "9c212cc0-62e3-5b31-be5b-c23bca2a7c16"}