{"name": "Chittering Harvester", "manaCost": "{5}{B}", "cmc": 6.0, "colors": ["Black"], "colorIdentity": ["B"], "type": "Creature \u2014 Nightmare", "types": ["Creature"], "subtypes": ["Nightmare"], "rarity": "Uncommon", "set": "IKO", "setName": "Ikoria: Lair of Behemoths", "text": "Mutate {4}{B} (If you cast this spell for its mutate cost, put it over or under target non-Human creature you own. They mutate into the creature on top plus all abilities from under it.)\nWhenever this creature mutates, each opponent sacrifices a creature.", "artist": "Grzegorz Rutkowski", "number": "80", "power": "4", "toughness": "6", "layout": "normal", "multiverseid": "479600", "imageUrl": "http://gatherer.wizards.com/Handlers/Image.ashx?multiverseid=479600&type=card", "variations": ["128a058f-36f4-5c48-bb54-4bd107913482"], "rulings": [{"date": "2020-04-17", "text": "As the triggered ability resolves, first the next opponent in turn order (or, if it\u2019s an opponent\u2019s turn, the opponent whose turn it is) chooses a creature they control, then each other opponent in turn order does the same, knowing the choices made before them. Then all the chosen creatures are sacrificed at the same time."}], "foreignNames": [{"name": "Fauchender Schnitter", "text": "Mutation {4}{B} (Falls du diesen Zauberspruch f\u00fcr seine Mutationskosten wirkst, lege ihn auf oder unter eine Nicht-Mensch-Kreatur deiner Wahl, die du besitzt. Sie mutieren zur oben liegenden Kreatur, die zus\u00e4tzlich alle F\u00e4higkeiten der darunter liegenden hat.)\nImmer wenn diese Kreatur mutiert, opfert jeder Gegner eine Kreatur.", "type": "Kreatur \u2014 Nachtmahr", "flavor": null, "imageUrl": "http://gatherer.wizards.com/Handlers/Image.ashx?multiverseid=479859&type=card", "language": "German", "multiverseid": 479859}, {"name": "Cosechadora gorjeante", "text": "Mutaci\u00f3n {4}{B}. (Si lanzas este hechizo pagando su coste de mutaci\u00f3n, ponlo sobre o bajo la criatura objetivo que no sea Humano de la cual eres propietario. Estas mutan en la criatura de la parte superior m\u00e1s todas las habilidades de debajo.)\nSiempre que esta criatura mute, cada oponente sacrifica una criatura.", "type": "Criatura \u2014 Pesadilla", "flavor": null, "imageUrl": "http://gatherer.wizards.com/Handlers/Image.ashx?multiverseid=480118&type=card", "language": "Spanish", "multiverseid": 480118}, {"name": "Moissonneur bruyant", "text": "Mutation {4}{B} (Si vous lancez ce sort pour son co\u00fbt de mutation, mettez-le au-dessus ou au-dessous d'une cr\u00e9ature non-Humain cibl\u00e9e que vous poss\u00e9dez. La cr\u00e9ature mutante est la cr\u00e9ature du dessus, avec toutes les capacit\u00e9s des cartes au-dessous.)\n\u00c0 chaque fois que cette cr\u00e9ature subit une mutation, chaque adversaire sacrifie une cr\u00e9ature.", "type": "Cr\u00e9ature : cauchemar", "flavor": null, "imageUrl": "http://gatherer.wizards.com/Handlers/Image.ashx?multiverseid=480377&type=card", "language": "French", "multiverseid": 480377}, {"name": "Mietitore Squittente", "text": "Mutazione {4}{B} (Se lanci questa magia per il suo costo di mutazione, mettila sopra o sotto una creatura non Umano bersaglio che possiedi. Muta nella creatura sopra, con anche le abilit\u00e0 di quelle sotto.)\nOgniqualvolta questa creatura muta, ogni avversario sacrifica una creatura.", "type": "Creatura \u2014 Incubo", "flavor": null, "imageUrl": "http://gatherer.wizards.com/Handlers/Image.ashx?multiverseid=480636&type=card", "language": "Italian", "multiverseid": 480636}, {"name": "\u9a12\u304c\u3057\u3044\u53ce\u7a6b\u8005", "text": "\u5909\u5bb9{4}{B}\uff08\u3042\u306a\u305f\u304c\u3053\u306e\u546a\u6587\u3092\u3053\u308c\u306e\u5909\u5bb9\u30b3\u30b9\u30c8\u3067\u5531\u3048\u308b\u306a\u3089\u3001\u3042\u306a\u305f\u304c\u30aa\u30fc\u30ca\u30fc\u3067\u3042\u308a\u4eba\u9593\u3067\u306a\u3044\u30af\u30ea\u30fc\u30c1\u30e3\u30fc\uff11\u4f53\u3092\u5bfe\u8c61\u3068\u3057\u3001\u3053\u308c\u3092\u305d\u308c\u306e\u4e0a\u304b\u4e0b\u306b\u7f6e\u304f\u3002\u3053\u308c\u3089\u306f\u3001\u4e00\u756a\u4e0a\u306e\u30af\u30ea\u30fc\u30c1\u30e3\u30fc\u306b\u3001\u305d\u306e\u4e0b\u306b\u3042\u308b\u80fd\u529b\u3059\u3079\u3066\u3092\u52a0\u3048\u305f\u3082\u306e\u306b\u5909\u5bb9\u3059\u308b\u3002\uff09\n\u3053\u306e\u30af\u30ea\u30fc\u30c1\u30e3\u30fc\u304c\u5909\u5bb9\u3059\u308b\u305f\u3073\u3001\u5404\u5bfe\u6226\u76f8\u624b\u306f\u305d\u308c\u305e\u308c\u30af\u30ea\u30fc\u30c1\u30e3\u30fc\uff11\u4f53\u3092\u751f\u3051\u8d04\u306b\u6367\u3052\u308b\u3002", "type": "\u30af\u30ea\u30fc\u30c1\u30e3\u30fc \u2014 \u30ca\u30a4\u30c8\u30e1\u30a2", "flavor": null, "imageUrl": "http://gatherer.wizards.com/Handlers/Image.ashx?multiverseid=480895&type=card", "language": "Japanese", "multiverseid": 480895}, {"name": "\ucc0d\ucc0d\ub300\ub294 \uc218\ud655\uc790", "text": "\ub3cc\uc5f0\ubcc0\uc774\ud654 {4}{B} (\ub2f9\uc2e0\uc774 \ub3cc\uc5f0\ubcc0\uc774\ud654 \ube44\uc6a9\uc744 \uc9c0\ubd88\ud574 \uc774 \uc8fc\ubb38\uc744 \ubc1c\ub3d9\ud55c\ub2e4\uba74, \ub2f9\uc2e0\uc774 \uc18c\uc720\ud55c \uc778\uac04\uc774 \uc544\ub2cc \uc0dd\ubb3c\uc744 \ubaa9\ud45c\ub85c \uc815\ud55c\ub2e4. \uc774 \uce74\ub4dc\ub97c \uadf8 \uc0dd\ubb3c\uc758 \uc704 \ub610\ub294 \uc544\ub798\uc5d0 \ub193\ub294\ub2e4. \uadf8 \uc0dd\ubb3c\uc740 \ub9e8 \uc704\uc5d0 \uc788\ub294 \uc0dd\ubb3c\uc774 \uadf8 \uc544\ub798\uc5d0 \ub193\uc778 \uce74\ub4dc\ub4e4\uc758 \ubaa8\ub4e0 \ub2a5\ub825\uc744 \uac00\uc9c4 \uc0dd\ubb3c\ub85c \ub3cc\uc5f0\ubcc0\uc774\ud654\ud55c\ub2e4.)\n\uc774 \uc0dd\ubb3c\uc774 \ub3cc\uc5f0\ubcc0\uc774\ud654\ud560 \ub54c\ub9c8\ub2e4, \uac01 \uc0c1\ub300\ub294 \uc0dd\ubb3c \ud55c \uac1c\ub97c \ud76c\uc0dd\ud55c\ub2e4.", "type": "\uc0dd\ubb3c \u2014 \ub098\uc774\ud2b8\uba54\uc5b4", "flavor": null, "imageUrl": "http://gatherer.wizards.com/Handlers/Image.ashx?multiverseid=481154&type=card", "language": "Korean", "multiverseid": 481154}, {"name": "Ceifador Chiador", "text": "Muta\u00e7\u00e3o {4}{B} (Se voc\u00ea conjurar esta m\u00e1gica pelo custo de muta\u00e7\u00e3o, coloque-a sobre ou sob a criatura alvo que voc\u00ea possui que n\u00e3o seja um Humano. Elas sofrem uma muta\u00e7\u00e3o que resulta na criatura de cima com todas as habilidades das criaturas de baixo.)\nToda vez que esta criatura sofre muta\u00e7\u00e3o, cada oponente sacrifica uma criatura.", "type": "Criatura \u2014 Pesadelo", "flavor": null, "imageUrl": "http://gatherer.wizards.com/Handlers/Image.ashx?multiverseid=481413&type=card", "language": "Portuguese (Brazil)", "multiverseid": 481413}, {"name": "\u0412\u0435\u0440\u0435\u0449\u0430\u0449\u0438\u0439 \u0421\u0431\u043e\u0440\u0449\u0438\u043a", "text": "\u041c\u0443\u0442\u0430\u0446\u0438\u044f {4}{B} (\u0415\u0441\u043b\u0438 \u0432\u044b \u0440\u0430\u0437\u044b\u0433\u0440\u0430\u043b\u0438 \u044d\u0442\u043e \u0437\u0430\u043a\u043b\u0438\u043d\u0430\u043d\u0438\u0435 \u0437\u0430 \u0435\u0433\u043e \u0441\u0442\u043e\u0438\u043c\u043e\u0441\u0442\u044c \u041c\u0443\u0442\u0430\u0446\u0438\u0438, \u043f\u043e\u043b\u043e\u0436\u0438\u0442\u0435 \u0435\u0433\u043e \u0441\u0432\u0435\u0440\u0445\u0443 \u0438\u043b\u0438 \u0441\u043d\u0438\u0437\u0443 \u0446\u0435\u043b\u0435\u0432\u043e\u0433\u043e \u043f\u0440\u0438\u043d\u0430\u0434\u043b\u0435\u0436\u0430\u0449\u0435\u0433\u043e \u0432\u0430\u043c \u0441\u0443\u0449\u0435\u0441\u0442\u0432\u0430, \u043d\u0435 \u044f\u0432\u043b\u044f\u044e\u0449\u0435\u0433\u043e\u0441\u044f \u0427\u0435\u043b\u043e\u0432\u0435\u043a\u043e\u043c. \u041e\u043d\u0438 \u043c\u0443\u0442\u0438\u0440\u0443\u044e\u0442 \u0432 \u0441\u0443\u0449\u0435\u0441\u0442\u0432\u043e \u0441\u0432\u0435\u0440\u0445\u0443, \u043a\u043e\u0442\u043e\u0440\u043e\u043c\u0443 \u0434\u043e\u0431\u0430\u0432\u043b\u044f\u044e\u0442\u0441\u044f \u0432\u0441\u0435 \u0441\u043f\u043e\u0441\u043e\u0431\u043d\u043e\u0441\u0442\u0438 \u0441\u043d\u0438\u0437\u0443.)\n\u041a\u0430\u0436\u0434\u044b\u0439 \u0440\u0430\u0437, \u043a\u043e\u0433\u0434\u0430 \u044d\u0442\u043e \u0441\u0443\u0449\u0435\u0441\u0442\u0432\u043e \u043c\u0443\u0442\u0438\u0440\u0443\u0435\u0442, \u043a\u0430\u0436\u0434\u044b\u0439 \u043e\u043f\u043f\u043e\u043d\u0435\u043d\u0442 \u0436\u0435\u0440\u0442\u0432\u0443\u0435\u0442 \u0441\u0443\u0449\u0435\u0441\u0442\u0432\u043e.", "type": "\u0421\u0443\u0449\u0435\u0441\u0442\u0432\u043e \u2014 \u041a\u043e\u0448\u043c\u0430\u0440", "flavor": null, "imageUrl": "http://gatherer.wizards.com/Handlers/Image.ashx?multiverseid=481672&type=card", "language": "Russian", "multiverseid": 481672}, {"name": "\u5431\u54cd\u7d22\u547d\u5996", "text": "\u5408\u53d8{4}{B}\uff08\u5982\u679c\u4f60\u652f\u4ed8\u6b64\u5492\u8bed\u7684\u5408\u53d8\u8d39\u7528\u6765\u65bd\u653e\u4e4b\uff0c\u5219\u5c06\u5b83\u653e\u7f6e\u5728\u76ee\u6807\u7531\u4f60\u62e5\u6709\u4e4b\u975e\u4eba\u7c7b\u751f\u7269\u7684\u9876\u4e0a\u6216\u5e95\u4e0b\u3002\u5b83\u4eec\u5408\u53d8\u4f5c\u9876\u4e0a\u7684\u751f\u7269\uff0c\u5916\u52a0\u5177\u6709\u5e95\u4e0b\u6240\u6709\u5f02\u80fd\u3002\uff09\n\u6bcf\u5f53\u6b64\u751f\u7269\u5408\u53d8\u65f6\uff0c\u6bcf\u4f4d\u5bf9\u624b\u5404\u727a\u7272\u4e00\u4e2a\u751f\u7269\u3002", "type": "\u751f\u7269 \uff5e\u68a6\u9b47", "flavor": null, "imageUrl": "http://gatherer.wizards.com/Handlers/Image.ashx?multiverseid=481931&type=card", "language": "Chinese Simplified", "multiverseid": 481931}, {"name": "\u5431\u97ff\u7d22\u547d\u5996", "text": "\u5408\u8b8a{4}{B}\uff08\u5982\u679c\u4f60\u652f\u4ed8\u6b64\u5492\u8a9e\u7684\u5408\u8b8a\u8cbb\u7528\u4f86\u65bd\u653e\u4e4b\uff0c\u5247\u5c07\u5b83\u653e\u7f6e\u5728\u76ee\u6a19\u7531\u4f60\u64c1\u6709\u4e4b\u975e\u4eba\u985e\u751f\u7269\u7684\u9802\u4e0a\u6216\u5e95\u4e0b\u3002\u5b83\u5011\u5408\u8b8a\u4f5c\u9802\u4e0a\u7684\u751f\u7269\uff0c\u5916\u52a0\u5177\u6709\u5e95\u4e0b\u6240\u6709\u7570\u80fd\u3002\uff09\n\u6bcf\u7576\u6b64\u751f\u7269\u5408\u8b8a\u6642\uff0c\u6bcf\u4f4d\u5c0d\u624b\u5404\u72a7\u7272\u4e00\u500b\u751f\u7269\u3002", "type": "\u751f\u7269 \uff5e\u5922\u9b58", "flavor": null, "imageUrl": "http://gatherer.wizards.com/Handlers/Image.ashx?multiverseid=482190&type=card", "language": "Chinese Traditional", "multiverseid": 482190}], "printings": ["IKO"], "originalText": "Mutate {4}{B} (If you cast this spell for its mutate cost, put it over or under target non-Human creature you own. They mutate into the creature on top plus all abilities from under it.)\nWhenever this creature mutates, each opponent sacrifices a creature.", "originalType": "Creature \u2014 Nightmare", "legalities": [{"format": "Brawl", "legality": "Legal"}, {"format": "Commander", "legality": "Legal"}, {"format": "Duel", "legality": "Legal"}, {"format": "Future", "legality": "Legal"}, {"format": "Gladiator", "legality": "Legal"}, {"format": "Historic", "legality": "Legal"}, {"format": "Legacy", "legality": "Legal"}, {"format": "Modern", "legality": "Legal"}, {"format": "Penny", "legality": "Legal"}, {"format": "Pioneer", "legality": "Legal"}, {"format": "Standard", "legality": "Legal"}, {"format": "Vintage", "legality": "Legal"}], "id": "5437928c-138e-539c-a46b-63efffb6db7b"}