{"name": "Colossal Majesty", "manaCost": "{2}{G}", "cmc": 3.0, "colors": ["Green"], "colorIdentity": ["G"], "type": "Enchantment", "types": ["Enchantment"], "rarity": "Uncommon", "set": "ANB", "setName": "Arena Beginner Set", "text": "At the beginning of your upkeep, if you control a creature with power 4 or greater, draw a card.", "artist": "Randy Vargas", "number": "92", "layout": "normal", "rulings": [{"date": "2018-07-13", "text": "If you don\u2019t control a creature with power 4 or greater as your upkeep begins, Colossal Majesty\u2019s ability won\u2019t trigger. You can\u2019t take any actions during your turn before your upkeep begins."}, {"date": "2018-07-13", "text": "If you don\u2019t control a creature with power 4 or greater as Colossal Majesty\u2019s ability resolves, you won\u2019t draw a card."}, {"date": "2018-07-13", "text": "The creature with power 4 or greater that you control as Colossal Majesty\u2019s ability resolves doesn\u2019t have to be the same creature with power 4 or greater that was under your control as the ability triggered."}, {"date": "2018-07-13", "text": "You draw only one card, no matter how many creatures with power 4 or greater you control."}], "printings": ["ANB", "C19", "M19"], "legalities": [{"format": "Commander", "legality": "Legal"}, {"format": "Duel", "legality": "Legal"}, {"format": "Gladiator", "legality": "Legal"}, {"format": "Historic", "legality": "Legal"}, {"format": "Legacy", "legality": "Legal"}, {"format": "Modern", "legality": "Legal"}, {"format": "Pioneer", "legality": "Legal"}, {"format": "Vintage", "legality": "Legal"}], "id": "e69f515c-81c7-54ee-b048-69030816e408"}