{"name": "Dismal Backwater", "cmc": 0.0, "colorIdentity": ["B", "U"], "type": "Land", "types": ["Land"], "rarity": "Common", "set": "C16", "setName": "Commander 2016", "text": "Dismal Backwater enters the battlefield tapped.\nWhen Dismal Backwater enters the battlefield, you gain 1 life.\n{T}: Add {U} or {B}.", "artist": "Sam Burley", "number": "291", "layout": "normal", "multiverseid": "420908", "imageUrl": "http://gatherer.wizards.com/Handlers/Image.ashx?multiverseid=420908&type=card", "foreignNames": [{"name": "Tristes Gew\u00e4sser", "text": "Das Triste Gew\u00e4sser kommt getappt ins Spiel.\nWenn das Triste Gew\u00e4sser ins Spiel kommt, erh\u00e4ltst du 1 Lebenspunkt dazu.\n{T}: Erh\u00f6he deinen Manavorrat um {U} oder {B}.", "type": "Land", "flavor": null, "imageUrl": "http://gatherer.wizards.com/Handlers/Image.ashx?multiverseid=421610&type=card", "language": "German", "multiverseid": 421610}, {"name": "Laguna l\u00fagubre", "text": "La Laguna l\u00fagubre entra al campo de batalla girada.\nCuando la Laguna l\u00fagubre entre al campo de batalla, ganas 1 vida.\n{T}: Agrega {U} o {B} a tu reserva de man\u00e1.", "type": "Tierra", "flavor": null, "imageUrl": "http://gatherer.wizards.com/Handlers/Image.ashx?multiverseid=423365&type=card", "language": "Spanish", "multiverseid": 423365}, {"name": "Marigot lugubre", "text": "Le Marigot lugubre arrive sur le champ de bataille engag\u00e9.\nQuand le Marigot lugubre arrive sur le champ de bataille, vous gagnez 1 point de vie.\n{T} : Ajoutez {U} ou {B} \u00e0 votre r\u00e9serve.", "type": "Terrain", "flavor": null, "imageUrl": "http://gatherer.wizards.com/Handlers/Image.ashx?multiverseid=421961&type=card", "language": "French", "multiverseid": 421961}, {"name": "Acquitrino Tetro", "text": "L'Acquitrino Tetro entra nel campo di battaglia TAPpato.\nQuando l'Acquitrino Tetro entra nel campo di battaglia, guadagni 1 punto vita.\n{T}: Aggiungi {U} o {B} alla tua riserva di mana.", "type": "Terra", "flavor": null, "imageUrl": "http://gatherer.wizards.com/Handlers/Image.ashx?multiverseid=422312&type=card", "language": "Italian", "multiverseid": 422312}, {"name": "\u9670\u9b31\u306a\u50fb\u5730", "text": "\u9670\u9b31\u306a\u50fb\u5730\u306f\u30bf\u30c3\u30d7\u72b6\u614b\u3067\u6226\u5834\u306b\u51fa\u308b\u3002\n\u9670\u9b31\u306a\u50fb\u5730\u304c\u6226\u5834\u306b\u51fa\u305f\u3068\u304d\u3001\u3042\u306a\u305f\u306f\uff11\u70b9\u306e\u30e9\u30a4\u30d5\u3092\u5f97\u308b\u3002\n{T}\uff1a\u3042\u306a\u305f\u306e\u30de\u30ca\u30fb\u30d7\u30fc\u30eb\u306b{U}\u304b{B}\u3092\u52a0\u3048\u308b\u3002", "type": "\u571f\u5730", "flavor": null, "imageUrl": "http://gatherer.wizards.com/Handlers/Image.ashx?multiverseid=422663&type=card", "language": "Japanese", "multiverseid": 422663}, {"name": "Remanso Funesto", "text": "Remanso Funesto entra no campo de batalha virado.\nQuando Remanso Funesto entra no campo de batalha, voc\u00ea ganha 1 ponto de vida.\n{T}: Adicione {U} ou {B} \u00e0 sua reserva de mana.", "type": "Terreno", "flavor": null, "imageUrl": "http://gatherer.wizards.com/Handlers/Image.ashx?multiverseid=423014&type=card", "language": "Portuguese (Brazil)", "multiverseid": 423014}, {"name": "\u9634\u6c89\u6b7b\u6c34", "text": "\u9634\u6c89\u6b7b\u6c34\u987b\u6a2a\u7f6e\u8fdb\u6218\u573a\u3002\n\u5f53\u9634\u6c89\u6b7b\u6c34\u8fdb\u6218\u573a\u65f6\uff0c\u4f60\u83b7\u5f971\u70b9\u751f\u547d\u3002\n{T}\uff1a\u52a0{U}\u6216{B}\u5230\u4f60\u7684\u6cd5\u672f\u529b\u6c60\u4e2d\u3002", "type": "\u5730", "flavor": null, "imageUrl": "http://gatherer.wizards.com/Handlers/Image.ashx?multiverseid=421259&type=card", "language": "Chinese Simplified", "multiverseid": 421259}], "printings": ["C16", "C17", "C18", "DDQ", "EMA", "FRF", "IKO", "KTK", "M20", "M21", "MB1", "ZNC"], "originalText": "Dismal Backwater enters the battlefield tapped.\nWhen Dismal Backwater enters the battlefield, you gain 1 life.\n{T}: Add {U} or {B} to your mana pool.", "originalType": "Land", "legalities": [{"format": "Brawl", "legality": "Legal"}, {"format": "Commander", "legality": "Legal"}, {"format": "Duel", "legality": "Legal"}, {"format": "Future", "legality": "Legal"}, {"format": "Gladiator", "legality": "Legal"}, {"format": "Historic", "legality": "Legal"}, {"format": "Legacy", "legality": "Legal"}, {"format": "Modern", "legality": "Legal"}, {"format": "Pauper", "legality": "Legal"}, {"format": "Penny", "legality": "Legal"}, {"format": "Pioneer", "legality": "Legal"}, {"format": "Standard", "legality": "Legal"}, {"format": "Vintage", "legality": "Legal"}], "id": "6a891801-739a-5f98-8535-1890d2095fe8"}