{"name": "Doom Whisperer", "manaCost": "{3}{B}{B}", "cmc": 5.0, "colors": ["Black"], "colorIdentity": ["B"], "type": "Creature \u2014 Nightmare Demon", "types": ["Creature"], "subtypes": ["Nightmare", "Demon"], "rarity": "Mythic", "set": "GRN", "setName": "Guilds of Ravnica", "text": "Flying, trample\nPay 2 life: Surveil 2. (Look at the top two cards of your library, then put any number of them into your graveyard and the rest on top of your library in any order.)", "flavor": "The sound of every twisted secret tempts you to hear another.", "artist": "Vincent Proce", "number": "69", "power": "6", "toughness": "6", "layout": "normal", "multiverseid": "452819", "imageUrl": "http://gatherer.wizards.com/Handlers/Image.ashx?multiverseid=452819&type=card", "watermark": "dimir", "rulings": [{"date": "2018-10-05", "text": "When you surveil, you may put all the cards you look at back on top of your library, you may put all of those cards into your graveyard, or you may put some of those cards on top and the rest of them into your graveyard."}, {"date": "2018-10-05", "text": "You perform the actions stated on a card in sequence. For some spells and abilities, you\u2019ll surveil last. For others, you\u2019ll surveil and then perform other actions."}], "foreignNames": [{"name": "Verk\u00fcnder des Untergangs", "text": "Fliegend, verursacht Trampelschaden\nBezahle 2 Lebenspunkte: \u00dcberwachen 2. (Schaue dir die obersten zwei Karten deiner Bibliothek an. Lege dann eine beliebige Anzahl davon auf deinen Friedhof und den Rest in beliebiger Reihenfolge oben auf deine Bibliothek.)", "type": "Kreatur \u2014 Nachtmahr, D\u00e4mon", "flavor": "Der Klang jedes einzelnen verdrehten Geheimnisses verleitet dich, mehr h\u00f6ren zu wollen.", "imageUrl": "http://gatherer.wizards.com/Handlers/Image.ashx?multiverseid=453078&type=card", "language": "German", "multiverseid": 453078}, {"name": "Susurrador de la fatalidad", "text": "Vuela, arrolla.\nPagar 2 vidas: Escruta 2. (Mira las dos primeras cartas de tu biblioteca, luego pon cualquier cantidad de ellas en tu cementerio y el resto en la parte superior de tu biblioteca en cualquier orden.)", "type": "Criatura \u2014 Demonio pesadilla", "flavor": "El sonido de cada secreto retorcido te tienta a o\u00edr otro.", "imageUrl": "http://gatherer.wizards.com/Handlers/Image.ashx?multiverseid=453337&type=card", "language": "Spanish", "multiverseid": 453337}, {"name": "Chuchoteur de mort", "text": "Vol, pi\u00e9tinement\nPayez 2 points de vie : Surveillez 2. (Regardez les deux cartes du dessus de votre biblioth\u00e8que, puis mettez n'importe quel nombre d'entre elles dans votre cimeti\u00e8re et le reste au-dessus de votre biblioth\u00e8que dans n'importe quel ordre.)", "type": "Cr\u00e9ature : cauchemar et d\u00e9mon", "flavor": "Le son de chaque secret retors vous donne envie d'en entendre un autre.", "imageUrl": "http://gatherer.wizards.com/Handlers/Image.ashx?multiverseid=453596&type=card", "language": "French", "multiverseid": 453596}, {"name": "Sussurratore del Fato", "text": "Volare, travolgere\nPaga 2 punti vita: Sorveglia 2. (Guarda le prime due carte del tuo grimorio, poi mettine un qualsiasi numero nel tuo cimitero e le altre in cima al tuo grimorio in qualsiasi ordine.)", "type": "Creatura \u2014 Demone Incubo", "flavor": "Il suono di ogni torbido segreto ti tenta ad ascoltarne un altro.", "imageUrl": "http://gatherer.wizards.com/Handlers/Image.ashx?multiverseid=453855&type=card", "language": "Italian", "multiverseid": 453855}, {"name": "\u7834\u6ec5\u3092\u56c1\u304f\u3082\u306e", "text": "\u98db\u884c\u3001\u30c8\u30e9\u30f3\u30d7\u30eb\n\uff12\u70b9\u306e\u30e9\u30a4\u30d5\u3092\u652f\u6255\u3046\uff1a\u8adc\u5831\uff12\u3092\u884c\u3046\u3002\uff08\u3042\u306a\u305f\u306e\u30e9\u30a4\u30d6\u30e9\u30ea\u30fc\u306e\u4e00\u756a\u4e0a\u304b\u3089\u30ab\u30fc\u30c9\u3092\uff12\u679a\u898b\u3066\u3001\u305d\u306e\u3046\u3061\u306e\u671b\u3080\u679a\u6570\u3092\u3042\u306a\u305f\u306e\u5893\u5730\u306b\u3001\u6b8b\u308a\u3092\u3042\u306a\u305f\u306e\u30e9\u30a4\u30d6\u30e9\u30ea\u30fc\u306e\u4e00\u756a\u4e0a\u306b\u671b\u3080\u9806\u756a\u3067\u7f6e\u304f\u3002\uff09", "type": "\u30af\u30ea\u30fc\u30c1\u30e3\u30fc \u2014 \u30ca\u30a4\u30c8\u30e1\u30a2\u30fb\u30c7\u30fc\u30e2\u30f3", "flavor": "\u5947\u5999\u306a\u79d8\u5bc6\u306e\u97f3\u306f\u3001\u3082\u3063\u3068\u805e\u304d\u305f\u3044\u3068\u3044\u3046\u6c17\u6301\u3061\u3092\u547c\u3073\u8d77\u3053\u3059\u3002", "imageUrl": "http://gatherer.wizards.com/Handlers/Image.ashx?multiverseid=454114&type=card", "language": "Japanese", "multiverseid": 454114}, {"name": "\ud30c\uba78\uc744 \uc18d\uc0ad\uc774\ub294 \uc790", "text": "\ube44\ud589, \ub3cc\uc9c4\n\uc0dd\uba85 2\uc810\uc744 \uc9c0\ubd88\ud55c\ub2e4: \uac10\uc2dc 2\ub97c \ud55c\ub2e4. (\ub2f9\uc2e0\uc758 \uc11c\uace0 \ub9e8 \uc704 \uce74\ub4dc \ub450 \uc7a5\uc744 \ubcf8 \ud6c4, \uadf8 \uce74\ub4dc\ub4e4 \uc911 \uc6d0\ud558\ub294 \ub9cc\ud07c\uc744 \ub2f9\uc2e0\uc758 \ubb34\ub364\uc5d0 \ub193\uace0 \ub098\uba38\uc9c0\ub97c \ub2f9\uc2e0\uc758 \uc11c\uace0 \ub9e8 \uc704\uc5d0 \uc6d0\ud558\ub294 \uc21c\uc11c\ub300\ub85c \ub193\ub294\ub2e4.)", "type": "\uc0dd\ubb3c \u2014 \ub098\uc774\ud2b8\uba54\uc5b4 \uc545\ub9c8", "flavor": "\ube44\ud2c0\ub9b0 \ube44\ubc00\ub4e4\uc758 \uc18c\ub9ac \ud558\ub098\ud558\ub098\uac00 \ub2f9\uc2e0\uc5d0\uac8c \ub610\ub2e4\ub978 \uac83\uc744 \ub4e4\uc73c\ub77c\uace0 \uc720\ud639\ud55c\ub2e4.", "imageUrl": "http://gatherer.wizards.com/Handlers/Image.ashx?multiverseid=454373&type=card", "language": "Korean", "multiverseid": 454373}, {"name": "Sussurrador da Ru\u00edna", "text": "Voar, atropelar\nPague 2 pontos de vida: Use vigiar 2. (Olhe os dois cards do topo de seu grim\u00f3rio. Depois, coloque qualquer n\u00famero deles em seu cemit\u00e9rio e o restante no topo de seu grim\u00f3rio em qualquer ordem.)", "type": "Criatura \u2014 Pesadelo Dem\u00f4nio", "flavor": "O som de cada segredo s\u00f3rdido traz a tenta\u00e7\u00e3o de ouvir outro.", "imageUrl": "http://gatherer.wizards.com/Handlers/Image.ashx?multiverseid=454632&type=card", "language": "Portuguese (Brazil)", "multiverseid": 454632}, {"name": "\u0428\u0435\u043f\u0447\u0443\u0449\u0430\u044f \u041f\u043e\u0433\u0438\u0431\u0435\u043b\u044c", "text": "\u041f\u043e\u043b\u0435\u0442, \u041f\u0440\u043e\u0431\u0438\u0432\u043d\u043e\u0439 \u0443\u0434\u0430\u0440\n\u0417\u0430\u043f\u043b\u0430\u0442\u0438\u0442\u0435 2 \u0436\u0438\u0437\u043d\u0438: \u0438\u0441\u043f\u043e\u043b\u044c\u0437\u0443\u0439\u0442\u0435 \u0421\u043b\u0435\u0436\u043a\u0443 2. (\u041f\u043e\u0441\u043c\u043e\u0442\u0440\u0438\u0442\u0435 \u0434\u0432\u0435 \u0432\u0435\u0440\u0445\u043d\u0438\u0435 \u043a\u0430\u0440\u0442\u044b \u0432\u0430\u0448\u0435\u0439 \u0431\u0438\u0431\u043b\u0438\u043e\u0442\u0435\u043a\u0438, \u0437\u0430\u0442\u0435\u043c \u043f\u043e\u043b\u043e\u0436\u0438\u0442\u0435 \u043b\u044e\u0431\u043e\u0435 \u043a\u043e\u043b\u0438\u0447\u0435\u0441\u0442\u0432\u043e \u0438\u0437 \u043d\u0438\u0445 \u043d\u0430 \u0432\u0430\u0448\u0435 \u043a\u043b\u0430\u0434\u0431\u0438\u0449\u0435, \u0430 \u043e\u0441\u0442\u0430\u043b\u044c\u043d\u044b\u0435 \u043d\u0430 \u0432\u0435\u0440\u0445 \u0432\u0430\u0448\u0435\u0439 \u0431\u0438\u0431\u043b\u0438\u043e\u0442\u0435\u043a\u0438 \u0432 \u043b\u044e\u0431\u043e\u043c \u043f\u043e\u0440\u044f\u0434\u043a\u0435.)", "type": "\u0421\u0443\u0449\u0435\u0441\u0442\u0432\u043e \u2014 \u041a\u043e\u0448\u043c\u0430\u0440 \u0414\u0435\u043c\u043e\u043d", "flavor": "\u0417\u0432\u0443\u0447\u0430\u043d\u0438\u0435 \u043a\u0430\u0436\u0434\u043e\u0439 \u0438\u0437\u0432\u0440\u0430\u0449\u0435\u043d\u043d\u043e\u0439 \u0442\u0430\u0439\u043d\u044b \u0441\u043e\u0431\u043b\u0430\u0437\u043d\u044f\u0435\u0442 \u0442\u0435\u0431\u044f \u0443\u0441\u043b\u044b\u0448\u0430\u0442\u044c \u043d\u043e\u0432\u0443\u044e.", "imageUrl": "http://gatherer.wizards.com/Handlers/Image.ashx?multiverseid=454891&type=card", "language": "Russian", "multiverseid": 454891}, {"name": "\u6bc1\u706d\u4f4e\u8bed\u9b54", "text": "\u98de\u884c\uff0c\u8df5\u8e0f\n\u652f\u4ed82\u70b9\u751f\u547d\uff1a\u523a\u63a22\u3002\uff08\u68c0\u89c6\u4f60\u724c\u5e93\u9876\u7684\u4e24\u5f20\u724c\uff0c\u7136\u540e\u5c06\u5176\u4e2d\u4efb\u610f\u6570\u91cf\u7684\u724c\u7f6e\u5165\u4f60\u7684\u575f\u5893\u573a\uff0c\u5176\u4f59\u5219\u4ee5\u4efb\u610f\u987a\u5e8f\u7f6e\u4e8e\u4f60\u724c\u5e93\u9876\u3002\uff09", "type": "\u751f\u7269 \uff5e\u68a6\u9b47\uff0f\u6076\u9b54", "flavor": "\u6bcf\u4e00\u5219\u626d\u66f2\u79d8\u5bc6\u7684\u58f0\u97f3\u90fd\u8bf1\u60d1\u7740\u4f60\u518d\u542c\u4e00\u5219\u3002", "imageUrl": "http://gatherer.wizards.com/Handlers/Image.ashx?multiverseid=455150&type=card", "language": "Chinese Simplified", "multiverseid": 455150}, {"name": "\u6bc0\u6ec5\u4f4e\u8a9e\u9b54", "text": "\u98db\u884c\uff0c\u8e10\u8e0f\n\u652f\u4ed82\u9ede\u751f\u547d\uff1a\u523a\u63a22\u3002\uff08\u6aa2\u8996\u4f60\u724c\u5eab\u9802\u7684\u5169\u5f35\u724c\uff0c\u7136\u5f8c\u5c07\u5176\u4e2d\u4efb\u610f\u6578\u91cf\u7684\u724c\u7f6e\u5165\u4f60\u7684\u58b3\u5893\u5834\uff0c\u5176\u9918\u5247\u4ee5\u4efb\u610f\u9806\u5e8f\u7f6e\u65bc\u4f60\u724c\u5eab\u9802\u3002\uff09", "type": "\u751f\u7269 \uff5e\u5922\u9b58\uff0f\u60e1\u9b54", "flavor": "\u6bcf\u4e00\u5247\u626d\u66f2\u79d8\u5bc6\u7684\u8072\u97f3\u90fd\u8a98\u60d1\u8457\u4f60\u518d\u807d\u4e00\u5247\u3002", "imageUrl": "http://gatherer.wizards.com/Handlers/Image.ashx?multiverseid=455409&type=card", "language": "Chinese Traditional", "multiverseid": 455409}], "printings": ["GRN", "PGRN"], "originalText": "Flying, trample\nPay 2 life: Surveil 2. (Look at the top two cards of your library, then put any number of them into your graveyard and the rest on top of your library in any order.)", "originalType": "Creature \u2014 Nightmare Demon", "legalities": [{"format": "Commander", "legality": "Legal"}, {"format": "Duel", "legality": "Legal"}, {"format": "Gladiator", "legality": "Legal"}, {"format": "Historic", "legality": "Legal"}, {"format": "Legacy", "legality": "Legal"}, {"format": "Modern", "legality": "Legal"}, {"format": "Pioneer", "legality": "Legal"}, {"format": "Vintage", "legality": "Legal"}], "id": "68d37fc0-33e3-56ce-a96d-eacef2cc9139"}