{"name": "Doomgape", "manaCost": "{4}{B/G}{B/G}{B/G}", "cmc": 7.0, "colors": ["Black", "Green"], "colorIdentity": ["B", "G"], "type": "Creature \u2014 Elemental", "types": ["Creature"], "subtypes": ["Elemental"], "rarity": "Rare", "set": "DDJ", "setName": "Duel Decks: Izzet vs. Golgari", "text": "Trample\nAt the beginning of your upkeep, sacrifice a creature. You gain life equal to that creature's toughness.", "flavor": "It eats and eats until the juiciest morsel it can find is itself.", "artist": "Dave Allsop", "number": "65", "power": "10", "toughness": "10", "layout": "normal", "multiverseid": "292979", "imageUrl": "http://gatherer.wizards.com/Handlers/Image.ashx?multiverseid=292979&type=card", "rulings": [{"date": "2008-08-01", "text": "If you have no other creatures to sacrifice, you\u2019ll have to sacrifice Doomgape itself. You\u2019ll gain life equal to its toughness."}], "foreignNames": [{"name": "\u7834\u6ec5\u88c2\u3051\u53e3", "text": "\u30c8\u30e9\u30f3\u30d7\u30eb\n\u3042\u306a\u305f\u306e\u30a2\u30c3\u30d7\u30ad\u30fc\u30d7\u306e\u958b\u59cb\u6642\u306b\u3001\u30af\u30ea\u30fc\u30c1\u30e3\u30fc\u3092\uff11\u4f53\u751f\u3051\u8d04\u306b\u6367\u3052\u308b\u3002\u3042\u306a\u305f\u306f\u305d\u306e\u30af\u30ea\u30fc\u30c1\u30e3\u30fc\u306e\u30bf\u30d5\u30cd\u30b9\u306b\u7b49\u3057\u3044\u70b9\u6570\u306e\u30e9\u30a4\u30d5\u3092\u5f97\u308b\u3002", "type": "\u30af\u30ea\u30fc\u30c1\u30e3\u30fc \u2014 \u30a8\u30ec\u30e1\u30f3\u30bf\u30eb", "flavor": "\u305d\u308c\u306f\u6700\u3082\u7f8e\u5473\u306a\u3082\u306e\u304c\u81ea\u5206\u81ea\u8eab\u3067\u3042\u308b\u3068\u6c17\u3065\u304f\u307e\u3067\u98df\u3089\u3044\u7d9a\u3051\u308b\u3002", "imageUrl": "http://gatherer.wizards.com/Handlers/Image.ashx?multiverseid=340241&type=card", "language": "Japanese", "multiverseid": 340241}], "printings": ["DDJ", "EVE", "MB1"], "originalText": "Trample\nAt the beginning of your upkeep, sacrifice a creature. You gain life equal to that creature's toughness.", "originalType": "Creature \u2014 Elemental", "legalities": [{"format": "Commander", "legality": "Legal"}, {"format": "Duel", "legality": "Legal"}, {"format": "Legacy", "legality": "Legal"}, {"format": "Modern", "legality": "Legal"}, {"format": "Penny", "legality": "Legal"}, {"format": "Vintage", "legality": "Legal"}], "id": "c5c1ccec-1736-56db-8b49-2845bd71e059"}