{"name": "Eliminate", "manaCost": "{1}{B}", "cmc": 2.0, "colors": ["Black"], "colorIdentity": ["B"], "type": "Instant", "types": ["Instant"], "rarity": "Uncommon", "set": "M21", "setName": "Core Set 2021", "text": "Destroy target creature or planeswalker with converted mana cost 3 or less.", "flavor": "\"Cruelty? No. This is necessity.\"\n\u2014Kaervek", "artist": "Chris Cold", "number": "97", "layout": "normal", "multiverseid": "485420", "imageUrl": "http://gatherer.wizards.com/Handlers/Image.ashx?multiverseid=485420&type=card", "variations": ["7165c42c-7210-5564-b5a9-e666de59034a"], "rulings": [{"date": "2020-06-23", "text": "If a creature or planeswalker on the battlefield has {X} in its mana cost, X is considered to be 0."}, {"date": "2020-06-23", "text": "The converted mana cost of a token that isn\u2019t a copy of another object is 0. A token that is a copy of another object has the same mana cost as that object."}], "foreignNames": [{"name": "Eliminieren", "text": "Zerst\u00f6re eine Kreatur oder einen Planeswalker deiner Wahl mit umgewandelten Manakosten von 3 oder weniger.", "type": "Spontanzauber", "flavor": "\u201eGrausamkeit? Pah. Das ist eine Notwendigkeit.\"\n\u2014Kaervek", "imageUrl": "http://gatherer.wizards.com/Handlers/Image.ashx?multiverseid=485679&type=card", "language": "German", "multiverseid": 485679}, {"name": "Eliminar", "text": "Destruye la criatura o planeswalker objetivo con coste de man\u00e1 convertido de 3 o menos.", "type": "Instant\u00e1neo", "flavor": "\"\u00bfCrueldad? No. Esto es necesidad\".\n\u2014Kaervek", "imageUrl": "http://gatherer.wizards.com/Handlers/Image.ashx?multiverseid=485938&type=card", "language": "Spanish", "multiverseid": 485938}, {"name": "\u00c9liminer", "text": "D\u00e9truisez une cible, cr\u00e9ature ou planeswalker, dont le co\u00fbt converti de mana est inf\u00e9rieur ou \u00e9gal \u00e0 3.", "type": "\u00c9ph\u00e9m\u00e8re", "flavor": "\u00ab Cruel ? Non. C'est n\u00e9cessaire. \u00bb\n\u2014K\u00e6rvek", "imageUrl": "http://gatherer.wizards.com/Handlers/Image.ashx?multiverseid=486197&type=card", "language": "French", "multiverseid": 486197}, {"name": "Liquidare", "text": "Distruggi una creatura o un planeswalker bersaglio con costo di mana convertito pari o inferiore a 3.", "type": "Istantaneo", "flavor": "\"Crudelt\u00e0? No. Questa \u00e8 necessit\u00e0.\"\n\u2014Kaervek", "imageUrl": "http://gatherer.wizards.com/Handlers/Image.ashx?multiverseid=486456&type=card", "language": "Italian", "multiverseid": 486456}, {"name": "\u53d6\u308a\u9664\u304d", "text": "\u70b9\u6570\u3067\u898b\u305f\u30de\u30ca\u30fb\u30b3\u30b9\u30c8\u304c\uff13\u4ee5\u4e0b\u306e\u3001\u30af\u30ea\u30fc\u30c1\u30e3\u30fc\uff11\u4f53\u304b\u30d7\u30ec\u30a4\u30f3\u30ba\u30a6\u30a9\u30fc\u30ab\u30fc\uff11\u4f53\u3092\u5bfe\u8c61\u3068\u3057\u3001\u305d\u308c\u3092\u7834\u58ca\u3059\u308b\u3002", "type": "\u30a4\u30f3\u30b9\u30bf\u30f3\u30c8", "flavor": "\u300c\u6b8b\u8650\u3060\u3068\uff1f\u305d\u3046\u3067\u306f\u306a\u3044\u3002\u5fc5\u8981\u306a\u306e\u3060\u3002\u300d\n\u2015\u2015\u30b1\u30a2\u30f4\u30a7\u30af", "imageUrl": "http://gatherer.wizards.com/Handlers/Image.ashx?multiverseid=486715&type=card", "language": "Japanese", "multiverseid": 486715}, {"name": "\uc81c\uac70", "text": "\uc804\ud658\ub9c8\ub098\ube44\uc6a9\uc774 3 \uc774\ud558\uc778 \uc0dd\ubb3c \ub610\ub294 \ud50c\ub808\uc778\uc988\uc6cc\ucee4\ub97c \ubaa9\ud45c\ub85c \uc815\ud55c\ub2e4. \uadf8 \ubaa9\ud45c\ub97c \ud30c\uad34\ud55c\ub2e4.", "type": "\uc21c\uac04\ub9c8\ubc95", "flavor": "\"\uc794\uc778\ud568? \uc544\ub2c8. \uc774\uac74 \ud544\uc694\ud568\uc774\uc57c.\"\n\u2014\ucf00\uc5b4\ubca1", "imageUrl": "http://gatherer.wizards.com/Handlers/Image.ashx?multiverseid=486974&type=card", "language": "Korean", "multiverseid": 486974}, {"name": "Sumir", "text": "Destrua a criatura ou o planeswalker alvo com custo de mana convertido igual ou inferior a 3.", "type": "M\u00e1gica Instant\u00e2nea", "flavor": "\"Crueldade? N\u00e3o. Necessidade.\"\n\u2014 Kaervek", "imageUrl": "http://gatherer.wizards.com/Handlers/Image.ashx?multiverseid=487233&type=card", "language": "Portuguese (Brazil)", "multiverseid": 487233}, {"name": "\u0418\u0437\u043d\u0438\u0447\u0442\u043e\u0436\u0438\u0442\u044c", "text": "\u0423\u043d\u0438\u0447\u0442\u043e\u0436\u044c\u0442\u0435 \u0446\u0435\u043b\u0435\u0432\u043e\u0435 \u0441\u0443\u0449\u0435\u0441\u0442\u0432\u043e \u0438\u043b\u0438 planeswalker'\u0430 \u0441 \u043a\u043e\u043d\u0432\u0435\u0440\u0442\u0438\u0440\u043e\u0432\u0430\u043d\u043d\u043e\u0439 \u043c\u0430\u043d\u0430-\u0441\u0442\u043e\u0438\u043c\u043e\u0441\u0442\u044c\u044e \u043d\u0435 \u0431\u043e\u043b\u0435\u0435 3.", "type": "\u041c\u0433\u043d\u043e\u0432\u0435\u043d\u043d\u043e\u0435 \u0437\u0430\u043a\u043b\u0438\u043d\u0430\u043d\u0438\u0435", "flavor": "\u00ab\u0416\u0435\u0441\u0442\u043e\u043a\u043e\u0441\u0442\u044c? \u041e\u0442\u043d\u044e\u0434\u044c. \u041f\u0440\u043e\u0441\u0442\u043e \u043d\u0435\u043e\u0431\u0445\u043e\u0434\u0438\u043c\u043e\u0441\u0442\u044c\u00bb.\n\u2014 \u041a\u0430\u0439\u0435\u0440\u0432\u0435\u043a", "imageUrl": "http://gatherer.wizards.com/Handlers/Image.ashx?multiverseid=487492&type=card", "language": "Russian", "multiverseid": 487492}, {"name": "\u6da4\u9664", "text": "\u6d88\u706d\u76ee\u6807\u751f\u7269\u6216\u9e4f\u6d1b\u5ba2\uff0c\u4e14\u5176\u603b\u6cd5\u672f\u529b\u8d39\u7528\u987b\u7b49\u4e8e\u6216\u5c0f\u4e8e3\u3002", "type": "\u77ac\u95f4", "flavor": "\u300c\u6b8b\u5fcd\uff1f\u9519\u3002\u8fd9\u662f\u5fc5\u7136\u3002\u300d\n\uff5e\u51ef\u96f7\u5a01\u514b", "imageUrl": "http://gatherer.wizards.com/Handlers/Image.ashx?multiverseid=487751&type=card", "language": "Chinese Simplified", "multiverseid": 487751}, {"name": "\u6ecc\u9664", "text": "\u6d88\u6ec5\u76ee\u6a19\u751f\u7269\u6216\u9d6c\u6d1b\u5ba2\uff0c\u4e14\u5176\u7e3d\u9b54\u6cd5\u529b\u8cbb\u7528\u9808\u7b49\u65bc\u6216\u5c0f\u65bc3\u3002", "type": "\u77ac\u9593", "flavor": "\u300c\u6b98\u5fcd\uff1f\u932f\u3002\u9019\u662f\u5fc5\u7136\u3002\u300d\n\uff5e\u51f1\u96f7\u5a01\u514b", "imageUrl": "http://gatherer.wizards.com/Handlers/Image.ashx?multiverseid=488010&type=card", "language": "Chinese Traditional", "multiverseid": 488010}], "printings": ["M21"], "originalText": "Destroy target creature or planeswalker with converted mana cost 3 or less.", "originalType": "Instant", "legalities": [{"format": "Brawl", "legality": "Legal"}, {"format": "Commander", "legality": "Legal"}, {"format": "Duel", "legality": "Legal"}, {"format": "Future", "legality": "Legal"}, {"format": "Gladiator", "legality": "Legal"}, {"format": "Historic", "legality": "Legal"}, {"format": "Legacy", "legality": "Legal"}, {"format": "Modern", "legality": "Legal"}, {"format": "Penny", "legality": "Legal"}, {"format": "Pioneer", "legality": "Legal"}, {"format": "Standard", "legality": "Legal"}, {"format": "Vintage", "legality": "Legal"}], "id": "85d83776-c1ca-5d29-9fc6-986a61504046"}