{"name": "Find // Finality", "manaCost": "{B/G}{B/G}", "cmc": 8.0, "colors": ["Black", "Green"], "colorIdentity": ["B", "G"], "type": "Sorcery", "types": ["Sorcery"], "rarity": "Rare", "set": "C20", "setName": "Commander 2020", "text": "Return up to two target creature cards from your graveyard to your hand.", "artist": "Tomasz Jedruszek", "number": "212", "layout": "split", "multiverseid": "482840", "imageUrl": "http://gatherer.wizards.com/Handlers/Image.ashx?multiverseid=482840&type=card", "rulings": [{"date": "2018-10-05", "text": "Finality doesn\u2019t target the creature to receive +1/+1 counters. You can cast it even if you control no creatures."}, {"date": "2018-10-05", "text": "Finality affects only creatures on the battlefield at the time it resolves. Creatures that enter the battlefield later in the turn won\u2019t get -4/-4."}], "printings": ["C20", "GRN", "PGRN"], "originalText": "Return up to two target creature cards from your graveyard to your hand.", "originalType": "Sorcery", "legalities": [{"format": "Commander", "legality": "Legal"}, {"format": "Duel", "legality": "Legal"}, {"format": "Gladiator", "legality": "Legal"}, {"format": "Historic", "legality": "Legal"}, {"format": "Legacy", "legality": "Legal"}, {"format": "Modern", "legality": "Legal"}, {"format": "Penny", "legality": "Legal"}, {"format": "Pioneer", "legality": "Legal"}, {"format": "Vintage", "legality": "Legal"}], "id": "8d78d489-d9d9-53c6-890e-0e92e117e464"}