{"name": "Forest", "cmc": 0.0, "colorIdentity": ["G"], "type": "Basic Land \u2014 Forest", "supertypes": ["Basic"], "types": ["Land"], "subtypes": ["Forest"], "rarity": "Common", "set": "10E", "setName": "Tenth Edition", "text": "({T}: Add {G}.)", "artist": "Anthony S. Waters", "number": "380", "layout": "normal", "multiverseid": "129559", "imageUrl": "http://gatherer.wizards.com/Handlers/Image.ashx?multiverseid=129559&type=card", "variations": ["06ac124d-5c6e-542e-bf11-552ec9cc19cc", "0f0aa930-854b-59fb-bd76-69d987356f90", "4d710f8c-6249-5877-9799-edf65d0c3e68"], "printings": ["10E", "2ED", "2XM", "3ED", "4BB", "4ED", "5ED", "6ED", "7ED", "8ED", "9ED", "AKH", "AKR", "ALA", "ANA", "ANB", "ARC", "ATH", "AVR", "BBD", "BFZ", "BRB", "BTD", "C13", "C14", "C15", "C16", "C17", "C18", "C19", "CED", "CEI", "CHK", "CM2", "CMA", "CMD", "CMR", "CST", "DD1", "DDD", "DDE", "DDG", "DDH", "DDJ", "DDL", "DDM", "DDO", "DDP", "DDR", "DDS", "DDU", "DKM", "DOM", "DPA", "DTK", "E01", "ELD", "EVG", "FBB", "FRF", "G17", "GK1", "GK2", "GN2", "GNT", "GRN", "GS1", "GVL", "H09", "HOP", "HOU", "ICE", "IKO", "INV", "ISD", "ITP", "J14", "JMP", "KHM", "KLD", "KLR", "KTK", "LEA", "LEB", "LRW", "M10", "M11", "M12", "M13", "M14", "M15", "M19", "M20", "M21", "MBS", "ME1", "ME3", "MIR", "MMQ", "MRD", "NPH", "ODY", "ONS", "ORI", "P02", "PAL00", "PAL01", "PAL03", "PAL04", "PAL05", "PAL06", "PAL99", "PALP", "PANA", "PARL", "PC2", "PCA", "PELP", "PF19", "PF20", "PGPX", "PGRU", "PMPS", "PMPS06", "PMPS07", "PMPS08", "PMPS09", "PMPS10", "PMPS11", "POR", "PPP1", "PRM", "PRW2", "PRWK", "PS11", "PSAL", "PSS2", "PSS3", "PTC", "PTK", "PZ2", "RAV", "RIX", "RNA", "ROE", "RQS", "RTR", "S99", "SHM", "SLD", "SOI", "SOM", "SUM", "TD0", "TD2", "THB", "THS", "TMP", "TPR", "TSP", "UGL", "UND", "UNH", "USG", "UST", "WAR", "WC00", "WC01", "WC02", "WC03", "WC04", "WC97", "WC98", "WC99", "XANA", "XLN", "ZEN", "ZNR"], "originalText": "G", "originalType": "Basic Land - Forest", "legalities": [{"format": "Brawl", "legality": "Legal"}, {"format": "Commander", "legality": "Legal"}, {"format": "Duel", "legality": "Legal"}, {"format": "Future", "legality": "Legal"}, {"format": "Gladiator", "legality": "Legal"}, {"format": "Historic", "legality": "Legal"}, {"format": "Legacy", "legality": "Legal"}, {"format": "Modern", "legality": "Legal"}, {"format": "Pauper", "legality": "Legal"}, {"format": "Penny", "legality": "Legal"}, {"format": "Pioneer", "legality": "Legal"}, {"format": "Premodern", "legality": "Legal"}, {"format": "Standard", "legality": "Legal"}, {"format": "Vintage", "legality": "Legal"}], "id": "4a17c998-1a44-5537-b675-b19522d43bee"}