{"name": "Frost Bite", "manaCost": "{R}", "cmc": 1.0, "colors": ["Red"], "colorIdentity": ["R"], "type": "Snow Instant", "supertypes": ["Snow"], "types": ["Instant"], "rarity": "Common", "set": "KHM", "setName": "Kaldheim", "text": "Frost Bite deals 2 damage to target creature or planeswalker. If you control three or more snow permanents, it deals 3 damage instead.", "flavor": "\"Don't wander far\u2014it's a bit nippy out there!\"\n\u2014Leidurr, expedition leader", "artist": "Caio Monteiro", "number": "138", "layout": "normal", "multiverseid": "503750", "imageUrl": "http://gatherer.wizards.com/Handlers/Image.ashx?multiverseid=503750&type=card", "variations": ["010e3000-b734-55f2-b6c2-f12d112b224d"], "rulings": [{"date": "2021-02-05", "text": "Whether or not you control three or more snow permanents is checked as Frost Bite is resolving."}, {"date": "2021-02-05", "text": "Snow is a supertype, not a card type. It has no rules meaning or function by itself, but spells and abilities may refer to it."}, {"date": "2021-02-05", "text": "The {S} symbol is a generic mana symbol. It represents a cost that can be paid by one mana that was produced by a snow source. That mana can be any color or colorless."}, {"date": "2021-02-05", "text": "Snow isn\u2019t a type of mana. If an effect says you may spend mana as though it were any type, you can\u2019t pay for {S} using mana that wasn\u2019t produced by a snow source."}, {"date": "2021-02-05", "text": "Some cards have additional effects for each {S} spent to cast them. You can cast these spells even if you don\u2019t spend any snow mana to cast them; their additional effects simply won\u2019t do anything."}, {"date": "2021-02-05", "text": "The Kaldheim set doesn\u2019t have any cards with mana costs that include {S}, but some previous sets do. If an effect says such a spell costs {1} less to cast, that reduction doesn\u2019t apply to any {S} costs. This is also true for activated abilities that include {S} in their activation costs and effects that reduce those costs."}], "printings": ["KHM"], "originalText": "Frost Bite deals 2 damage to target creature or planeswalker. If you control three or more snow permanents, it deals 3 damage instead.", "originalType": "Snow Instant", "legalities": [{"format": "Brawl", "legality": "Legal"}, {"format": "Commander", "legality": "Legal"}, {"format": "Duel", "legality": "Legal"}, {"format": "Future", "legality": "Legal"}, {"format": "Gladiator", "legality": "Legal"}, {"format": "Historic", "legality": "Legal"}, {"format": "Legacy", "legality": "Legal"}, {"format": "Modern", "legality": "Legal"}, {"format": "Pauper", "legality": "Legal"}, {"format": "Pioneer", "legality": "Legal"}, {"format": "Standard", "legality": "Legal"}, {"format": "Vintage", "legality": "Legal"}], "id": "e3bd9213-4bf8-575b-b201-6b41879d3aaa"}