{"name": "Gigantosaurus", "manaCost": "{G}{G}{G}{G}{G}", "cmc": 5.0, "colors": ["Green"], "colorIdentity": ["G"], "type": "Creature \u2014 Dinosaur", "types": ["Creature"], "subtypes": ["Dinosaur"], "rarity": "Rare", "set": "ANB", "setName": "Arena Beginner Set", "artist": "Jonathan Kuo", "number": "96", "power": "10", "toughness": "10", "layout": "normal", "printings": ["ANB", "M19", "PLIST", "PM19"], "legalities": [{"format": "Commander", "legality": "Legal"}, {"format": "Duel", "legality": "Legal"}, {"format": "Gladiator", "legality": "Legal"}, {"format": "Historic", "legality": "Legal"}, {"format": "Legacy", "legality": "Legal"}, {"format": "Modern", "legality": "Legal"}, {"format": "Penny", "legality": "Legal"}, {"format": "Pioneer", "legality": "Legal"}, {"format": "Vintage", "legality": "Legal"}], "id": "434d9ac8-3b3b-5536-a2e9-12342f3544cd"}