{"name": "Goblin Gang Leader", "manaCost": "{2}{R}{R}", "cmc": 4.0, "colors": ["Red"], "colorIdentity": ["R"], "type": "Creature \u2014 Goblin Warrior", "types": ["Creature"], "subtypes": ["Goblin", "Warrior"], "rarity": "Uncommon", "set": "ANB", "setName": "Arena Beginner Set", "text": "When Goblin Gang Leader enters the battlefield, create two 1/1 red Goblin creature tokens.", "artist": "Jakub Kasper", "number": "70", "power": "2", "toughness": "2", "layout": "normal", "printings": ["ANB", "XANA"], "legalities": [{"format": "Gladiator", "legality": "Legal"}, {"format": "Historic", "legality": "Legal"}], "id": "ffe762bf-b14f-5f58-a4fc-5d9e0dc0f291"}