{"name": "Goblin Instigator", "manaCost": "{1}{R}", "cmc": 2.0, "colors": ["Red"], "colorIdentity": ["R"], "type": "Creature \u2014 Goblin Rogue", "types": ["Creature"], "subtypes": ["Goblin", "Rogue"], "rarity": "Common", "set": "JMP", "setName": "Jumpstart", "text": "When Goblin Instigator enters the battlefield, create a 1/1 red Goblin creature token.", "flavor": "\"We can take 'em. You go first!\"", "artist": "Filip Burburan", "number": "327", "power": "1", "toughness": "1", "layout": "normal", "multiverseid": "489517", "imageUrl": "http://gatherer.wizards.com/Handlers/Image.ashx?multiverseid=489517&type=card", "printings": ["JMP", "M19"], "originalText": "When Goblin Instigator enters the battlefield, create a 1/1 red Goblin creature token.", "originalType": "Creature \u2014 Goblin Rogue", "legalities": [{"format": "Commander", "legality": "Legal"}, {"format": "Duel", "legality": "Legal"}, {"format": "Gladiator", "legality": "Legal"}, {"format": "Historic", "legality": "Legal"}, {"format": "Legacy", "legality": "Legal"}, {"format": "Modern", "legality": "Legal"}, {"format": "Pauper", "legality": "Legal"}, {"format": "Pioneer", "legality": "Legal"}, {"format": "Vintage", "legality": "Legal"}], "id": "a7d4f50e-491d-58e1-a39c-fd48ee637c71"}