{"name": "Hallowed Priest", "manaCost": "{1}{W}", "cmc": 2.0, "colors": ["White"], "colorIdentity": ["W"], "type": "Creature \u2014 Human Cleric", "types": ["Creature"], "subtypes": ["Human", "Cleric"], "rarity": "Uncommon", "set": "ANB", "setName": "Arena Beginner Set", "text": "Whenever you gain life, put a +1/+1 counter on Hallowed Priest.", "artist": "Kim Sokol", "number": "9", "power": "1", "toughness": "1", "layout": "normal", "printings": ["ANB"], "legalities": [{"format": "Gladiator", "legality": "Legal"}, {"format": "Historic", "legality": "Legal"}], "id": "4df82244-824b-595e-b31f-3ba61206e160"}