{"name": "Ilysian Caryatid", "manaCost": "{1}{G}", "cmc": 2.0, "colors": ["Green"], "colorIdentity": ["G"], "type": "Creature \u2014 Plant", "types": ["Creature"], "subtypes": ["Plant"], "rarity": "Common", "set": "ANB", "setName": "Arena Beginner Set", "text": "{T}: Add one mana of any color. If you control a creature with power 4 or greater, add two mana of any one color instead.", "artist": "Winona Nelson", "number": "98", "power": "1", "toughness": "1", "layout": "normal", "rulings": [{"date": "2020-01-24", "text": "Ilysian Caryatid\u2019s activated ability is a mana ability. It doesn\u2019t use the stack and can\u2019t be responded to."}], "printings": ["ANB", "THB"], "legalities": [{"format": "Brawl", "legality": "Legal"}, {"format": "Commander", "legality": "Legal"}, {"format": "Duel", "legality": "Legal"}, {"format": "Future", "legality": "Legal"}, {"format": "Gladiator", "legality": "Legal"}, {"format": "Historic", "legality": "Legal"}, {"format": "Legacy", "legality": "Legal"}, {"format": "Modern", "legality": "Legal"}, {"format": "Pauper", "legality": "Legal"}, {"format": "Penny", "legality": "Legal"}, {"format": "Pioneer", "legality": "Legal"}, {"format": "Standard", "legality": "Legal"}, {"format": "Vintage", "legality": "Legal"}], "id": "cf6363f2-854c-5cf9-bcba-50dac2618585"}