{"name": "Impassioned Orator", "manaCost": "{1}{W}", "cmc": 2.0, "colors": ["White"], "colorIdentity": ["W"], "type": "Creature \u2014 Human Cleric", "types": ["Creature"], "subtypes": ["Human", "Cleric"], "rarity": "Common", "set": "ANB", "setName": "Arena Beginner Set", "text": "Whenever another creature enters the battlefield under your control, you gain 1 life.", "artist": "Mark Zug", "number": "10", "power": "2", "toughness": "2", "layout": "normal", "printings": ["ANB", "M20", "RNA"], "legalities": [{"format": "Commander", "legality": "Legal"}, {"format": "Duel", "legality": "Legal"}, {"format": "Gladiator", "legality": "Legal"}, {"format": "Historic", "legality": "Legal"}, {"format": "Legacy", "legality": "Legal"}, {"format": "Modern", "legality": "Legal"}, {"format": "Pauper", "legality": "Legal"}, {"format": "Penny", "legality": "Legal"}, {"format": "Pioneer", "legality": "Legal"}, {"format": "Vintage", "legality": "Legal"}], "id": "f18094aa-3328-5216-acf0-6e17225bcb9e"}