{"name": "Jadelight Ranger", "manaCost": "{1}{G}{G}", "cmc": 3.0, "colors": ["Green"], "colorIdentity": ["G"], "type": "Creature \u2014 Merfolk Scout", "types": ["Creature"], "subtypes": ["Merfolk", "Scout"], "rarity": "Rare", "set": "PLIST", "setName": "The List", "text": "When Jadelight Ranger enters the battlefield, it explores, then it explores again. (Reveal the top card of your library. Put that card into your hand if it's a land. Otherwise, put a +1/+1 counter on this creature, then put the card back or put it into your graveyard. Then repeat this process.)", "artist": "Jason Rainville", "number": "179", "power": "2", "toughness": "1", "layout": "normal", "rulings": [{"date": "2018-01-19", "text": "If you reveal a nonland card the first time Jadelight Ranger explores and leave it on top of your library, you\u2019ll reveal the same card the second time it explores. If you don\u2019t pretend to be surprised, you\u2019ll hurt Jadelight Ranger\u2019s feelings."}, {"date": "2018-01-19", "text": "Once an ability that causes a creature to explore begins to resolve, no player may take any other actions until it\u2019s done. Notably, opponents can\u2019t try to remove the exploring creature after you reveal a nonland card but before it receives a counter."}, {"date": "2018-01-19", "text": "If no card is revealed, most likely because that player\u2019s library is empty, the exploring creature receives a +1/+1 counter."}, {"date": "2018-01-19", "text": "If a resolving spell or ability instructs a specific creature to explore but that creature has left the battlefield, the creature still explores. If you reveal a nonland card this way, you won\u2019t put a +1/+1 counter on anything, but you may put the revealed card into your graveyard. Effects that trigger \u201cwhenever a creature you control explores\u201d trigger if appropriate."}], "printings": ["PLIST", "PRIX", "RIX"], "legalities": [{"format": "Commander", "legality": "Legal"}, {"format": "Duel", "legality": "Legal"}, {"format": "Gladiator", "legality": "Legal"}, {"format": "Historic", "legality": "Legal"}, {"format": "Legacy", "legality": "Legal"}, {"format": "Modern", "legality": "Legal"}, {"format": "Pioneer", "legality": "Legal"}, {"format": "Vintage", "legality": "Legal"}], "id": "3c101e39-7c3d-59f2-a825-7a94d5f03b79"}