{"name": "Leonin Warleader", "manaCost": "{2}{W}{W}", "cmc": 4.0, "colors": ["White"], "colorIdentity": ["W"], "type": "Creature \u2014 Cat Soldier", "types": ["Creature"], "subtypes": ["Cat", "Soldier"], "rarity": "Rare", "set": "ANB", "setName": "Arena Beginner Set", "text": "Whenever Leonin Warleader attacks, create two 1/1 white Cat creature tokens with lifelink that are tapped and attacking.", "artist": "Jakub Kasper", "number": "13", "power": "4", "toughness": "4", "layout": "normal", "rulings": [{"date": "2018-07-13", "text": "You choose which players or planeswalkers the two tokens are attacking. They don\u2019t have to be attacking the same player or planeswalker that Leonin Warleader is attacking, and they can each be attacking different players and/or planeswalkers."}, {"date": "2018-07-13", "text": "Although the tokens are attacking, they were never declared as attacking creatures (for the purposes of abilities that trigger whenever a creature attacks, for example)."}], "printings": ["ANB", "M19", "PM19", "SLD"], "legalities": [{"format": "Commander", "legality": "Legal"}, {"format": "Duel", "legality": "Legal"}, {"format": "Gladiator", "legality": "Legal"}, {"format": "Historic", "legality": "Legal"}, {"format": "Legacy", "legality": "Legal"}, {"format": "Modern", "legality": "Legal"}, {"format": "Penny", "legality": "Legal"}, {"format": "Pioneer", "legality": "Legal"}, {"format": "Vintage", "legality": "Legal"}], "id": "2954289b-60b3-519d-9514-972630e8b2fe"}