{"name": "Leyline of Vitality", "manaCost": "{2}{G}{G}", "cmc": 4.0, "colors": ["Green"], "colorIdentity": ["G"], "type": "Enchantment", "types": ["Enchantment"], "rarity": "Rare", "set": "M11", "setName": "Magic 2011", "text": "If Leyline of Vitality is in your opening hand, you may begin the game with it on the battlefield.\nCreatures you control get +0/+1.\nWhenever a creature enters the battlefield under your control, you may gain 1 life.", "artist": "Jim Nelson", "number": "183", "layout": "normal", "multiverseid": "205031", "imageUrl": "http://gatherer.wizards.com/Handlers/Image.ashx?multiverseid=205031&type=card", "rulings": [{"date": "2010-08-15", "text": "If Leyline of Vitality and a creature enter the battlefield under your control at the same time, Leyline of Vitality\u2019s third ability will trigger."}, {"date": "2016-06-08", "text": "A player\u2019s \u201copening hand\u201d is the hand of cards the player has after all players have taken mulligans and \u201cscryed\u201d if applicable. If players have any cards in hand that allow actions to be taken with them from a player\u2019s opening hand, the starting player takes all such actions first in any order, followed by each other player in turn order. Then the first turn begins."}], "foreignNames": [{"name": "Ley-Linie der Lebenskraft", "text": "Falls die Ley-Linie der Lebenskraft auf deiner Anfangshand ist, kannst du sie vor Spielbeginn ins Spiel bringen.\nKreaturen, die du kontrollierst, erhalten +0/+1.\nImmer wenn eine Kreatur unter deiner Kontrolle ins Spiel kommt, kannst du 1 Lebenspunkt dazuerhalten.", "type": "Verzauberung", "flavor": null, "imageUrl": "http://gatherer.wizards.com/Handlers/Image.ashx?multiverseid=221697&type=card", "language": "German", "multiverseid": 221697}, {"name": "L\u00ednea m\u00edstica del vigor", "text": "Si la L\u00ednea m\u00edstica del vigor est\u00e1 en tu mano inicial, puedes comenzar el juego con ella en el campo de batalla.\nLas criaturas que controlas obtienen +0/+1.\nSiempre que una criatura entre al campo de batalla bajo tu control, puedes ganar 1 vida.", "type": "Encantamiento", "flavor": null, "imageUrl": "http://gatherer.wizards.com/Handlers/Image.ashx?multiverseid=224816&type=card", "language": "Spanish", "multiverseid": 224816}, {"name": "Ligne ley de vitalit\u00e9", "text": "Si la Ligne ley de vitalit\u00e9 est dans votre main de d\u00e9part, vous pouvez l'avoir sur le champ de bataille au d\u00e9but de la partie.\nLes cr\u00e9atures que vous contr\u00f4lez gagnent +0/+1.\n\u00c0 chaque fois qu'une cr\u00e9ature arrive sur le champ de bataille sous votre contr\u00f4le, vous pouvez gagner 1 point de vie.", "type": "Enchantement", "flavor": null, "imageUrl": "http://gatherer.wizards.com/Handlers/Image.ashx?multiverseid=222267&type=card", "language": "French", "multiverseid": 222267}, {"name": "Leyline della Vitalit\u00e0", "text": "Se la Leyline della Vitalit\u00e0 \u00e8 nella tua mano iniziale, puoi cominciare la partita con essa sul campo di battaglia.\nLe creature che controlli prendono +0/+1.\nOgniqualvolta una creatura entra nel campo di battaglia sotto il tuo controllo, puoi guadagnare 1 punto vita.", "type": "Incantesimo", "flavor": null, "imageUrl": "http://gatherer.wizards.com/Handlers/Image.ashx?multiverseid=225563&type=card", "language": "Italian", "multiverseid": 225563}, {"name": "\u6d3b\u529b\u306e\u529b\u7dda", "text": "\u6d3b\u529b\u306e\u529b\u7dda\u304c\u3042\u306a\u305f\u306e\u30b2\u30fc\u30e0\u958b\u59cb\u6642\u306e\u624b\u672d\u306b\u3042\u308b\u5834\u5408\u3001\u3042\u306a\u305f\u306f\u305d\u308c\u304c\u6226\u5834\u306b\u51fa\u3066\u3044\u308b\u72b6\u614b\u3067\u30b2\u30fc\u30e0\u3092\u958b\u59cb\u3057\u3066\u3082\u3088\u3044\u3002\n\u3042\u306a\u305f\u304c\u30b3\u30f3\u30c8\u30ed\u30fc\u30eb\u3059\u308b\u30af\u30ea\u30fc\u30c1\u30e3\u30fc\u306f\uff0b\uff10/\uff0b\uff11\u306e\u4fee\u6574\u3092\u53d7\u3051\u308b\u3002\n\u30af\u30ea\u30fc\u30c1\u30e3\u30fc\u304c\uff11\u4f53\u3042\u306a\u305f\u306e\u30b3\u30f3\u30c8\u30ed\u30fc\u30eb\u4e0b\u3067\u6226\u5834\u306b\u51fa\u308b\u305f\u3073\u3001\u3042\u306a\u305f\u306f\uff11\u70b9\u306e\u30e9\u30a4\u30d5\u3092\u5f97\u3066\u3082\u3088\u3044\u3002", "type": "\u30a8\u30f3\u30c1\u30e3\u30f3\u30c8", "flavor": null, "imageUrl": "http://gatherer.wizards.com/Handlers/Image.ashx?multiverseid=226310&type=card", "language": "Japanese", "multiverseid": 226310}, {"name": "Linha de For\u00e7a da Vitalidade", "text": "Se Linha de For\u00e7a da Vitalidade estiver em sua m\u00e3o de abertura, voc\u00ea poder\u00e1 come\u00e7ar o jogo com ela no campo de batalha.\nAs criaturas que voc\u00ea controla recebem +0/+1.\nToda vez que uma criatura entra no campo de batalha sob o seu controle, voc\u00ea pode ganhar 1 ponto de vida.", "type": "Encantamento", "flavor": null, "imageUrl": "http://gatherer.wizards.com/Handlers/Image.ashx?multiverseid=225065&type=card", "language": "Portuguese (Brazil)", "multiverseid": 225065}, {"name": "\u041b\u0443\u0447\u0438 \u0416\u0438\u0437\u043d\u0435\u0441\u043f\u043e\u0441\u043e\u0431\u043d\u043e\u0441\u0442\u0438", "text": "\u0415\u0441\u043b\u0438 \u041b\u0443\u0447\u0438 \u0416\u0438\u0437\u043d\u0435\u0441\u043f\u043e\u0441\u043e\u0431\u043d\u043e\u0441\u0442\u0438 \u043d\u0430\u0445\u043e\u0434\u044f\u0442\u0441\u044f \u0432 \u0432\u0430\u0448\u0435\u0439 \u043d\u0430\u0447\u0430\u043b\u044c\u043d\u043e\u0439 \u0440\u0443\u043a\u0435, \u0432\u044b \u043c\u043e\u0436\u0435\u0442\u0435 \u043d\u0430\u0447\u0430\u0442\u044c \u043f\u0430\u0440\u0442\u0438\u044e \u0441 \u043d\u0438\u043c\u0438 \u043d\u0430 \u043f\u043e\u043b\u0435 \u0431\u0438\u0442\u0432\u044b.\n\u0421\u0443\u0449\u0435\u0441\u0442\u0432\u0430 \u043f\u043e\u0434 \u0432\u0430\u0448\u0438\u043c \u043a\u043e\u043d\u0442\u0440\u043e\u043b\u0435\u043c \u043f\u043e\u043b\u0443\u0447\u0430\u044e\u0442 +0/+1.\n\u041a\u0430\u0436\u0434\u044b\u0439 \u0440\u0430\u0437 \u043a\u043e\u0433\u0434\u0430 \u0441\u0443\u0449\u0435\u0441\u0442\u0432\u043e \u0432\u044b\u0445\u043e\u0434\u0438\u0442 \u043d\u0430 \u043f\u043e\u043b\u0435 \u0431\u0438\u0442\u0432\u044b \u043f\u043e\u0434 \u0432\u0430\u0448\u0438\u043c \u043a\u043e\u043d\u0442\u0440\u043e\u043b\u0435\u043c, \u0432\u044b \u043c\u043e\u0436\u0435\u0442\u0435 \u043f\u043e\u043b\u0443\u0447\u0438\u0442\u044c 1 \u0436\u0438\u0437\u043d\u044c.", "type": "\u0427\u0430\u0440\u044b", "flavor": null, "imageUrl": "http://gatherer.wizards.com/Handlers/Image.ashx?multiverseid=225314&type=card", "language": "Russian", "multiverseid": 225314}, {"name": "\u6d3b\u529b\u5730\u8109", "text": "\u5982\u679c\u4f60\u8d77\u624b\u7684\u624b\u724c\u5305\u542b\u4e86\u6d3b\u529b\u5730\u8109\uff0c\u4f60\u53ef\u4ee5\u8ba9\u5b83\u5728\u6218\u573a\u4e0a\u6765\u5f00\u59cb\u5bf9\u6218\u3002\n\u7531\u4f60\u64cd\u63a7\u7684\u751f\u7269\u5f97+0/+1\u3002\n\u6bcf\u5f53\u4e00\u4e2a\u751f\u7269\u5728\u4f60\u7684\u64cd\u63a7\u4e0b\u653e\u8fdb\u6218\u573a\u65f6\uff0c\u4f60\u53ef\u4ee5\u83b7\u5f971\u70b9\u751f\u547d\u3002", "type": "\u7ed3\u754c", "flavor": null, "imageUrl": "http://gatherer.wizards.com/Handlers/Image.ashx?multiverseid=226061&type=card", "language": "Chinese Simplified", "multiverseid": 226061}, {"name": "\u6d3b\u529b\u5730\u8108", "text": "\u5982\u679c\u4f60\u8d77\u624b\u7684\u624b\u724c\u5305\u542b\u4e86\u6d3b\u529b\u5730\u8108\uff0c\u4f60\u53ef\u4ee5\u8b93\u5b83\u5728\u6230\u5834\u4e0a\u4f86\u958b\u59cb\u904a\u6232\u3002\n\u7531\u4f60\u64cd\u63a7\u7684\u751f\u7269\u5f97+0/+1\u3002\n\u6bcf\u7576\u4e00\u500b\u751f\u7269\u5728\u4f60\u7684\u64cd\u63a7\u4e0b\u653e\u9032\u6230\u5834\u6642\uff0c\u4f60\u53ef\u4ee5\u7372\u5f971\u9ede\u751f\u547d\u3002", "type": "\u7d50\u754c", "flavor": null, "imageUrl": "http://gatherer.wizards.com/Handlers/Image.ashx?multiverseid=225812&type=card", "language": "Chinese Traditional", "multiverseid": 225812}], "printings": ["M11"], "originalText": "If Leyline of Vitality is in your opening hand, you may begin the game with it on the battlefield.\nCreatures you control get +0/+1.\nWhenever a creature enters the battlefield under your control, you may gain 1 life.", "originalType": "Enchantment", "legalities": [{"format": "Commander", "legality": "Legal"}, {"format": "Duel", "legality": "Legal"}, {"format": "Legacy", "legality": "Legal"}, {"format": "Modern", "legality": "Legal"}, {"format": "Penny", "legality": "Legal"}, {"format": "Vintage", "legality": "Legal"}], "id": "0af5de96-8081-5dfa-812b-b0389abdde87"}