{"name": "Llanowar Elves", "manaCost": "{G}", "cmc": 1.0, "colors": ["Green"], "colorIdentity": ["G"], "type": "Creature \u2014 Elf Druid", "types": ["Creature"], "subtypes": ["Elf", "Druid"], "rarity": "Common", "set": "10E", "setName": "Tenth Edition", "text": "{T}: Add {G}.", "flavor": "One bone broken for every twig snapped underfoot.\n\u2014Llanowar penalty for trespassing", "artist": "Kev Walker", "number": "274", "power": "1", "toughness": "1", "layout": "normal", "multiverseid": "129626", "imageUrl": "http://gatherer.wizards.com/Handlers/Image.ashx?multiverseid=129626&type=card", "foreignNames": [{"name": "Llanowarelfen", "text": "{T}: Erh\u00f6he deinen Manavorrat um {G}.", "type": "Kreatur \u2014 Elf, Druide", "flavor": "Ein gebrochener Knochen f\u00fcr jeden zertretenen Zweig. \u2014Strafe der Llanowar f\u00fcr Waldfriedensbruch", "imageUrl": "http://gatherer.wizards.com/Handlers/Image.ashx?multiverseid=148573&type=card", "language": "German", "multiverseid": 148573}, {"name": "Elfos de Llanowar", "text": "{T}: Agrega {G} a tu reserva de man\u00e1.", "type": "Criatura \u2014 Druida elfo", "flavor": "Un hueso roto por cada rama partida. \u2014Castigo llanowar a los intrusos", "imageUrl": "http://gatherer.wizards.com/Handlers/Image.ashx?multiverseid=150590&type=card", "language": "Spanish", "multiverseid": 150590}, {"name": "Elfes de Llanowar", "text": "{T} : Ajoutez {G} \u00e0 votre r\u00e9serve.", "type": "Cr\u00e9ature : elfe et druide", "flavor": "Un os bris\u00e9 pour chaque branche cass\u00e9e. \u2014Punition de Llanowar pour les intrus", "imageUrl": "http://gatherer.wizards.com/Handlers/Image.ashx?multiverseid=150207&type=card", "language": "French", "multiverseid": 150207}, {"name": "Elfi di Llanowar", "text": "{T}: Aggiungi {G} alla tua riserva di mana.", "type": "Creatura \u2014 Druido Elfo", "flavor": "Un osso rotto per ogni ramoscello calpestato. \u2014Punizione di Llanowar per gli intrusi", "imageUrl": "http://gatherer.wizards.com/Handlers/Image.ashx?multiverseid=148956&type=card", "language": "Italian", "multiverseid": 148956}, {"name": "\u30e9\u30ce\u30ef\u30fc\u30eb\u306e\u30a8\u30eb\u30d5", "text": "{T}\uff1a\u3042\u306a\u305f\u306e\u30de\u30ca\u30fb\u30d7\u30fc\u30eb\u306b{G}\u3092\u52a0\u3048\u308b\u3002", "type": "\u30af\u30ea\u30fc\u30c1\u30e3\u30fc \u2014 \u30a8\u30eb\u30d5\u30fb\u30c9\u30eb\u30a4\u30c9", "flavor": "\u5c0f\u679d\u3092\u8e0f\u307f\u6298\u308c\u3070\u3001\u9aa8\u3092\u6298\u3063\u3066\u3042\u304c\u306a\u3044\u3068\u3059\u308b\u3002 \u2015\u2015\u30e9\u30ce\u30ef\u30fc\u30eb\u306e\u30a8\u30eb\u30d5\u306e\u3001\u4fb5\u5165\u8005\u3078\u306e\u51e6\u7f70", "imageUrl": "http://gatherer.wizards.com/Handlers/Image.ashx?multiverseid=148190&type=card", "language": "Japanese", "multiverseid": 148190}, {"name": "Elfos de Llanowar", "text": "{T}: Adicione {G} \u00e0 sua reserva de mana.", "type": "Criatura \u2014 Elfo Druida", "flavor": "Um osso quebrado para cada broto de planta espezinhado. \u2014 Pena por invas\u00e3o em Llanowar", "imageUrl": "http://gatherer.wizards.com/Handlers/Image.ashx?multiverseid=149824&type=card", "language": "Portuguese (Brazil)", "multiverseid": 149824}, {"name": "\u041b\u0430\u043d\u043e\u0432\u0430\u0440\u0441\u043a\u0438\u0435 \u042d\u043b\u044c\u0444\u044b", "text": "{T}: \u0414\u043e\u0431\u0430\u0432\u044c\u0442\u0435 {G} \u0432 \u0432\u0430\u0448\u0435 \u0445\u0440\u0430\u043d\u0438\u043b\u0438\u0449\u0435 \u043c\u0430\u043d\u044b.", "type": "\u0421\u0443\u0449\u0435\u0441\u0442\u0432\u043e \u2014 \u042d\u043b\u044c\u0444 \u0414\u0440\u0443\u0438\u0434", "flavor": "\u0421\u043b\u043e\u043c\u0430\u0442\u044c \u043e\u0434\u043d\u0443 \u043a\u043e\u0441\u0442\u044c \u0437\u0430 \u043a\u0430\u0436\u0434\u0443\u044e \u0432\u0435\u0442\u043e\u0447\u043a\u0443, \u0445\u0440\u0443\u0441\u0442\u043d\u0443\u0432\u0448\u0443\u044e \u043f\u043e\u0434 \u043d\u043e\u0433\u0430\u043c\u0438. \u2014 \u041b\u0430\u043d\u043e\u0432\u0430\u0440\u0441\u043a\u043e\u0435 \u043d\u0430\u043a\u0430\u0437\u0430\u043d\u0438\u0435 \u0437\u0430 \u043d\u0430\u0440\u0443\u0448\u0435\u043d\u0438\u0435 \u0433\u0440\u0430\u043d\u0438\u0446", "imageUrl": "http://gatherer.wizards.com/Handlers/Image.ashx?multiverseid=149441&type=card", "language": "Russian", "multiverseid": 149441}, {"name": "\u7f57\u5830\u5730\u7cbe", "text": "{T}\uff1a\u52a0{G}\u5230\u4f60\u7684\u6cd5\u672f\u529b\u6c60\u4e2d\u3002", "type": "\u751f\u7269\uff5e\u5730\u7cbe\uff0f\u5fb7\u9c81\u4f0a", "flavor": "\u6bcf\u8e29\u65ad\u811a\u4e0b\u4e00\u6839\u6811\u679d\u5c31\u6253\u65ad\u4e00\u6839\u9aa8\u5934\u3002 \uff5e\u7f57\u5830\u65cf\u5bf9\u975e\u6cd5\u5165\u4fb5\u8005\u7684\u7f5a\u5219", "imageUrl": "http://gatherer.wizards.com/Handlers/Image.ashx?multiverseid=147807&type=card", "language": "Chinese Simplified", "multiverseid": 147807}], "printings": ["10E", "2ED", "3ED", "4BB", "4ED", "5ED", "6ED", "7ED", "9ED", "ATH", "BRB", "BTD", "C14", "CED", "CEI", "CMA", "DD1", "DOM", "EMA", "EVG", "FBB", "FNM", "GNT", "LEA", "LEB", "M10", "M11", "M12", "M19", "MB1", "PANA", "PDOM", "PG07", "PRM", "PTC", "SUM", "WC00", "WC01", "WC02", "WC99"], "originalText": "{T}: Add {G} to your mana pool.", "originalType": "Creature - Elf Druid", "legalities": [{"format": "Commander", "legality": "Legal"}, {"format": "Duel", "legality": "Legal"}, {"format": "Gladiator", "legality": "Legal"}, {"format": "Historic", "legality": "Legal"}, {"format": "Legacy", "legality": "Legal"}, {"format": "Modern", "legality": "Legal"}, {"format": "Pauper", "legality": "Legal"}, {"format": "Penny", "legality": "Legal"}, {"format": "Pioneer", "legality": "Legal"}, {"format": "Premodern", "legality": "Legal"}, {"format": "Vintage", "legality": "Legal"}], "id": "51106f17-5dd1-5853-b45b-453d83b9d979"}