{"name": "Lochmere Serpent", "manaCost": "{4}{U}{B}", "cmc": 6.0, "colors": ["Black", "Blue"], "colorIdentity": ["B", "U"], "type": "Creature \u2014 Serpent", "types": ["Creature"], "subtypes": ["Serpent"], "rarity": "Rare", "set": "ELD", "setName": "Throne of Eldraine", "text": "Flash\n{U}, Sacrifice an Island: Lochmere Serpent can't be blocked this turn.\n{B}, Sacrifice a Swamp: You gain 1 life and draw a card.\n{U}{B}: Exile five target cards from an opponent's graveyard. Return Lochmere Serpent from your graveyard to your hand. Activate this ability only any time you could cast a sorcery.", "artist": "Sam Burley", "number": "195", "power": "7", "toughness": "7", "layout": "normal", "multiverseid": "473157", "imageUrl": "http://gatherer.wizards.com/Handlers/Image.ashx?multiverseid=473157&type=card", "variations": ["ffe2f826-0559-576d-b0c7-065d3e2621b6"], "rulings": [{"date": "2019-10-04", "text": "An Island is a land with the subtype Island, not any land that could produce blue mana. For example, Mystic Sanctuary is an Island, but Castle Vantress isn\u2019t. Similarly, a Swamp is a land with the subtype Swamp, not any land that could produce black mana."}, {"date": "2019-10-04", "text": "Activating Lochmere Serpent\u2019s first activated ability after it has become blocked won\u2019t cause it to become unblocked."}, {"date": "2019-10-04", "text": "You can\u2019t activate Lochmere Serpent\u2019s last ability without targeting five cards in a single opponent\u2019s graveyard."}, {"date": "2019-10-04", "text": "If up to four of the target cards are illegal targets by the time Lochmere Serpent\u2019s last ability resolves, the remaining legal targets are exiled and Lochmere Serpent is returned to your hand."}, {"date": "2019-10-04", "text": "If each target card is an illegal target by the time Lochmere Serpent\u2019s last ability resolves, the entire ability won\u2019t resolve. Lochmere Serpent won\u2019t be returned."}], "foreignNames": [{"name": "Lochmere-Seeschlange", "text": "Aufblitzen\n{U}, opfere eine Insel: Die Lochmere-Seeschlange kann in diesem Zug nicht geblockt werden.\n{B}, opfere einen Sumpf: Du erh\u00e4ltst 1 Lebenspunkt dazu und ziehst eine Karte.\n{U}{B}: Schicke f\u00fcnf Karten deiner Wahl aus dem Friedhof eines Gegners ins Exil. Bringe die Lochmere-Seeschlange aus deinem Friedhof auf deine Hand zur\u00fcck. Aktiviere diese F\u00e4higkeit nur zu einem Zeitpunkt, zu dem du auch eine Hexerei wirken k\u00f6nntest.", "type": "Kreatur \u2014 Schlange", "flavor": null, "imageUrl": "http://gatherer.wizards.com/Handlers/Image.ashx?multiverseid=473426&type=card", "language": "German", "multiverseid": 473426}, {"name": "Serpiente de Lochmere", "text": "Destello.\n{U}, sacrificar una Isla: La Serpiente de Lochmere no puede ser bloqueada este turno.\n{B}, sacrificar un Pantano: Ganas 1 vida y robas una carta.\n{U}{B}: Exilia cinco cartas objetivo del cementerio de un oponente. Regresa la Serpiente de Lochmere de tu cementerio a tu mano. Activa esta habilidad solo cuando puedas lanzar un conjuro.", "type": "Criatura \u2014 Serpiente", "flavor": null, "imageUrl": "http://gatherer.wizards.com/Handlers/Image.ashx?multiverseid=473695&type=card", "language": "Spanish", "multiverseid": 473695}, {"name": "Grand serpent de Lochmere", "text": "Flash\n{U}, sacrifiez une \u00eele : Le Grand serpent de Lochmere ne peut pas \u00eatre bloqu\u00e9 ce tour-ci.\n{B}, sacrifiez un marais : Vous gagnez 1 point de vie et vous piochez une carte.\n{U}{B} : Exilez cinq cartes cibl\u00e9es depuis le cimeti\u00e8re d'un adversaire. Renvoyez le Grand serpent de Lochmere depuis votre cimeti\u00e8re dans votre main. N'activez cette capacit\u00e9 que lorsque vous pourriez lancer un rituel.", "type": "Cr\u00e9ature : grand serpent", "flavor": null, "imageUrl": "http://gatherer.wizards.com/Handlers/Image.ashx?multiverseid=473964&type=card", "language": "French", "multiverseid": 473964}, {"name": "Serpe del Lochmere", "text": "Lampo\n{U}, Sacrifica un'Isola: La Serpe del Lochmere non pu\u00f2 essere bloccata in questo turno.\n{B}, Sacrifica una Palude: Guadagni 1 punto vita e peschi una carta.\n{U}{B}: Esilia cinque carte bersaglio dai cimiteri dei tuoi avversari. Riprendi in mano la Serpe del Lochmere dal tuo cimitero. Attiva questa abilit\u00e0 solo quando potresti lanciare una stregoneria.", "type": "Creatura \u2014 Serpe", "flavor": null, "imageUrl": "http://gatherer.wizards.com/Handlers/Image.ashx?multiverseid=474233&type=card", "language": "Italian", "multiverseid": 474233}, {"name": "\u30e1\u30a2\u6e56\u306e\u6d77\u86c7", "text": "\u77ac\u901f\n{U}, \u5cf6\uff11\u3064\u3092\u751f\u3051\u8d04\u306b\u6367\u3052\u308b\uff1a\u3053\u306e\u30bf\u30fc\u30f3\u3001\u30e1\u30a2\u6e56\u306e\u6d77\u86c7\u306f\u30d6\u30ed\u30c3\u30af\u3055\u308c\u306a\u3044\u3002\n{B}, \u6cbc\uff11\u3064\u3092\u751f\u3051\u8d04\u306b\u6367\u3052\u308b\uff1a\u3042\u306a\u305f\u306f\uff11\u70b9\u306e\u30e9\u30a4\u30d5\u3092\u5f97\u3066\u30ab\u30fc\u30c9\u3092\uff11\u679a\u5f15\u304f\u3002\n{U}{B}\uff1a\u5bfe\u6226\u76f8\u624b\uff11\u4eba\u306e\u5893\u5730\u304b\u3089\u30ab\u30fc\u30c9\uff15\u679a\u3092\u5bfe\u8c61\u3068\u3057\u3001\u305d\u308c\u3089\u3092\u8ffd\u653e\u3059\u308b\u3002\u3042\u306a\u305f\u306e\u5893\u5730\u304b\u3089\u30e1\u30a2\u6e56\u306e\u6d77\u86c7\u3092\u3042\u306a\u305f\u306e\u624b\u672d\u306b\u623b\u3059\u3002\u3053\u306e\u80fd\u529b\u306f\u3001\u3042\u306a\u305f\u304c\u30bd\u30fc\u30b5\u30ea\u30fc\u3092\u5531\u3048\u3089\u308c\u308b\u3068\u304d\u306b\u306e\u307f\u8d77\u52d5\u3067\u304d\u308b\u3002", "type": "\u30af\u30ea\u30fc\u30c1\u30e3\u30fc \u2014 \u6d77\u86c7", "flavor": null, "imageUrl": "http://gatherer.wizards.com/Handlers/Image.ashx?multiverseid=474502&type=card", "language": "Japanese", "multiverseid": 474502}, {"name": "\ub85c\ud06c\ubbf8\uc5b4 \uc774\ubb34\uae30", "text": "\uc12c\uad11\n{U}, \uc12c \ud55c \uac1c\ub97c \ud76c\uc0dd\ud55c\ub2e4: \ub85c\ud06c\ubbf8\uc5b4 \uc774\ubb34\uae30\ub294 \uc774\ubc88 \ud134\uc5d0 \ubc29\uc5b4\ub420 \uc218 \uc5c6\ub2e4.\n{B}, \ub2aa \ud55c \uac1c\ub97c \ud76c\uc0dd\ud55c\ub2e4: \ub2f9\uc2e0\uc740 \uc0dd\uba85 1\uc810\uc744 \uc5bb\uace0 \uce74\ub4dc \ud55c \uc7a5\uc744 \ubf51\ub294\ub2e4.\n{U}{B}: \uc0c1\ub300 \ud55c\uba85\uc758 \ubb34\ub364\uc5d0\uc11c \uce74\ub4dc \ub2e4\uc12f \uc7a5\uc744 \ubaa9\ud45c\ub85c \uc815\ud55c\ub2e4. \uadf8 \uce74\ub4dc\ub4e4\uc744 \ucd94\ubc29\ud55c\ub2e4. \ub85c\ud06c\ubbf8\uc5b4 \uc774\ubb34\uae30\ub97c \ub2f9\uc2e0\uc758 \ubb34\ub364\uc5d0\uc11c \ub2f9\uc2e0\uc758 \uc190\uc73c\ub85c \ub418\ub3cc\ub9b0\ub2e4. \ub2f9\uc2e0\uc774 \uc9d1\uc911\ub9c8\ubc95\uc744 \ubc1c\ub3d9\ud560 \uc218 \uc788\ub294 \uc2dc\uae30\uc5d0\ub9cc \uc774 \ub2a5\ub825\uc744 \ud65c\uc131\ud654\ud560 \uc218 \uc788\ub2e4.", "type": "\uc0dd\ubb3c \u2014 \uc774\ubb34\uae30", "flavor": null, "imageUrl": "http://gatherer.wizards.com/Handlers/Image.ashx?multiverseid=474771&type=card", "language": "Korean", "multiverseid": 474771}, {"name": "Serpente do Lago Mere", "text": "Lampejo\n{U}, sacrifique uma Ilha: Serpente do Lago Mere n\u00e3o pode ser bloqueada neste turno.\n{B}, sacrifique um P\u00e2ntano: Voc\u00ea ganha 1 ponto de vida e compra um card.\n{U}{B}: Exile cinco cards alvo do cemit\u00e9rio de um oponente. Devolva Serpente do Lago Mere de seu cemit\u00e9rio para sua m\u00e3o. Ative esta habilidade somente nos momentos em que poderia conjurar um feiti\u00e7o.", "type": "Criatura \u2014 Serpente", "flavor": null, "imageUrl": "http://gatherer.wizards.com/Handlers/Image.ashx?multiverseid=475040&type=card", "language": "Portuguese (Brazil)", "multiverseid": 475040}, {"name": "\u041b\u043e\u0445-\u041c\u0435\u0440\u0441\u043a\u0438\u0439 \u0417\u043c\u0435\u0439", "text": "\u041c\u0438\u0433\n{U}, \u043f\u043e\u0436\u0435\u0440\u0442\u0432\u0443\u0439\u0442\u0435 \u041e\u0441\u0442\u0440\u043e\u0432: \u041b\u043e\u0445-\u041c\u0435\u0440\u0441\u043a\u0438\u0439 \u0417\u043c\u0435\u0439 \u043d\u0435 \u043c\u043e\u0436\u0435\u0442 \u0431\u044b\u0442\u044c \u0437\u0430\u0431\u043b\u043e\u043a\u0438\u0440\u043e\u0432\u0430\u043d \u0432 \u044d\u0442\u043e\u043c \u0445\u043e\u0434\u0443.\n{B}, \u043f\u043e\u0436\u0435\u0440\u0442\u0432\u0443\u0439\u0442\u0435 \u0411\u043e\u043b\u043e\u0442\u043e: \u0432\u044b \u043f\u043e\u043b\u0443\u0447\u0430\u0435\u0442\u0435 1 \u0436\u0438\u0437\u043d\u044c \u0438 \u0431\u0435\u0440\u0435\u0442\u0435 \u043a\u0430\u0440\u0442\u0443.\n{U}{B}: \u0438\u0437\u0433\u043e\u043d\u0438\u0442\u0435 \u043f\u044f\u0442\u044c \u0446\u0435\u043b\u0435\u0432\u044b\u0445 \u043a\u0430\u0440\u0442 \u0438\u0437 \u043a\u043b\u0430\u0434\u0431\u0438\u0449\u0430 \u043e\u043f\u043f\u043e\u043d\u0435\u043d\u0442\u0430. \u0412\u0435\u0440\u043d\u0438\u0442\u0435 \u041b\u043e\u0445-\u041c\u0435\u0440\u0441\u043a\u043e\u0433\u043e \u0417\u043c\u0435\u044f \u0438\u0437 \u0432\u0430\u0448\u0435\u0433\u043e \u043a\u043b\u0430\u0434\u0431\u0438\u0449\u0430 \u0432 \u0432\u0430\u0448\u0443 \u0440\u0443\u043a\u0443. \u0410\u043a\u0442\u0438\u0432\u0438\u0440\u0443\u0439\u0442\u0435 \u044d\u0442\u0443 \u0441\u043f\u043e\u0441\u043e\u0431\u043d\u043e\u0441\u0442\u044c \u0442\u043e\u043b\u044c\u043a\u043e \u043f\u0440\u0438 \u0432\u043e\u0437\u043c\u043e\u0436\u043d\u043e\u0441\u0442\u0438 \u0440\u0430\u0437\u044b\u0433\u0440\u044b\u0432\u0430\u0442\u044c \u0432\u043e\u043b\u0448\u0435\u0431\u0441\u0442\u0432\u043e.", "type": "\u0421\u0443\u0449\u0435\u0441\u0442\u0432\u043e \u2014 \u0417\u043c\u0435\u0439", "flavor": null, "imageUrl": "http://gatherer.wizards.com/Handlers/Image.ashx?multiverseid=475309&type=card", "language": "Russian", "multiverseid": 475309}, {"name": "\u5bc6\u5c14\u6e56\u5de8\u86c7", "text": "\u95ea\u73b0\n{U}\uff0c\u727a\u7272\u4e00\u4e2a\u6d77\u5c9b\uff1a\u5bc6\u5c14\u6e56\u5de8\u86c7\u672c\u56de\u5408\u4e0d\u80fd\u88ab\u963b\u6321\u3002\n{B}\uff0c\u727a\u7272\u4e00\u4e2a\u6cbc\u6cfd\uff1a\u4f60\u83b7\u5f971\u70b9\u751f\u547d\u4e14\u6293\u4e00\u5f20\u724c\u3002\n{U}{B}\uff1a\u5c06\u4e94\u5f20\u76ee\u6807\u5728\u540c\u4e00\u5bf9\u624b\u575f\u5893\u573a\u4e2d\u7684\u724c\u653e\u9010\u3002\u5c06\u5bc6\u5c14\u6e56\u5de8\u86c7\u4ece\u4f60\u7684\u575f\u5893\u573a\u79fb\u56de\u4f60\u624b\u4e0a\u3002\u53ea\u53ef\u4ee5\u4e8e\u4f60\u80fd\u65bd\u653e\u6cd5\u672f\u7684\u65f6\u673a\u4e0b\u8d77\u52a8\u6b64\u5f02\u80fd\u3002", "type": "\u751f\u7269 \uff5e\u5de8\u86c7", "flavor": null, "imageUrl": "http://gatherer.wizards.com/Handlers/Image.ashx?multiverseid=475578&type=card", "language": "Chinese Simplified", "multiverseid": 475578}, {"name": "\u5bc6\u723e\u6e56\u5de8\u86c7", "text": "\u9583\u73fe\n{U}\uff0c\u72a7\u7272\u4e00\u500b\u6d77\u5cf6\uff1a\u5bc6\u723e\u6e56\u5de8\u86c7\u672c\u56de\u5408\u4e0d\u80fd\u88ab\u963b\u64cb\u3002\n{B}\uff0c\u72a7\u7272\u4e00\u500b\u6cbc\u6fa4\uff1a\u4f60\u7372\u5f971\u9ede\u751f\u547d\u4e14\u62bd\u4e00\u5f35\u724c\u3002\n{U}{B}\uff1a\u5c07\u4e94\u5f35\u76ee\u6a19\u5728\u540c\u4e00\u5c0d\u624b\u58b3\u5893\u5834\u4e2d\u7684\u724c\u653e\u9010\u3002\u5c07\u5bc6\u723e\u6e56\u5de8\u86c7\u5f9e\u4f60\u7684\u58b3\u5893\u5834\u79fb\u56de\u4f60\u624b\u4e0a\u3002\u53ea\u53ef\u4ee5\u65bc\u4f60\u80fd\u65bd\u653e\u5deb\u8853\u7684\u6642\u6a5f\u4e0b\u8d77\u52d5\u6b64\u7570\u80fd\u3002", "type": "\u751f\u7269 \uff5e\u5de8\u86c7", "flavor": null, "imageUrl": "http://gatherer.wizards.com/Handlers/Image.ashx?multiverseid=475847&type=card", "language": "Chinese Traditional", "multiverseid": 475847}], "printings": ["ELD", "PELD"], "originalText": "Flash\n{U}, Sacrifice an Island: Lochmere Serpent can't be blocked this turn.\n{B}, Sacrifice a Swamp: You gain 1 life and draw a card.\n{U}{B}: Exile five target cards from an opponent's graveyard. Return Lochmere Serpent from your graveyard to your hand. Activate this ability only any time you could cast a sorcery.", "originalType": "Creature \u2014 Serpent", "legalities": [{"format": "Brawl", "legality": "Legal"}, {"format": "Commander", "legality": "Legal"}, {"format": "Duel", "legality": "Legal"}, {"format": "Future", "legality": "Legal"}, {"format": "Gladiator", "legality": "Legal"}, {"format": "Historic", "legality": "Legal"}, {"format": "Legacy", "legality": "Legal"}, {"format": "Modern", "legality": "Legal"}, {"format": "Penny", "legality": "Legal"}, {"format": "Pioneer", "legality": "Legal"}, {"format": "Standard", "legality": "Legal"}, {"format": "Vintage", "legality": "Legal"}], "id": "a6cfb134-1b19-53cf-8f54-2ef8dd87c3ab"}