{"name": "Lotus Cobra", "manaCost": "{1}{G}", "cmc": 2.0, "colors": ["Green"], "colorIdentity": ["G"], "type": "Creature \u2014 Snake", "types": ["Creature"], "subtypes": ["Snake"], "rarity": "Rare", "set": "IMA", "setName": "Iconic Masters", "text": "Landfall \u2014 Whenever a land enters the battlefield under your control, add one mana of any color.", "flavor": "Its scales contain the essence of thousands of lotus blooms.", "artist": "Chippy", "number": "174", "power": "2", "toughness": "1", "layout": "normal", "multiverseid": "438740", "imageUrl": "http://gatherer.wizards.com/Handlers/Image.ashx?multiverseid=438740&type=card", "rulings": [{"date": "2009-10-01", "text": "When a land enters the battlefield under your control, each landfall ability of the permanents you control will trigger. You can put them on the stack in any order. The last ability you put on the stack will be the first one that resolves."}, {"date": "2009-10-01", "text": "The landfall ability triggers whenever a land enters the battlefield under your control for any reason. It triggers whenever you play a land, as well as whenever a spell or ability (such as Rampant Growth) causes you to put a land onto the battlefield under your control. It will even trigger when a spell or ability causes another player to put a land onto the battlefield under your control (as can happen with Yavimaya Dryad\u2019s ability, for example)."}, {"date": "2017-11-17", "text": "Lotus Cobra\u2019s ability isn\u2019t a mana ability. Opponents may respond to it before you have that mana."}, {"date": "2020-09-25", "text": "Lotus Cobra\u2019s ability uses the stack and players may respond to it. It isn\u2019t a mana ability because the event that causes it to trigger isn\u2019t a mana ability."}, {"date": "2020-09-25", "text": "A landfall ability triggers whenever a land enters the battlefield under your control for any reason. It triggers whenever you play a land, as well as whenever a spell or ability puts a land onto the battlefield under your control."}, {"date": "2020-09-25", "text": "A landfall ability doesn\u2019t trigger if a permanent already on the battlefield becomes a land."}, {"date": "2020-09-25", "text": "Whenever a land enters the battlefield under your control, each landfall ability of the permanents you control will trigger. You can put them on the stack in any order. The last ability you put on the stack will be the first one to resolve."}], "foreignNames": [{"name": "\u6c34\u84ee\u306e\u30b3\u30d6\u30e9", "text": "\u4e0a\u9678 \u2015 \u571f\u5730\u304c\uff11\u3064\u3042\u306a\u305f\u306e\u30b3\u30f3\u30c8\u30ed\u30fc\u30eb\u4e0b\u3067\u6226\u5834\u306b\u51fa\u308b\u305f\u3073\u3001\u3042\u306a\u305f\u306f\u3042\u306a\u305f\u306e\u30de\u30ca\u30fb\u30d7\u30fc\u30eb\u306b\u597d\u304d\u306a\u8272\uff11\u8272\u306e\u30de\u30ca\uff11\u70b9\u3092\u52a0\u3048\u3066\u3082\u3088\u3044\u3002", "type": "\u30af\u30ea\u30fc\u30c1\u30e3\u30fc \u2014 \u86c7", "flavor": "\u305d\u306e\u9c57\u306b\u306f\u4f55\u5343\u3082\u306e\u84ee\u306e\u82b1\u306e\u9999\u6db2\u304c\u542b\u307e\u308c\u3066\u3044\u308b\u3002", "imageUrl": "http://gatherer.wizards.com/Handlers/Image.ashx?multiverseid=438989&type=card", "language": "Japanese", "multiverseid": 438989}, {"name": "\u83b2\u82b1\u773c\u955c\u86c7", "text": "\u5730\u843d\uff5e\u6bcf\u5f53\u4e00\u4e2a\u5730\u5728\u4f60\u7684\u64cd\u63a7\u4e0b\u8fdb\u6218\u573a\u65f6\uff0c\u4f60\u53ef\u4ee5\u52a0\u4e00\u70b9\u4efb\u610f\u989c\u8272\u7684\u6cd5\u672f\u529b\u5230\u4f60\u7684\u6cd5\u672f\u529b\u6c60\u4e2d\u3002", "type": "\u751f\u7269\uff5e\u86c7", "flavor": "\u5176\u9cde\u7247\u5305\u85cf\u5343\u767e\u83b2\u82b1\u7684\u83c1\u534e\u3002", "imageUrl": "http://gatherer.wizards.com/Handlers/Image.ashx?multiverseid=439238&type=card", "language": "Chinese Simplified", "multiverseid": 439238}], "printings": ["IMA", "PGPX", "PRM", "PZNR", "ZEN", "ZNR"], "originalText": "Landfall \u2014 Whenever a land enters the battlefield under your control, you may add one mana of any color to your mana pool.", "originalType": "Creature \u2014 Snake", "legalities": [{"format": "Brawl", "legality": "Legal"}, {"format": "Commander", "legality": "Legal"}, {"format": "Duel", "legality": "Legal"}, {"format": "Future", "legality": "Legal"}, {"format": "Gladiator", "legality": "Legal"}, {"format": "Historic", "legality": "Legal"}, {"format": "Legacy", "legality": "Legal"}, {"format": "Modern", "legality": "Legal"}, {"format": "Pioneer", "legality": "Legal"}, {"format": "Standard", "legality": "Legal"}, {"format": "Vintage", "legality": "Legal"}], "id": "f8847b9d-b990-5b1f-ab15-b979fad936e1"}