{"name": "Massacre Wurm", "manaCost": "{3}{B}{B}{B}", "cmc": 6.0, "colors": ["Black"], "colorIdentity": ["B"], "type": "Creature \u2014 Wurm", "types": ["Creature"], "subtypes": ["Wurm"], "rarity": "Mythic", "set": "M21", "setName": "Core Set 2021", "text": "When Massacre Wurm enters the battlefield, creatures your opponents control get -2/-2 until end of turn.\nWhenever a creature an opponent controls dies, that player loses 2 life.", "artist": "Jason Chan", "number": "114", "power": "6", "toughness": "5", "layout": "normal", "multiverseid": "485437", "imageUrl": "http://gatherer.wizards.com/Handlers/Image.ashx?multiverseid=485437&type=card", "variations": ["84075610-bcac-509d-acd3-0717da7c91e2"], "rulings": [{"date": "2020-06-23", "text": "Massacre Wurm\u2019s first ability affects only creatures your opponents control at the time it resolves. Creatures they begin to control later in the turn won\u2019t get -2/-2."}, {"date": "2020-06-23", "text": "Massacre Wurm\u2019s triggered ability triggers if a creature an opponent controls dies for any reason, including from its first ability reducing its toughness to 0, as long as Massacre Wurm remains on the battlefield."}, {"date": "2020-06-23", "text": "If a creature an opponent controls dies at the same time as Massacre Wurm, Massacre Wurm\u2019s last ability triggers for that creature."}, {"date": "2020-06-23", "text": "If your life total is brought to 0 or less at the same time that a creature an opponent controls is dealt lethal damage, you lose the game before Massacre Wurm\u2019s last ability goes on the stack."}], "foreignNames": [{"name": "Massakerwurm", "text": "Wenn der Massakerwurm ins Spiel kommt, erhalten Kreaturen, die deine Gegner kontrollieren, -2/-2 bis zum Ende des Zuges.\nImmer wenn eine Kreatur stirbt, die ein Gegner kontrolliert, verliert jener Spieler 2 Lebenspunkte.", "type": "Kreatur \u2014 Wurm", "flavor": null, "imageUrl": "http://gatherer.wizards.com/Handlers/Image.ashx?multiverseid=485696&type=card", "language": "German", "multiverseid": 485696}, {"name": "Sierpe de la masacre", "text": "Cuando la Sierpe de la masacre entre al campo de batalla, las criaturas que controlan tus oponentes obtienen -2/-2 hasta el final del turno.\nSiempre que una criatura que controla un oponente muera, ese jugador pierde 2 vidas.", "type": "Criatura \u2014 Sierpe", "flavor": null, "imageUrl": "http://gatherer.wizards.com/Handlers/Image.ashx?multiverseid=485955&type=card", "language": "Spanish", "multiverseid": 485955}, {"name": "Guivre du massacre", "text": "Quand la Guivre du massacre arrive sur le champ de bataille, les cr\u00e9atures que vos adversaires contr\u00f4lent gagnent -2/-2 jusqu'\u00e0 la fin du tour.\n\u00c0 chaque fois qu'une cr\u00e9ature qu'un adversaire contr\u00f4le meurt, ce joueur perd 2 points de vie.", "type": "Cr\u00e9ature : guivre", "flavor": null, "imageUrl": "http://gatherer.wizards.com/Handlers/Image.ashx?multiverseid=486214&type=card", "language": "French", "multiverseid": 486214}, {"name": "Wurm della Strage", "text": "Quando il Wurm della Strage entra nel campo di battaglia, le creature controllate dai tuoi avversari prendono -2/-2 fino alla fine del turno.\nOgniqualvolta una creatura controllata da un avversario muore, quel giocatore perde 2 punti vita.", "type": "Creatura \u2014 Wurm", "flavor": null, "imageUrl": "http://gatherer.wizards.com/Handlers/Image.ashx?multiverseid=486473&type=card", "language": "Italian", "multiverseid": 486473}, {"name": "\u8650\u6bba\u306e\u30ef\u30fc\u30e0", "text": "\u8650\u6bba\u306e\u30ef\u30fc\u30e0\u304c\u6226\u5834\u306b\u51fa\u305f\u3068\u304d\u3001\u30bf\u30fc\u30f3\u7d42\u4e86\u6642\u307e\u3067\u3001\u5bfe\u6226\u76f8\u624b\u304c\u30b3\u30f3\u30c8\u30ed\u30fc\u30eb\u3057\u3066\u3044\u308b\u30af\u30ea\u30fc\u30c1\u30e3\u30fc\u306f\uff0d\uff12/\uff0d\uff12\u306e\u4fee\u6574\u3092\u53d7\u3051\u308b\u3002\n\u5bfe\u6226\u76f8\u624b\u304c\u30b3\u30f3\u30c8\u30ed\u30fc\u30eb\u3057\u3066\u3044\u308b\u30af\u30ea\u30fc\u30c1\u30e3\u30fc\u304c\u6b7b\u4ea1\u3059\u308b\u305f\u3073\u3001\u305d\u306e\u30d7\u30ec\u30a4\u30e4\u30fc\u306f\uff12\u70b9\u306e\u30e9\u30a4\u30d5\u3092\u5931\u3046\u3002", "type": "\u30af\u30ea\u30fc\u30c1\u30e3\u30fc \u2014 \u30ef\u30fc\u30e0", "flavor": null, "imageUrl": "http://gatherer.wizards.com/Handlers/Image.ashx?multiverseid=486732&type=card", "language": "Japanese", "multiverseid": 486732}, {"name": "\ub300\ud559\uc0b4\uc758 \uc6dc", "text": "\ub300\ud559\uc0b4\uc758 \uc6dc\uc774 \uc804\uc7a5\uc5d0 \ub4e4\uc5b4\uc62c \ub54c, \uc0c1\ub300\uac00 \uc870\uc885\ud558\ub294 \uc0dd\ubb3c\ub4e4\uc740 \ud134\uc885\ub8cc\uae4c\uc9c0 -2/-2\ub97c \ubc1b\ub294\ub2e4.\n\uc0c1\ub300\uac00 \uc870\uc885\ud558\ub294 \uc0dd\ubb3c\uc774 \uc8fd\uc744 \ub54c\ub9c8\ub2e4, \uadf8 \ud50c\ub808\uc774\uc5b4\ub294 \uc0dd\uba85 2\uc810\uc744 \uc783\ub294\ub2e4.", "type": "\uc0dd\ubb3c \u2014 \uc6dc", "flavor": null, "imageUrl": "http://gatherer.wizards.com/Handlers/Image.ashx?multiverseid=486991&type=card", "language": "Korean", "multiverseid": 486991}, {"name": "Vorme do Massacre", "text": "Quando Vorme do Massacre entra no campo de batalha, as criaturas que seus oponentes controlam recebem -2/-2 at\u00e9 o final do turno.\nToda vez que uma criatura que um oponente controla morre, aquele jogador perde 2 pontos de vida.", "type": "Criatura \u2014 Vorme", "flavor": null, "imageUrl": "http://gatherer.wizards.com/Handlers/Image.ashx?multiverseid=487250&type=card", "language": "Portuguese (Brazil)", "multiverseid": 487250}, {"name": "\u0412\u0443\u0440\u043c \u041f\u043e\u0431\u043e\u0438\u0449\u0430", "text": "\u041a\u043e\u0433\u0434\u0430 \u0412\u0443\u0440\u043c \u041f\u043e\u0431\u043e\u0438\u0449\u0430 \u0432\u044b\u0445\u043e\u0434\u0438\u0442 \u043d\u0430 \u043f\u043e\u043b\u0435 \u0431\u0438\u0442\u0432\u044b, \u0441\u0443\u0449\u0435\u0441\u0442\u0432\u0430 \u043f\u043e\u0434 \u043a\u043e\u043d\u0442\u0440\u043e\u043b\u0435\u043c \u0432\u0430\u0448\u0438\u0445 \u043e\u043f\u043f\u043e\u043d\u0435\u043d\u0442\u043e\u0432 \u043f\u043e\u043b\u0443\u0447\u0430\u044e\u0442 -2/-2 \u0434\u043e \u043a\u043e\u043d\u0446\u0430 \u0445\u043e\u0434\u0430.\n\u041a\u0430\u0436\u0434\u044b\u0439 \u0440\u0430\u0437, \u043a\u043e\u0433\u0434\u0430 \u0441\u0443\u0449\u0435\u0441\u0442\u0432\u043e \u043f\u043e\u0434 \u043a\u043e\u043d\u0442\u0440\u043e\u043b\u0435\u043c \u043e\u043f\u043f\u043e\u043d\u0435\u043d\u0442\u0430 \u0443\u043c\u0438\u0440\u0430\u0435\u0442, \u0442\u043e\u0442 \u0438\u0433\u0440\u043e\u043a \u0442\u0435\u0440\u044f\u0435\u0442 2 \u0436\u0438\u0437\u043d\u0438.", "type": "\u0421\u0443\u0449\u0435\u0441\u0442\u0432\u043e \u2014 \u0412\u0443\u0440\u043c", "flavor": null, "imageUrl": "http://gatherer.wizards.com/Handlers/Image.ashx?multiverseid=487509&type=card", "language": "Russian", "multiverseid": 487509}, {"name": "\u5c60\u622e\u4e9a\u9f99", "text": "\u5f53\u5c60\u622e\u4e9a\u9f99\u8fdb\u6218\u573a\u65f6\uff0c\u7531\u5bf9\u624b\u64cd\u63a7\u7684\u751f\u7269\u5f97-2/-2\u76f4\u5230\u56de\u5408\u7ed3\u675f\u3002\n\u6bcf\u5f53\u4e00\u4e2a\u7531\u5bf9\u624b\u64cd\u63a7\u7684\u751f\u7269\u6b7b\u53bb\u65f6\uff0c\u8be5\u724c\u624b\u5931\u53bb2\u70b9\u751f\u547d\u3002", "type": "\u751f\u7269 \uff5e\u4e9a\u9f99", "flavor": null, "imageUrl": "http://gatherer.wizards.com/Handlers/Image.ashx?multiverseid=487768&type=card", "language": "Chinese Simplified", "multiverseid": 487768}, {"name": "\u5c60\u622e\u4e9e\u9f8d", "text": "\u7576\u5c60\u622e\u4e9e\u9f8d\u9032\u6230\u5834\u6642\uff0c\u7531\u5c0d\u624b\u64cd\u63a7\u7684\u751f\u7269\u5f97-2/-2\u76f4\u5230\u56de\u5408\u7d50\u675f\u3002\n\u6bcf\u7576\u4e00\u500b\u7531\u5c0d\u624b\u64cd\u63a7\u7684\u751f\u7269\u6b7b\u53bb\u6642\uff0c\u8a72\u73a9\u5bb6\u5931\u53bb2\u9ede\u751f\u547d\u3002", "type": "\u751f\u7269 \uff5e\u4e9e\u9f8d", "flavor": null, "imageUrl": "http://gatherer.wizards.com/Handlers/Image.ashx?multiverseid=488027&type=card", "language": "Chinese Traditional", "multiverseid": 488027}], "printings": ["M21", "MBS", "PM21"], "originalText": "When Massacre Wurm enters the battlefield, creatures your opponents control get -2/-2 until end of turn.\nWhenever a creature an opponent controls dies, that player loses 2 life.", "originalType": "Creature \u2014 Wurm", "legalities": [{"format": "Brawl", "legality": "Legal"}, {"format": "Commander", "legality": "Legal"}, {"format": "Duel", "legality": "Legal"}, {"format": "Future", "legality": "Legal"}, {"format": "Gladiator", "legality": "Legal"}, {"format": "Historic", "legality": "Legal"}, {"format": "Legacy", "legality": "Legal"}, {"format": "Modern", "legality": "Legal"}, {"format": "Pioneer", "legality": "Legal"}, {"format": "Standard", "legality": "Legal"}, {"format": "Vintage", "legality": "Legal"}], "id": "f7912e33-fa58-58fc-b194-f2437eb1431e"}