{"name": "Memorial to Folly", "cmc": 0.0, "colorIdentity": ["B"], "type": "Land", "types": ["Land"], "rarity": "Uncommon", "set": "C19", "setName": "Commander 2019", "text": "Memorial to Folly enters the battlefield tapped.\n{T}: Add {B}.\n{2}{B}, {T}, Sacrifice Memorial to Folly: Return target creature card from your graveyard to your hand.", "artist": "Sung Choi", "number": "259", "layout": "normal", "multiverseid": "470805", "imageUrl": "http://gatherer.wizards.com/Handlers/Image.ashx?multiverseid=470805&type=card", "foreignNames": [{"name": "Gedenkst\u00e4tte der Torheit", "text": "Die Gedenkst\u00e4tte der Torheit kommt getappt ins Spiel.\n{T}: Erzeuge {B}.\n{2}{B}, {T}, opfere die Gedenkst\u00e4tte der Torheit: Bringe eine Kreaturenkarte deiner Wahl aus deinem Friedhof auf deine Hand zur\u00fcck.", "type": "Land", "flavor": null, "imageUrl": "http://gatherer.wizards.com/Handlers/Image.ashx?multiverseid=471107&type=card", "language": "German", "multiverseid": 471107}, {"name": "Monumento a la locura", "text": "El Monumento a la locura entra al campo de batalla girado.\n{T}: Agrega {B}.\n{2}{B}, {T}, sacrificar el Monumento a la locura: Regresa la carta de criatura objetivo de tu cementerio a tu mano.", "type": "Tierra", "flavor": null, "imageUrl": "http://gatherer.wizards.com/Handlers/Image.ashx?multiverseid=471409&type=card", "language": "Spanish", "multiverseid": 471409}, {"name": "M\u00e9morial \u00e0 la folie", "text": "Le M\u00e9morial \u00e0 la folie arrive sur le champ de bataille engag\u00e9.\n{T} : Ajoutez {B}.\n{2}{B}, {T}, sacrifiez le M\u00e9morial \u00e0 la folie : Renvoyez une carte de cr\u00e9ature cibl\u00e9e depuis votre cimeti\u00e8re dans votre main.", "type": "Terrain", "flavor": null, "imageUrl": "http://gatherer.wizards.com/Handlers/Image.ashx?multiverseid=471711&type=card", "language": "French", "multiverseid": 471711}, {"name": "Monumento alla Follia", "text": "Il Monumento alla Follia entra nel campo di battaglia TAPpato.\n{T}: Aggiungi {B}.\n{2}{B}, {T}, Sacrifica il Monumento alla Follia: Riprendi in mano una carta creatura bersaglio dal tuo cimitero.", "type": "Terra", "flavor": null, "imageUrl": "http://gatherer.wizards.com/Handlers/Image.ashx?multiverseid=472013&type=card", "language": "Italian", "multiverseid": 472013}, {"name": "\u611a\u8499\u306e\u8a18\u5ff5\u50cf", "text": "\u611a\u8499\u306e\u8a18\u5ff5\u50cf\u306f\u30bf\u30c3\u30d7\u72b6\u614b\u3067\u6226\u5834\u306b\u51fa\u308b\u3002\n{T}\uff1a{B}\u3092\u52a0\u3048\u308b\u3002\n{2}{B}, {T}, \u611a\u8499\u306e\u8a18\u5ff5\u50cf\u3092\u751f\u3051\u8d04\u306b\u6367\u3052\u308b\uff1a\u3042\u306a\u305f\u306e\u5893\u5730\u304b\u3089\u30af\u30ea\u30fc\u30c1\u30e3\u30fc\u30fb\u30ab\u30fc\u30c9\uff11\u679a\u3092\u5bfe\u8c61\u3068\u3057\u3001\u305d\u308c\u3092\u3042\u306a\u305f\u306e\u624b\u672d\u306b\u623b\u3059\u3002", "type": "\u571f\u5730", "flavor": null, "imageUrl": "http://gatherer.wizards.com/Handlers/Image.ashx?multiverseid=472315&type=card", "language": "Japanese", "multiverseid": 472315}, {"name": "Memorial \u00e0 Loucura", "text": "Memorial \u00e0 Loucura entra no campo de batalha virado.\n{T}: Adicione {B}.\n{2}{B}, {T}, sacrifique Memorial \u00e0 Loucura: Devolva o card de criatura alvo de seu cemit\u00e9rio para sua m\u00e3o.", "type": "Terreno", "flavor": null, "imageUrl": "http://gatherer.wizards.com/Handlers/Image.ashx?multiverseid=472617&type=card", "language": "Portuguese (Brazil)", "multiverseid": 472617}, {"name": "\u041f\u0430\u043c\u044f\u0442\u043d\u0438\u043a \u0413\u043b\u0443\u043f\u043e\u0441\u0442\u0438", "text": "\u041f\u0430\u043c\u044f\u0442\u043d\u0438\u043a \u0413\u043b\u0443\u043f\u043e\u0441\u0442\u0438 \u0432\u044b\u0445\u043e\u0434\u0438\u0442 \u043d\u0430 \u043f\u043e\u043b\u0435 \u0431\u0438\u0442\u0432\u044b \u043f\u043e\u0432\u0435\u0440\u043d\u0443\u0442\u044b\u043c.\n{T}: \u0434\u043e\u0431\u0430\u0432\u044c\u0442\u0435 {B}.\n{2}{B}, {T}, \u043f\u043e\u0436\u0435\u0440\u0442\u0432\u0443\u0439\u0442\u0435 \u041f\u0430\u043c\u044f\u0442\u043d\u0438\u043a \u0413\u043b\u0443\u043f\u043e\u0441\u0442\u0438: \u0432\u0435\u0440\u043d\u0438\u0442\u0435 \u0446\u0435\u043b\u0435\u0432\u0443\u044e \u043a\u0430\u0440\u0442\u0443 \u0441\u0443\u0449\u0435\u0441\u0442\u0432\u0430 \u0438\u0437 \u0432\u0430\u0448\u0435\u0433\u043e \u043a\u043b\u0430\u0434\u0431\u0438\u0449\u0430 \u0432 \u0432\u0430\u0448\u0443 \u0440\u0443\u043a\u0443.", "type": "\u0417\u0435\u043c\u043b\u044f", "flavor": null, "imageUrl": "http://gatherer.wizards.com/Handlers/Image.ashx?multiverseid=472919&type=card", "language": "Russian", "multiverseid": 472919}], "printings": ["C19", "C20", "DOM"], "originalText": "Memorial to Folly enters the battlefield tapped.\n{T}: Add {B}.\n{2}{B}, {T}, Sacrifice Memorial to Folly: Return target creature card from your graveyard to your hand.", "originalType": "Land", "legalities": [{"format": "Commander", "legality": "Legal"}, {"format": "Duel", "legality": "Legal"}, {"format": "Gladiator", "legality": "Legal"}, {"format": "Historic", "legality": "Legal"}, {"format": "Legacy", "legality": "Legal"}, {"format": "Modern", "legality": "Legal"}, {"format": "Pioneer", "legality": "Legal"}, {"format": "Vintage", "legality": "Legal"}], "id": "6de6b69a-9501-5e96-9b76-cd274ab4d569"}