{"name": "Merfolk Branchwalker", "manaCost": "{1}{G}", "cmc": 2.0, "colors": ["Green"], "colorIdentity": ["G"], "type": "Creature \u2014 Merfolk Scout", "types": ["Creature"], "subtypes": ["Merfolk", "Scout"], "rarity": "Uncommon", "set": "XLN", "setName": "Ixalan", "text": "When Merfolk Branchwalker enters the battlefield, it explores. (Reveal the top card of your library. Put that card into your hand if it's a land. Otherwise, put a +1/+1 counter on this creature, then put the card back or put it into your graveyard.)", "artist": "Kieran Yanner", "number": "197", "power": "2", "toughness": "1", "layout": "normal", "multiverseid": "435353", "imageUrl": "http://gatherer.wizards.com/Handlers/Image.ashx?multiverseid=435353&type=card", "rulings": [{"date": "2018-01-19", "text": "Once an ability that causes a creature to explore begins to resolve, no player may take any other actions until it\u2019s done. Notably, opponents can\u2019t try to remove the exploring creature after you reveal a nonland card but before it receives a counter."}, {"date": "2018-01-19", "text": "If no card is revealed, most likely because that player\u2019s library is empty, the exploring creature receives a +1/+1 counter."}, {"date": "2018-01-19", "text": "If a resolving spell or ability instructs a specific creature to explore but that creature has left the battlefield, the creature still explores. If you reveal a nonland card this way, you won\u2019t put a +1/+1 counter on anything, but you may put the revealed card into your graveyard. Effects that trigger \u201cwhenever a creature you control explores\u201d trigger if appropriate."}], "foreignNames": [{"name": "Meervolk-Wipfelst\u00fcrmerin", "text": "Wenn die Meervolk-Wipfelst\u00fcrmerin ins Spiel kommt, erkundet sie. (Decke die oberste Karte deiner Bibliothek auf. Falls die Karte ein Land ist, nimm sie auf deine Hand. Lege sonst eine +1/+1-Marke auf diese Kreatur und lege dann die Karte zur\u00fcck oder auf deinen Friedhof.)", "type": "Kreatur \u2014 Meervolk, Sp\u00e4her", "flavor": null, "imageUrl": "http://gatherer.wizards.com/Handlers/Image.ashx?multiverseid=435652&type=card", "language": "German", "multiverseid": 435652}, {"name": "Trit\u00f3n cruzarramas", "text": "Cuando la Trit\u00f3n cruzarramas entre al campo de batalla, explora. (Muestra la primera carta de tu biblioteca. Pon esa carta en tu mano si es una tierra. De lo contrario, pon un contador +1/+1 sobre esta criatura y luego devuelve la carta a su sitio o ponla en tu cementerio.)", "type": "Criatura \u2014 Explorador trit\u00f3n", "flavor": null, "imageUrl": "http://gatherer.wizards.com/Handlers/Image.ashx?multiverseid=437745&type=card", "language": "Spanish", "multiverseid": 437745}, {"name": "Marchebranche ondine", "text": "Quand la Marchebranche ondine arrive sur le champ de bataille, elle explore. (R\u00e9v\u00e9lez la carte du dessus de votre biblioth\u00e8que. Mettez cette carte dans votre main si c'est un terrain. Sinon, mettez un marqueur +1/+1 sur cette cr\u00e9ature, puis remettez la carte au-dessus de votre biblioth\u00e8que ou mettez-la dans votre cimeti\u00e8re.)", "type": "Cr\u00e9ature : ondin et \u00e9claireur", "flavor": null, "imageUrl": "http://gatherer.wizards.com/Handlers/Image.ashx?multiverseid=435951&type=card", "language": "French", "multiverseid": 435951}, {"name": "Tritona Calcafronde", "text": "Quando la Tritona Calcafronde entra nel campo di battaglia, esplora. (Rivela la prima carta del tuo grimorio. Se \u00e8 una terra, aggiungila alla tua mano. Altrimenti, metti un segnalino +1/+1 su questa creatura, poi rimetti quella carta al suo posto o mettila nel tuo cimitero.)", "type": "Creatura \u2014 Esploratore Tritone", "flavor": null, "imageUrl": "http://gatherer.wizards.com/Handlers/Image.ashx?multiverseid=436250&type=card", "language": "Italian", "multiverseid": 436250}, {"name": "\u30de\u30fc\u30d5\u30a9\u30fc\u30af\u306e\u679d\u6e21\u308a", "text": "\u30de\u30fc\u30d5\u30a9\u30fc\u30af\u306e\u679d\u6e21\u308a\u304c\u6226\u5834\u306b\u51fa\u305f\u3068\u304d\u3001\u3053\u308c\u306f\u63a2\u691c\u3092\u884c\u3046\u3002\uff08\u3042\u306a\u305f\u306e\u30e9\u30a4\u30d6\u30e9\u30ea\u30fc\u306e\u4e00\u756a\u4e0a\u306e\u30ab\u30fc\u30c9\u3092\u516c\u958b\u3059\u308b\u3002\u305d\u308c\u304c\u571f\u5730\u3067\u3042\u308b\u306a\u3089\u3001\u305d\u306e\u30ab\u30fc\u30c9\u3092\u3042\u306a\u305f\u306e\u624b\u672d\u306b\u52a0\u3048\u308b\u3002\u305d\u3046\u3067\u306a\u3044\u306a\u3089\u3001\u3053\u306e\u30af\u30ea\u30fc\u30c1\u30e3\u30fc\u306e\u4e0a\u306b\uff0b\uff11/\uff0b\uff11\u30ab\u30a6\u30f3\u30bf\u30fc\u3092\uff11\u500b\u7f6e\u304d\u3001\u305d\u306e\u5f8c\u3001\u305d\u306e\u30ab\u30fc\u30c9\u3092\u623b\u3059\u304b\u3042\u306a\u305f\u306e\u5893\u5730\u306b\u7f6e\u304f\u3002\uff09", "type": "\u30af\u30ea\u30fc\u30c1\u30e3\u30fc \u2014 \u30de\u30fc\u30d5\u30a9\u30fc\u30af\u30fb\u30b9\u30ab\u30a6\u30c8", "flavor": null, "imageUrl": "http://gatherer.wizards.com/Handlers/Image.ashx?multiverseid=436549&type=card", "language": "Japanese", "multiverseid": 436549}, {"name": "\uc778\uc5b4 \uac00\uc9c0\ubcf4\ud589\uc790", "text": "\uc778\uc5b4 \uac00\uc9c0\ubcf4\ud589\uc790\uac00 \uc804\uc7a5\uc5d0 \ub4e4\uc5b4\uc62c \ub54c, \uc778\uc5b4 \uac00\uc9c0\ubcf4\ud589\uc790\ub294 \ud0d0\ud5d8\uc744 \ud55c\ub2e4. (\ub2f9\uc2e0\uc758 \uc11c\uace0 \ub9e8 \uc704\uc758 \uce74\ub4dc\ub97c \uacf5\uac1c\ud55c\ub2e4. \uadf8 \uce74\ub4dc\uac00 \ub300\uc9c0\ub77c\uba74 \uadf8 \uce74\ub4dc\ub97c \ub2f9\uc2e0\uc758 \uc190\uc73c\ub85c \uac00\uc838\uac04\ub2e4. \uadf8\ub807\uc9c0 \uc54a\uc73c\uba74, \uc774 \uc0dd\ubb3c\uc5d0 +1/+1 \uce74\uc6b4\ud130 \ud55c \uac1c\ub97c \uc62c\ub824\ub193\uc740 \ud6c4, \uadf8 \uce74\ub4dc\ub97c \uc11c\uace0\uc5d0 \ub2e4\uc2dc \uc62c\ub824\ub193\uac70\ub098 \ub2f9\uc2e0\uc758 \ubb34\ub364\uc5d0 \ub123\ub294\ub2e4.)", "type": "\uc0dd\ubb3c \u2014 \uc778\uc5b4 \uc815\ucc30\ubcd1", "flavor": null, "imageUrl": "http://gatherer.wizards.com/Handlers/Image.ashx?multiverseid=436848&type=card", "language": "Korean", "multiverseid": 436848}, {"name": "Andarilha das Copas Trit\u00e3", "text": "Quando Andarilha das Copas Trit\u00e3 entra no campo de batalha, ela explora. (Revele o card do topo de seu grim\u00f3rio. Coloque aquele card em sua m\u00e3o se ele for um terreno. Caso contr\u00e1rio, coloque um marcador +1/+1 nesta criatura e, em seguida, devolva o card ao grim\u00f3rio ou coloque-o em seu cemit\u00e9rio.)", "type": "Criatura \u2014 Trit\u00e3o Batedor", "flavor": null, "imageUrl": "http://gatherer.wizards.com/Handlers/Image.ashx?multiverseid=437147&type=card", "language": "Portuguese (Brazil)", "multiverseid": 437147}, {"name": "\u041c\u0435\u0440\u0444\u043e\u043b\u043a-\u0414\u0440\u0435\u0432\u043e\u043b\u0430\u0437", "text": "\u041a\u043e\u0433\u0434\u0430 \u041c\u0435\u0440\u0444\u043e\u043b\u043a-\u0414\u0440\u0435\u0432\u043e\u043b\u0430\u0437 \u0432\u044b\u0445\u043e\u0434\u0438\u0442 \u043d\u0430 \u043f\u043e\u043b\u0435 \u0431\u0438\u0442\u0432\u044b, \u043e\u043d \u0438\u0441\u043f\u043e\u043b\u044c\u0437\u0443\u0435\u0442 \u0420\u0430\u0437\u0432\u0435\u0434\u043a\u0443. (\u041f\u043e\u043a\u0430\u0436\u0438\u0442\u0435 \u0432\u0435\u0440\u0445\u043d\u044e\u044e \u043a\u0430\u0440\u0442\u0443 \u0432\u0430\u0448\u0435\u0439 \u0431\u0438\u0431\u043b\u0438\u043e\u0442\u0435\u043a\u0438. \u0415\u0441\u043b\u0438 \u0442\u0430 \u043a\u0430\u0440\u0442\u0430 \u044f\u0432\u043b\u044f\u0435\u0442\u0441\u044f \u0437\u0435\u043c\u043b\u0435\u0439, \u043f\u043e\u043b\u043e\u0436\u0438\u0442\u0435 \u0435\u0435 \u0432 \u0432\u0430\u0448\u0443 \u0440\u0443\u043a\u0443. \u0412 \u043f\u0440\u043e\u0442\u0438\u0432\u043d\u043e\u043c \u0441\u043b\u0443\u0447\u0430\u0435 \u043f\u043e\u043b\u043e\u0436\u0438\u0442\u0435 \u043d\u0430 \u044d\u0442\u043e \u0441\u0443\u0449\u0435\u0441\u0442\u0432\u043e \u043e\u0434\u0438\u043d \u0436\u0435\u0442\u043e\u043d +1/+1, \u0437\u0430\u0442\u0435\u043c \u043f\u043e\u043b\u043e\u0436\u0438\u0442\u0435 \u0442\u0443 \u043a\u0430\u0440\u0442\u0443 \u043d\u0430\u0437\u0430\u0434 \u0438\u043b\u0438 \u043f\u043e\u043b\u043e\u0436\u0438\u0442\u0435 \u0435\u0435 \u043d\u0430 \u0432\u0430\u0448\u0435 \u043a\u043b\u0430\u0434\u0431\u0438\u0449\u0435.)", "type": "\u0421\u0443\u0449\u0435\u0441\u0442\u0432\u043e \u2014 \u041c\u0435\u0440\u0444\u043e\u043b\u043a \u0420\u0430\u0437\u0432\u0435\u0434\u0447\u0438\u043a", "flavor": null, "imageUrl": "http://gatherer.wizards.com/Handlers/Image.ashx?multiverseid=437446&type=card", "language": "Russian", "multiverseid": 437446}, {"name": "\u7f18\u6728\u4eba\u9c7c", "text": "\u5f53\u7f18\u6728\u4eba\u9c7c\u8fdb\u6218\u573a\u65f6\uff0c\u4ee4\u5b83\u52d8\u5bdf\u3002\uff08\u5c55\u793a\u4f60\u7684\u724c\u5e93\u9876\u724c\u3002\u5982\u679c\u8be5\u724c\u662f\u5730\uff0c\u5219\u7f6e\u4e8e\u4f60\u624b\u4e0a\u3002\u82e5\u5426\uff0c\u5219\u5728\u6b64\u751f\u7269\u4e0a\u653e\u7f6e\u4e00\u4e2a+1/+1\u6307\u793a\u7269\uff0c\u7136\u540e\u5c06\u6240\u5c55\u793a\u7684\u724c\u653e\u56de\u539f\u4f4d\u6216\u7f6e\u5165\u4f60\u7684\u575f\u5893\u573a\u3002\uff09", "type": "\u751f\u7269 \uff5e\u4eba\u9c7c\uff0f\u65a5\u5019", "flavor": null, "imageUrl": "http://gatherer.wizards.com/Handlers/Image.ashx?multiverseid=438044&type=card", "language": "Chinese Simplified", "multiverseid": 438044}, {"name": "\u7de3\u6728\u4eba\u9b5a", "text": "\u7576\u7de3\u6728\u4eba\u9b5a\u9032\u6230\u5834\u6642\uff0c\u4ee4\u5b83\u52d8\u5bdf\u3002\uff08\u5c55\u793a\u4f60\u7684\u724c\u5eab\u9802\u724c\u3002\u5982\u679c\u8a72\u724c\u662f\u5730\uff0c\u5247\u7f6e\u65bc\u4f60\u624b\u4e0a\u3002\u82e5\u5426\uff0c\u5247\u5728\u6b64\u751f\u7269\u4e0a\u653e\u7f6e\u4e00\u500b+1/+1\u6307\u793a\u7269\uff0c\u7136\u5f8c\u5c07\u6240\u5c55\u793a\u7684\u724c\u653e\u56de\u539f\u4f4d\u6216\u7f6e\u5165\u4f60\u7684\u58b3\u5893\u5834\u3002\uff09", "type": "\u751f\u7269 \uff5e\u4eba\u9b5a\uff0f\u65a5\u5019", "flavor": null, "imageUrl": "http://gatherer.wizards.com/Handlers/Image.ashx?multiverseid=438343&type=card", "language": "Chinese Traditional", "multiverseid": 438343}], "printings": ["XLN"], "originalText": "When Merfolk Branchwalker enters the battlefield, it explores. (Reveal the top card of your library. Put that card into your hand if it's a land. Otherwise, put a +1/+1 counter on this creature, then put the card back or put it into your graveyard.)", "originalType": "Creature \u2014 Merfolk Scout", "legalities": [{"format": "Commander", "legality": "Legal"}, {"format": "Duel", "legality": "Legal"}, {"format": "Gladiator", "legality": "Legal"}, {"format": "Historic", "legality": "Legal"}, {"format": "Legacy", "legality": "Legal"}, {"format": "Modern", "legality": "Legal"}, {"format": "Pioneer", "legality": "Legal"}, {"format": "Vintage", "legality": "Legal"}], "id": "41a24ddd-aef5-5331-96bb-96d086cc73d4"}