{"name": "Mountain", "cmc": 0.0, "colorIdentity": ["R"], "type": "Basic Land \u2014 Mountain", "supertypes": ["Basic"], "types": ["Land"], "subtypes": ["Mountain"], "rarity": "Common", "set": "10E", "setName": "Tenth Edition", "text": "({T}: Add {R}.)", "artist": "John Avon", "number": "376", "layout": "normal", "multiverseid": "129649", "imageUrl": "http://gatherer.wizards.com/Handlers/Image.ashx?multiverseid=129649&type=card", "variations": ["3e12f3ab-96ab-5d5a-8bed-92b37ffee9aa", "87d6bcfb-0e75-59f7-be6c-30aa7c344ccb", "47e1bdab-e112-526d-bd9f-7f1cffef7187"], "printings": ["10E", "2ED", "2XM", "3ED", "4BB", "4ED", "5ED", "6ED", "7ED", "8ED", "9ED", "AKH", "AKR", "ALA", "ANA", "ANB", "ARC", "ARN", "ATH", "AVR", "BBD", "BFZ", "BRB", "BTD", "C13", "C14", "C15", "C16", "C17", "C18", "C19", "CED", "CEI", "CHK", "CM2", "CMA", "CMD", "CMR", "CST", "DD1", "DD2", "DDE", "DDG", "DDH", "DDI", "DDJ", "DDK", "DDL", "DDN", "DDP", "DDS", "DDT", "DDU", "DKM", "DOM", "DPA", "DTK", "E01", "ELD", "EVG", "FBB", "FRF", "G17", "GK1", "GK2", "GN2", "GNT", "GRN", "GS1", "H09", "HOP", "HOU", "ICE", "IKO", "INV", "ISD", "ITP", "J14", "JMP", "JVC", "KHM", "KLD", "KLR", "KTK", "LEA", "LEB", "LRW", "M10", "M11", "M12", "M13", "M14", "M15", "M19", "M20", "M21", "MBS", "ME1", "ME3", "MIR", "MMQ", "MRD", "NPH", "ODY", "ONS", "ORI", "P02", "PAL00", "PAL01", "PAL03", "PAL04", "PAL05", "PAL06", "PAL99", "PALP", "PANA", "PARL", "PC2", "PCA", "PD2", "PELP", "PF19", "PF20", "PGPX", "PGRU", "PMPS", "PMPS06", "PMPS07", "PMPS08", "PMPS09", "PMPS10", "PMPS11", "POR", "PPP1", "PRM", "PRW2", "PRWK", "PS11", "PSAL", "PSS2", "PSS3", "PTC", "PTK", "PZ2", "RAV", "RIX", "RNA", "ROE", "RQS", "RTR", "S99", "SHM", "SLD", "SOI", "SOM", "SUM", "TD0", "THB", "THS", "TMP", "TPR", "TSP", "UGL", "UND", "UNH", "USG", "UST", "WAR", "WC00", "WC01", "WC02", "WC03", "WC97", "WC98", "WC99", "XANA", "XLN", "ZEN", "ZNR"], "originalText": "R", "originalType": "Basic Land - Mountain", "legalities": [{"format": "Brawl", "legality": "Legal"}, {"format": "Commander", "legality": "Legal"}, {"format": "Duel", "legality": "Legal"}, {"format": "Future", "legality": "Legal"}, {"format": "Gladiator", "legality": "Legal"}, {"format": "Historic", "legality": "Legal"}, {"format": "Legacy", "legality": "Legal"}, {"format": "Modern", "legality": "Legal"}, {"format": "Pauper", "legality": "Legal"}, {"format": "Penny", "legality": "Legal"}, {"format": "Pioneer", "legality": "Legal"}, {"format": "Premodern", "legality": "Legal"}, {"format": "Standard", "legality": "Legal"}, {"format": "Vintage", "legality": "Legal"}], "id": "c1f98960-ef31-5ec9-af8d-d6d56169047b"}