{"name": "Mox Ruby", "manaCost": "{0}", "cmc": 0.0, "colorIdentity": ["R"], "type": "Artifact", "types": ["Artifact"], "rarity": "Rare", "set": "2ED", "setName": "Unlimited Edition", "text": "{T}: Add {R}.", "artist": "Dan Frazier", "number": "265", "layout": "normal", "multiverseid": "632", "imageUrl": "http://gatherer.wizards.com/Handlers/Image.ashx?multiverseid=632&type=card", "printings": ["2ED", "CED", "CEI", "LEA", "LEB", "OVNT", "PRM", "VMA"], "originalText": "Add 1 red mana to your mana pool. Tapping this artifact can be played as an interrupt.", "originalType": "Mono Artifact", "legalities": [{"format": "Commander", "legality": "Banned"}, {"format": "Duel", "legality": "Banned"}, {"format": "Legacy", "legality": "Banned"}, {"format": "Oldschool", "legality": "Restricted"}, {"format": "Vintage", "legality": "Restricted"}], "id": "eaa5126d-835e-5649-952a-8109a5f041ee"}