{"name": "Mysterious Egg", "manaCost": "{1}", "cmc": 1.0, "type": "Creature \u2014 Egg", "types": ["Creature"], "subtypes": ["Egg"], "rarity": "Common", "set": "IKO", "setName": "Ikoria: Lair of Behemoths", "text": "Whenever this creature mutates, put a +1/+1 counter on it.", "flavor": "\"A good forage if you can find it, but eat it before you get back to the sanctuary. The guards won't let you bring it through the gates.\"\n\u2014Dennae, Savai hunter", "artist": "Volkan Ba\u01f5a", "number": "3", "power": "0", "toughness": "2", "layout": "normal", "multiverseid": "479523", "imageUrl": "http://gatherer.wizards.com/Handlers/Image.ashx?multiverseid=479523&type=card", "variations": ["5df3565b-ab85-5cc7-83c4-9cd3bb5674da"], "foreignNames": [{"name": "Mysteri\u00f6ses Ei", "text": "Immer wenn diese Kreatur mutiert, lege eine +1/+1-Marke auf sie.", "type": "Kreatur \u2014 Ei", "flavor": "\u201eGute Verpflegung, falls du es findest, aber du solltest es essen, bevor du zur\u00fcckkehrst. Die Wachen werden dich damit nicht durch das Tor lassen.\"\n\u2014Dennae, Savai-J\u00e4gerin", "imageUrl": "http://gatherer.wizards.com/Handlers/Image.ashx?multiverseid=479782&type=card", "language": "German", "multiverseid": 479782}, {"name": "Huevo misterioso", "text": "Siempre que esta criatura mute, pon un contador +1/+1 sobre ella.", "type": "Criatura \u2014 Huevo", "flavor": "\"Es un buen alimento si lo encuentras, pero c\u00f3melo antes de regresar al santuario. Los guardias no te dejar\u00e1n cruzar las puertas con \u00e9l\".\n\u2014Dennae, cazadora de Sav\u00e1i", "imageUrl": "http://gatherer.wizards.com/Handlers/Image.ashx?multiverseid=480041&type=card", "language": "Spanish", "multiverseid": 480041}, {"name": "\u0152uf myst\u00e9rieux", "text": "\u00c0 chaque fois que cette cr\u00e9ature subit une mutation, mettez un marqueur +1/+1 sur elle.", "type": "Cr\u00e9ature : \u0153uf", "flavor": "\u00ab Belle trouvaille si vous tombez dessus, mais mangez-le avant de rentrer au sanctuaire. Les gardes ne vous laisseront pas passer les portes avec. \u00bb\n\u2014Denn\u00e6, chasseuse de Sava\u00ef", "imageUrl": "http://gatherer.wizards.com/Handlers/Image.ashx?multiverseid=480300&type=card", "language": "French", "multiverseid": 480300}, {"name": "Uovo Misterioso", "text": "Ogniqualvolta questa creatura muta, metti un segnalino +1/+1 su di essa.", "type": "Creatura \u2014 Uovo", "flavor": "\"Un ottimo nutrimento, se riesci a trovarlo, ma mangialo prima di tornare al santuario. Le guardie non te lo lasceranno portare oltre i cancelli.\"\n\u2014Dennae, cacciatrice di Savai", "imageUrl": "http://gatherer.wizards.com/Handlers/Image.ashx?multiverseid=480559&type=card", "language": "Italian", "multiverseid": 480559}, {"name": "\u4e0d\u601d\u8b70\u306a\u5375", "text": "\u3053\u306e\u30af\u30ea\u30fc\u30c1\u30e3\u30fc\u304c\u5909\u5bb9\u3059\u308b\u305f\u3073\u3001\u3053\u308c\u306e\u4e0a\u306b\uff0b\uff11/\uff0b\uff11\u30ab\u30a6\u30f3\u30bf\u30fc\u3092\uff11\u500b\u7f6e\u304f\u3002", "type": "\u30af\u30ea\u30fc\u30c1\u30e3\u30fc \u2014 \u5375", "flavor": "\u300c\u898b\u3064\u304b\u308c\u3070\u3044\u3044\u98df\u6599\u306b\u306a\u308b\u3051\u308c\u3069\u3001\u8056\u57df\u306b\u623b\u308b\u524d\u306b\u98df\u3079\u3066\u3057\u307e\u3044\u306a\u3055\u3044\u3002\u885b\u5175\u306b\u6b62\u3081\u3089\u308c\u3066\u9580\u306e\u5148\u3078\u306f\u6301\u3063\u3066\u3044\u3051\u306a\u3044\u304b\u3089\u3002\u300d\n\u2015\u2015\u30b5\u30f4\u30a1\u30a4\u306e\u72e9\u4eba\u3001\u30c7\u30ca\u30a4", "imageUrl": "http://gatherer.wizards.com/Handlers/Image.ashx?multiverseid=480818&type=card", "language": "Japanese", "multiverseid": 480818}, {"name": "\ubd88\uac00\uc0ac\uc758\ud55c \uc54c", "text": "\uc774 \uc0dd\ubb3c\uc774 \ub3cc\uc5f0\ubcc0\uc774\ud654\ud560 \ub54c\ub9c8\ub2e4, \uc774 \uc0dd\ubb3c\uc5d0 +1/+1 \uce74\uc6b4\ud130 \ud55c \uac1c\ub97c \uc62c\ub824\ub193\ub294\ub2e4.", "type": "\uc0dd\ubb3c \u2014 \uc54c", "flavor": "\"\ucc3e\uc744 \uc218\ub9cc \uc788\ub2e4\uba74 \uc88b\uc740 \uc2dd\ub7c9\uc774 \ub418\uc9c0\ub9cc, \uc131\uc18c\ub85c \ub3cc\uc544\uac00\uae30 \uc804\uc5d0 \uba39\uc5b4\uc57c \ud574. \uacbd\ube44\ubcd1\ub4e4\uc774 \uadf8\uac78 \uac00\uc9c0\uace0 \uad00\ubb38\uc744 \ud1b5\uacfc\ud558\uac8c \ud574 \uc8fc\uc9c0 \uc54a\uac70\ub4e0.\"\n\u2014\uc0ac\ubc14\uc774 \uc0ac\ub0e5\uafbc, \ub370\ub124\uc774", "imageUrl": "http://gatherer.wizards.com/Handlers/Image.ashx?multiverseid=481077&type=card", "language": "Korean", "multiverseid": 481077}, {"name": "Ovo Misterioso", "text": "Toda vez que esta criatura sofrer muta\u00e7\u00e3o, coloque um marcador +1/+1 nela.", "type": "Criatura \u2014 Ovo", "flavor": "\"Um bom achado, mas coma antes de voltar para o santu\u00e1rio. Os guardas n\u00e3o v\u00e3o deixar voc\u00ea passar do port\u00e3o com isso.\"\n\u2014 Dennae, ca\u00e7adora da Savai", "imageUrl": "http://gatherer.wizards.com/Handlers/Image.ashx?multiverseid=481336&type=card", "language": "Portuguese (Brazil)", "multiverseid": 481336}, {"name": "\u0417\u0430\u0433\u0430\u0434\u043e\u0447\u043d\u043e\u0435 \u042f\u0439\u0446\u043e", "text": "\u041a\u0430\u0436\u0434\u044b\u0439 \u0440\u0430\u0437, \u043a\u043e\u0433\u0434\u0430 \u044d\u0442\u043e \u0441\u0443\u0449\u0435\u0441\u0442\u0432\u043e \u043c\u0443\u0442\u0438\u0440\u0443\u0435\u0442, \u043f\u043e\u043b\u043e\u0436\u0438\u0442\u0435 \u043d\u0430 \u043d\u0435\u0433\u043e \u043e\u0434\u0438\u043d \u0436\u0435\u0442\u043e\u043d +1/+1.", "type": "\u0421\u0443\u0449\u0435\u0441\u0442\u0432\u043e \u2014 \u042f\u0439\u0446\u043e", "flavor": "\u00ab\u0415\u0441\u043b\u0438 \u043d\u0430\u0439\u0434\u0435\u0448\u044c, \u0431\u0435\u0440\u0438 \u2014 \u0448\u0442\u0443\u043a\u0430 \u0432\u043a\u0443\u0441\u043d\u0430\u044f. \u0422\u043e\u043b\u044c\u043a\u043e \u0441\u044a\u0435\u0448\u044c \u0434\u043e \u0442\u043e\u0433\u043e, \u043a\u0430\u043a \u0432\u0435\u0440\u043d\u0435\u0448\u044c\u0441\u044f \u0432 \u0443\u0431\u0435\u0436\u0438\u0449\u0435. \u0412 \u0432\u043e\u0440\u043e\u0442\u0430 \u0442\u0435\u0431\u044f \u0441 \u043d\u0438\u043c \u043d\u0435 \u043f\u0443\u0441\u0442\u044f\u0442\u00bb.\n\u2014 \u0414\u0435\u043d\u043d\u0430, \u0441\u0430\u0432\u0430\u0439\u0441\u043a\u0430\u044f \u043e\u0445\u043e\u0442\u043d\u0438\u0446\u0430", "imageUrl": "http://gatherer.wizards.com/Handlers/Image.ashx?multiverseid=481595&type=card", "language": "Russian", "multiverseid": 481595}, {"name": "\u7384\u5947\u86cb", "text": "\u6bcf\u5f53\u6b64\u751f\u7269\u5408\u53d8\u65f6\uff0c\u5728\u5176\u4e0a\u653e\u7f6e\u4e00\u4e2a+1/+1\u6307\u793a\u7269\u3002", "type": "\u751f\u7269 \uff5e\u86cb", "flavor": "\u300c\u5982\u679c\u4f60\u6709\u5e78\u627e\u5f97\u5230\u7684\u8bdd\uff0c\u5b83\u771f\u662f\u4e0a\u597d\u7684\u7f8e\u5473\uff0c\u4f46\u5343\u4e07\u8bb0\u5f97\u8981\u5728\u8fd4\u56de\u5e87\u62a4\u5730\u524d\u5403\u6389\u3002\u5b88\u536b\u7981\u6b62\u643a\u5e26\u8fd9\u7c7b\u4e1c\u897f\u8fdb\u95e8\u3002\u300d\n\uff5e\u6492\u7ef4\u8036\u730e\u4eba\u7b1b\u5948", "imageUrl": "http://gatherer.wizards.com/Handlers/Image.ashx?multiverseid=481854&type=card", "language": "Chinese Simplified", "multiverseid": 481854}, {"name": "\u7384\u5947\u86cb", "text": "\u6bcf\u7576\u6b64\u751f\u7269\u5408\u8b8a\u6642\uff0c\u5728\u5176\u4e0a\u653e\u7f6e\u4e00\u500b+1/+1\u6307\u793a\u7269\u3002", "type": "\u751f\u7269 \uff5e\u86cb", "flavor": "\u300c\u5982\u679c\u4f60\u6709\u5e78\u627e\u5f97\u5230\u7684\u8a71\uff0c\u5b83\u771f\u662f\u4e0a\u597d\u7684\u7f8e\u5473\uff0c\u4f46\u5343\u842c\u8a18\u5f97\u8981\u5728\u8fd4\u56de\u5e87\u8b77\u5730\u524d\u5403\u6389\u3002\u5b88\u885b\u7981\u6b62\u651c\u5e36\u9019\u985e\u6771\u897f\u9032\u9580\u3002\u300d\n\uff5e\u6492\u7dad\u8036\u7375\u4eba\u7b1b\u5948", "imageUrl": "http://gatherer.wizards.com/Handlers/Image.ashx?multiverseid=482113&type=card", "language": "Chinese Traditional", "multiverseid": 482113}], "printings": ["IKO"], "originalText": "Whenever this creature mutates, put a +1/+1 counter on it.", "originalType": "Creature \u2014 Egg", "legalities": [{"format": "Brawl", "legality": "Legal"}, {"format": "Commander", "legality": "Legal"}, {"format": "Duel", "legality": "Legal"}, {"format": "Future", "legality": "Legal"}, {"format": "Gladiator", "legality": "Legal"}, {"format": "Historic", "legality": "Legal"}, {"format": "Legacy", "legality": "Legal"}, {"format": "Modern", "legality": "Legal"}, {"format": "Pauper", "legality": "Legal"}, {"format": "Penny", "legality": "Legal"}, {"format": "Pioneer", "legality": "Legal"}, {"format": "Standard", "legality": "Legal"}, {"format": "Vintage", "legality": "Legal"}], "id": "d71d5711-8598-5e61-96a9-72e0c53a9b6a"}