{"name": "Needleverge Pathway // Pillarverge Pathway", "cmc": 0.0, "colorIdentity": ["R", "W"], "type": "Land", "types": ["Land"], "rarity": "Rare", "set": "PZNR", "setName": "Zendikar Rising Promos", "text": "{T}: Add {W}.", "flavor": "\"The oxen here take an almost feline delight in pushing things over the edge.\"\n\u2014Akiri, kor line-slinger", "artist": "Piotr Dura", "number": "263p", "layout": "modal_dfc", "variations": ["e7fd34bf-0290-58f1-bf87-34f8a2207d1e"], "rulings": [{"date": "2020-09-25", "text": "There is a single triangle icon in the top left corner of the front face. There is a double triangle icon in the top left corner of the back face."}, {"date": "2020-09-25", "text": "To determine whether it is legal to play a modal double-faced card, consider only the characteristics of the face you\u2019re playing and ignore the other face\u2019s characteristics."}, {"date": "2020-09-25", "text": "If an effect allows you to play a specific modal double-faced card, you may cast it as a spell or play it as a land, as determined by which face you choose to play. If an effect allows you to cast (rather than \u201cplay\u201d) a specific modal double-faced card, you can\u2019t play it as a land."}, {"date": "2020-09-25", "text": "If an effect allows you to play a land or cast a spell from among a group of cards, you may play or cast a modal double-faced card with any face that fits the criteria of that effect."}, {"date": "2020-09-25", "text": "The converted mana cost of a modal double-faced card is based on the characteristics of the face that\u2019s being considered. On the stack and battlefield, consider whichever face is up. In all other zones, consider only the front face. This is different than how the converted mana cost of a transforming double-faced card is determined."}, {"date": "2020-09-25", "text": "A modal double-faced card can\u2019t be transformed or be put onto the battlefield transformed. Ignore any instruction to transform a modal double-faced card or to put one onto the battlefield transformed."}, {"date": "2020-09-25", "text": "If an effect puts a double-faced card onto the battlefield, it enters with its front face up. If that front face can\u2019t be put onto the battlefield, it doesn\u2019t enter the battlefield."}, {"date": "2020-09-25", "text": "If an effect instructs a player to choose a card name, the name of either face may be chosen. If that effect or a linked ability refers to a spell with the chosen name being cast and/or a land with the chosen name being played, it considers only the chosen name, not the other face\u2019s name."}, {"date": "2020-09-25", "text": "In the Commander variant, a double-faced card\u2019s color identity is determined by the mana costs and mana symbols in the rules text of both faces combined. If either face has a color indicator or basic land type, those are also considered."}], "printings": ["PZNR", "SLU", "ZNR"], "legalities": [{"format": "Brawl", "legality": "Legal"}, {"format": "Commander", "legality": "Legal"}, {"format": "Duel", "legality": "Legal"}, {"format": "Future", "legality": "Legal"}, {"format": "Gladiator", "legality": "Legal"}, {"format": "Historic", "legality": "Legal"}, {"format": "Legacy", "legality": "Legal"}, {"format": "Modern", "legality": "Legal"}, {"format": "Pioneer", "legality": "Legal"}, {"format": "Standard", "legality": "Legal"}, {"format": "Vintage", "legality": "Legal"}], "id": "1b0136a6-cb31-5133-8fde-63a45c634877"}