{"name": "Nylea, Keen-Eyed", "manaCost": "{3}{G}", "cmc": 4.0, "colors": ["Green"], "colorIdentity": ["G"], "type": "Legendary Enchantment Creature \u2014 God", "supertypes": ["Legendary"], "types": ["Enchantment", "Creature"], "subtypes": ["God"], "rarity": "Mythic", "set": "PTHB", "setName": "Theros Beyond Death Promos", "text": "Indestructible\nAs long as your devotion to green is less than five, Nylea isn't a creature.\nCreature spells you cast cost {1} less to cast.\n{2}{G}: Reveal the top card of your library. If it's a creature card, put it into your hand. Otherwise, you may put it into your graveyard.", "artist": "Chris Rahn", "number": "185p", "power": "5", "toughness": "6", "layout": "normal", "variations": ["6b478c85-67e2-5449-bd14-d436be80b163"], "rulings": [{"date": "2020-01-24", "text": "If you don\u2019t put the revealed noncreature card into your graveyard, it remains on top of your library."}, {"date": "2020-01-24", "text": "Colorless and generic mana symbols ({C}, {0}, {1}, {2}, {X}, and so on) in mana costs of permanents you control don\u2019t count toward your devotion to any color."}, {"date": "2020-01-24", "text": "Mana symbols in the text boxes of permanents you control don\u2019t count toward your devotion to any color."}, {"date": "2020-01-24", "text": "Hybrid mana symbols, monocolored hybrid mana symbols, and Phyrexian mana symbols do count toward your devotion to their color(s)."}, {"date": "2020-01-24", "text": "If an activated ability or triggered ability has an effect that depends on your devotion to a color, you count the number of mana symbols of that color among the mana costs of permanents you control as the ability resolves. The permanent with that ability will be counted if it\u2019s still on the battlefield at that time."}, {"date": "2020-01-24", "text": "If you put an Aura on an opponent\u2019s permanent, you still control the Aura, and mana symbols in its mana cost count towards your devotion."}, {"date": "2020-01-24", "text": "The type-changing ability that can make a God not be a creature functions only on the battlefield. It\u2019s always a creature card in other zones, regardless of your devotion to its color. It\u2019s always a creature spell while it\u2019s on the stack."}, {"date": "2020-01-24", "text": "As a God enters the battlefield, your devotion to its color will determine whether any replacement effects that affect creatures entering the battlefield apply to that God. Because replacement effects are considered before the God is on the battlefield, the mana symbols in its mana cost won\u2019t be counted when determining this."}, {"date": "2020-01-24", "text": "When a God enters the battlefield, your devotion to its color (including the mana symbols in the mana cost of the God itself) will determine if a creature entered the battlefield or not for abilities that trigger whenever a creature enters the battlefield."}, {"date": "2020-01-24", "text": "If a God stops being a creature, it loses the type creature and the creature type God. It continues to be a legendary enchantment."}, {"date": "2020-01-24", "text": "The abilities of Gods function as long as they\u2019re on the battlefield, regardless of whether they\u2019re creatures."}, {"date": "2020-01-24", "text": "If a God is attacking or blocking and it stops being a creature, it will be removed from combat. It won\u2019t rejoin combat if it resumes being a creature later during that combat."}, {"date": "2020-01-24", "text": "Counters put on a God remain on it while it\u2019s not a creature, even if they have no effect."}, {"date": "2020-01-24", "text": "If an effect causes a God to lose all abilities, its ability that causes it to stop being a creature still applies if appropriate."}], "printings": ["PTHB", "THB"], "legalities": [{"format": "Brawl", "legality": "Legal"}, {"format": "Commander", "legality": "Legal"}, {"format": "Duel", "legality": "Legal"}, {"format": "Future", "legality": "Legal"}, {"format": "Gladiator", "legality": "Legal"}, {"format": "Historic", "legality": "Legal"}, {"format": "Legacy", "legality": "Legal"}, {"format": "Modern", "legality": "Legal"}, {"format": "Pioneer", "legality": "Legal"}, {"format": "Standard", "legality": "Legal"}, {"format": "Vintage", "legality": "Legal"}], "id": "81a8a108-aa77-5347-b722-d81467b6c972"}