{"name": "Nylea's Forerunner", "manaCost": "{4}{G}", "cmc": 5.0, "colors": ["Green"], "colorIdentity": ["G"], "type": "Enchantment Creature \u2014 Beast", "types": ["Enchantment", "Creature"], "subtypes": ["Beast"], "rarity": "Common", "set": "THB", "setName": "Theros Beyond Death", "text": "Trample\nOther creatures you control have trample.", "flavor": "Where its feet tread, the thunder of many others will follow.", "artist": "Christopher Burdett", "number": "186", "power": "5", "toughness": "3", "layout": "normal", "multiverseid": "476437", "imageUrl": "http://gatherer.wizards.com/Handlers/Image.ashx?multiverseid=476437&type=card", "foreignNames": [{"name": "Vorbote der Nylea", "text": "Verursacht Trampelschaden\nAndere Kreaturen, die du kontrollierst, verursachen Trampelschaden.", "type": "Verzauberungskreatur \u2014 Bestie", "flavor": "Wo seine Hufe erschallen, wird das Donnern vieler weiterer folgen.", "imageUrl": "http://gatherer.wizards.com/Handlers/Image.ashx?multiverseid=476691&type=card", "language": "German", "multiverseid": 476691}, {"name": "Avanzadilla de Nylea", "text": "Arrolla.\nLas otras criaturas que controlas tienen la habilidad de arrollar.", "type": "Criatura encantamiento \u2014 Bestia", "flavor": "All\u00e1 por donde pisan sus pezu\u00f1as, le sigue el retumbar de muchas otras.", "imageUrl": "http://gatherer.wizards.com/Handlers/Image.ashx?multiverseid=476945&type=card", "language": "Spanish", "multiverseid": 476945}, {"name": "Pr\u00e9curseur de Nyl\u00e9a", "text": "Pi\u00e9tinement\nLes autres cr\u00e9atures que vous contr\u00f4lez ont le pi\u00e9tinement.", "type": "Cr\u00e9ature-enchantement : b\u00eate", "flavor": "L\u00e0 o\u00f9 il passe, le grondement de nombreux autres pas suivra.", "imageUrl": "http://gatherer.wizards.com/Handlers/Image.ashx?multiverseid=477199&type=card", "language": "French", "multiverseid": 477199}, {"name": "Apripista di Nylea", "text": "Travolgere\nLe altre creature che controlli hanno travolgere.", "type": "Creatura Incantesimo \u2014 Bestia", "flavor": "Ovunque galoppino le sue zampe, seguir\u00e0 il rombo di molte altre.", "imageUrl": "http://gatherer.wizards.com/Handlers/Image.ashx?multiverseid=477453&type=card", "language": "Italian", "multiverseid": 477453}, {"name": "\u30ca\u30a4\u30ec\u30a2\u306e\u5148\u99c6\u3051", "text": "\u30c8\u30e9\u30f3\u30d7\u30eb\n\u4ed6\u306e\u3001\u3042\u306a\u305f\u304c\u30b3\u30f3\u30c8\u30ed\u30fc\u30eb\u3057\u3066\u3044\u308b\u30af\u30ea\u30fc\u30c1\u30e3\u30fc\u306f\u30c8\u30e9\u30f3\u30d7\u30eb\u3092\u6301\u3064\u3002", "type": "\u30af\u30ea\u30fc\u30c1\u30e3\u30fc\u30fb\u30a8\u30f3\u30c1\u30e3\u30f3\u30c8 \u2014 \u30d3\u30fc\u30b9\u30c8", "flavor": "\u4e00\u6b69\u8e0f\u307f\u51fa\u305b\u3070\u3001\u96f7\u306e\u3088\u3046\u306b\u4ed6\u304c\u7d9a\u304f\u3002", "imageUrl": "http://gatherer.wizards.com/Handlers/Image.ashx?multiverseid=477707&type=card", "language": "Japanese", "multiverseid": 477707}, {"name": "\ub2d0\ub9ac\uc544\uc758 \uc120\ubd09", "text": "\ub3cc\uc9c4\n\ub2f9\uc2e0\uc774 \uc870\uc885\ud558\ub294 \ub2e4\ub978 \uc0dd\ubb3c\ub4e4\uc740 \ub3cc\uc9c4\uc744 \uac00\uc9c4\ub2e4.", "type": "\ubd80\uc5ec\ub9c8\ubc95 \uc0dd\ubb3c \u2014 \uc57c\uc218", "flavor": "\uadf8\uac83\uc758 \ubc1c\uac78\uc74c\uc744 \ub0b4\ub51b\ub294 \uacf3\uc5d0, \ub2e4\ub978 \uc218\ub9ce\uc740 \uc57c\uc218\ub4e4\uc758 \ucc9c\ub465 \uac19\uc740 \ubc1c\uae38\uc774 \ub4a4\ub530\ub978\ub2e4.", "imageUrl": "http://gatherer.wizards.com/Handlers/Image.ashx?multiverseid=477961&type=card", "language": "Korean", "multiverseid": 477961}, {"name": "Pioneiro de Nileia", "text": "Atropelar\nAs outras criaturas que voc\u00ea controla t\u00eam atropelar.", "type": "Criatura Encantamento \u2014 Besta", "flavor": "Por onde as patas dele passarem, seguir\u00e1 o estrondo de muitas outras.", "imageUrl": "http://gatherer.wizards.com/Handlers/Image.ashx?multiverseid=478215&type=card", "language": "Portuguese (Brazil)", "multiverseid": 478215}, {"name": "\u041f\u0440\u0435\u0434\u0432\u0435\u0441\u0442\u043d\u0438\u043a \u041d\u0438\u043b\u0435\u0438", "text": "\u041f\u0440\u043e\u0431\u0438\u0432\u043d\u043e\u0439 \u0443\u0434\u0430\u0440\n\u0414\u0440\u0443\u0433\u0438\u0435 \u0441\u0443\u0449\u0435\u0441\u0442\u0432\u0430 \u043f\u043e\u0434 \u0432\u0430\u0448\u0438\u043c \u043a\u043e\u043d\u0442\u0440\u043e\u043b\u0435\u043c \u0438\u043c\u0435\u044e\u0442 \u041f\u0440\u043e\u0431\u0438\u0432\u043d\u043e\u0439 \u0443\u0434\u0430\u0440.", "type": "\u0427\u0430\u0440\u044b \u0421\u0443\u0449\u0435\u0441\u0442\u0432\u043e \u2014 \u0417\u0432\u0435\u0440\u044c", "flavor": "\u0422\u0430\u043c, \u0433\u0434\u0435 \u0441\u0442\u0443\u043f\u0438\u043b\u043e \u0435\u0433\u043e \u043a\u043e\u043f\u044b\u0442\u043e, \u0441 \u0433\u0440\u043e\u0445\u043e\u0442\u043e\u043c \u043f\u0440\u043e\u0439\u0434\u0443\u0442 \u0435\u0449\u0435 \u0442\u044b\u0441\u044f\u0447\u0438.", "imageUrl": "http://gatherer.wizards.com/Handlers/Image.ashx?multiverseid=478469&type=card", "language": "Russian", "multiverseid": 478469}, {"name": "\u502a\u52d2\u5a05\u7684\u524d\u950b", "text": "\u8df5\u8e0f\n\u7531\u4f60\u64cd\u63a7\u7684\u5176\u4ed6\u751f\u7269\u5177\u6709\u8df5\u8e0f\u5f02\u80fd\u3002", "type": "\u7ed3\u754c\u751f\u7269 \uff5e\u91ce\u517d", "flavor": "\u5b83\u5f00\u62d3\u4e4b\u5904\uff0c\u5fc5\u6709\u96f7\u9e23\u8e44\u58f0\u76f8\u968f\u3002", "imageUrl": "http://gatherer.wizards.com/Handlers/Image.ashx?multiverseid=478723&type=card", "language": "Chinese Simplified", "multiverseid": 478723}, {"name": "\u502a\u52d2\u5a6d\u7684\u524d\u92d2", "text": "\u8e10\u8e0f\n\u7531\u4f60\u64cd\u63a7\u7684\u5176\u4ed6\u751f\u7269\u5177\u6709\u8e10\u8e0f\u7570\u80fd\u3002", "type": "\u7d50\u754c\u751f\u7269 \uff5e\u91ce\u7378", "flavor": "\u7260\u958b\u62d3\u4e4b\u8655\uff0c\u5fc5\u6709\u96f7\u9cf4\u8e44\u8072\u76f8\u96a8\u3002", "imageUrl": "http://gatherer.wizards.com/Handlers/Image.ashx?multiverseid=478977&type=card", "language": "Chinese Traditional", "multiverseid": 478977}], "printings": ["THB"], "originalText": "Trample\nOther creatures you control have trample.", "originalType": "Enchantment Creature \u2014 Beast", "legalities": [{"format": "Brawl", "legality": "Legal"}, {"format": "Commander", "legality": "Legal"}, {"format": "Duel", "legality": "Legal"}, {"format": "Future", "legality": "Legal"}, {"format": "Gladiator", "legality": "Legal"}, {"format": "Historic", "legality": "Legal"}, {"format": "Legacy", "legality": "Legal"}, {"format": "Modern", "legality": "Legal"}, {"format": "Pauper", "legality": "Legal"}, {"format": "Penny", "legality": "Legal"}, {"format": "Pioneer", "legality": "Legal"}, {"format": "Standard", "legality": "Legal"}, {"format": "Vintage", "legality": "Legal"}], "id": "6313907b-6895-581e-a4b1-73e27b6b4f7b"}