{"name": "Opt", "manaCost": "{U}", "cmc": 1.0, "colors": ["Blue"], "colorIdentity": ["U"], "type": "Instant", "types": ["Instant"], "rarity": "Common", "set": "DOM", "setName": "Dominaria", "text": "Scry 1. (Look at the top card of your library. You may put that card on the bottom of your library.)\nDraw a card.", "flavor": "The crystal pulsed with the power of Teferi's planeswalker spark. Had Jhoira given him a blessing or a curse?", "artist": "Tyler Jacobson", "number": "60", "layout": "normal", "multiverseid": "442948", "imageUrl": "http://gatherer.wizards.com/Handlers/Image.ashx?multiverseid=442948&type=card", "foreignNames": [{"name": "Optionen", "text": "Hellsicht 1. (Schaue dir die oberste Karte deiner Bibliothek an. Du kannst sie unter deine Bibliothek legen.)\nZiehe eine Karte.", "type": "Spontanzauber", "flavor": "Der Kristall pulsierte mit der Macht von Teferis Planeswalker-Funken. War Jhoiras Geschenk ein Segen oder ein Fluch?", "imageUrl": "http://gatherer.wizards.com/Handlers/Image.ashx?multiverseid=443217&type=card", "language": "German", "multiverseid": 443217}, {"name": "Optar", "text": "Adivina 1. (Mira la primera carta de tu biblioteca. Puedes poner esa carta en el fondo de tu biblioteca.)\nRoba una carta.", "type": "Instant\u00e1neo", "flavor": "El cristal lat\u00eda con el poder de la chispa de planeswalker de Teferi. \u00bfLo que le hab\u00eda dado Jhoira era una bendici\u00f3n o una maldici\u00f3n?", "imageUrl": "http://gatherer.wizards.com/Handlers/Image.ashx?multiverseid=443486&type=card", "language": "Spanish", "multiverseid": 443486}, {"name": "Option", "text": "Regard 1. (Regardez la carte du dessus de votre biblioth\u00e8que. Vous pouvez la mettre au-dessous de votre biblioth\u00e8que.)\nPiochez une carte.", "type": "\u00c9ph\u00e9m\u00e8re", "flavor": "Le cristal brillait sous l'effet de la puissance de l'\u00e9tincelle de Planeswalker de T\u00e9feiri. Djo\u00efra l'avait-elle b\u00e9ni ou maudit ?", "imageUrl": "http://gatherer.wizards.com/Handlers/Image.ashx?multiverseid=443755&type=card", "language": "French", "multiverseid": 443755}, {"name": "Opzione", "text": "Profetizza 1. (Guarda la prima carta del tuo grimorio. Puoi mettere quella carta in fondo al tuo grimorio.)\nPesca una carta.", "type": "Istantaneo", "flavor": "Nel cristallo pulsava il potere della scintilla di Planeswalker di Teferi. Jhoira l'aveva benedetto o maledetto?", "imageUrl": "http://gatherer.wizards.com/Handlers/Image.ashx?multiverseid=444024&type=card", "language": "Italian", "multiverseid": 444024}, {"name": "\u9078\u629e", "text": "\u5360\u8853\uff11\u3092\u884c\u3046\u3002\uff08\u3042\u306a\u305f\u306e\u30e9\u30a4\u30d6\u30e9\u30ea\u30fc\u306e\u4e00\u756a\u4e0a\u306e\u30ab\u30fc\u30c9\u3092\u898b\u308b\u3002\u3042\u306a\u305f\u306f\u305d\u306e\u30ab\u30fc\u30c9\u3092\u3042\u306a\u305f\u306e\u30e9\u30a4\u30d6\u30e9\u30ea\u30fc\u306e\u4e00\u756a\u4e0b\u306b\u7f6e\u3044\u3066\u3082\u3088\u3044\u3002\uff09\n\u30ab\u30fc\u30c9\u3092\uff11\u679a\u5f15\u304f\u3002", "type": "\u30a4\u30f3\u30b9\u30bf\u30f3\u30c8", "flavor": "\u30c6\u30d5\u30a7\u30ea\u30fc\u306e\u30d7\u30ec\u30a4\u30f3\u30ba\u30a6\u30a9\u30fc\u30ab\u30fc\u306e\u706f\u3092\u53d7\u3051\u3066\u6c34\u6676\u304c\u660e\u6ec5\u3057\u3066\u3044\u305f\u3002\u30b8\u30e7\u30a4\u30e9\u304c\u4e0e\u3048\u305f\u306e\u306f\u6069\u6075\u306a\u306e\u304b\u3001\u305d\u308c\u3068\u3082\u546a\u3044\u306a\u306e\u3060\u308d\u3046\u304b\uff1f", "imageUrl": "http://gatherer.wizards.com/Handlers/Image.ashx?multiverseid=444293&type=card", "language": "Japanese", "multiverseid": 444293}, {"name": "\uc120\ud0dd", "text": "\uc810\uc220 1\uc744 \ud55c\ub2e4. (\ub2f9\uc2e0\uc758 \uc11c\uace0 \ub9e8 \uc704 \uce74\ub4dc \ud55c \uc7a5\uc744 \ubcf8\ub2e4. \ub2f9\uc2e0\uc740 \uadf8 \uce74\ub4dc\ub97c \ub2f9\uc2e0\uc758 \uc11c\uace0 \ub9e8 \ubc11\uc5d0 \ub193\uc744 \uc218 \uc788\ub2e4.)\n\uce74\ub4dc \ud55c \uc7a5\uc744 \ubf51\ub294\ub2e4.", "type": "\uc21c\uac04\ub9c8\ubc95", "flavor": "\uc218\uc815\uc740 \ud14c\ud398\ub9ac\uc758 \ud50c\ub808\uc778\uc988\uc6cc\ucee4 \ubd88\uaf43\uc73c\ub85c \uace0\ub3d9\uce58\uace0 \uc788\ub2e4. \uc870\uc774\ub77c\ub294 \uadf8\ub97c \ucd95\ubcf5\ud55c \uac83\uc778\uac00, \uc800\uc8fc\ud55c \uac83\uc778\uac00?", "imageUrl": "http://gatherer.wizards.com/Handlers/Image.ashx?multiverseid=444562&type=card", "language": "Korean", "multiverseid": 444562}, {"name": "Optar", "text": "Vid\u00eancia 1. (Olhe o card do topo de seu grim\u00f3rio. Voc\u00ea pode colocar aquele card no fundo de seu grim\u00f3rio.)\nCompre um card.", "type": "M\u00e1gica Instant\u00e2nea", "flavor": "O cristal pulsou com o poder da centelha de planeswalker de Teferi. O que Jhoira lhe dera era uma b\u00ean\u00e7\u00e3o ou uma maldi\u00e7\u00e3o?", "imageUrl": "http://gatherer.wizards.com/Handlers/Image.ashx?multiverseid=444831&type=card", "language": "Portuguese (Brazil)", "multiverseid": 444831}, {"name": "\u0412\u044b\u0431\u043e\u0440", "text": "\u041f\u0440\u0435\u0434\u0441\u043a\u0430\u0436\u0438\u0442\u0435 1. (\u041f\u043e\u0441\u043c\u043e\u0442\u0440\u0438\u0442\u0435 \u0432\u0435\u0440\u0445\u043d\u044e\u044e \u043a\u0430\u0440\u0442\u0443 \u0432\u0430\u0448\u0435\u0439 \u0431\u0438\u0431\u043b\u0438\u043e\u0442\u0435\u043a\u0438. \u0412\u044b \u043c\u043e\u0436\u0435\u0442\u0435 \u043f\u043e\u043b\u043e\u0436\u0438\u0442\u044c \u0442\u0443 \u043a\u0430\u0440\u0442\u0443 \u0432 \u043d\u0438\u0437 \u0432\u0430\u0448\u0435\u0439 \u0431\u0438\u0431\u043b\u0438\u043e\u0442\u0435\u043a\u0438.)\n\u0412\u043e\u0437\u044c\u043c\u0438\u0442\u0435 \u043a\u0430\u0440\u0442\u0443.", "type": "\u041c\u0433\u043d\u043e\u0432\u0435\u043d\u043d\u043e\u0435 \u0437\u0430\u043a\u043b\u0438\u043d\u0430\u043d\u0438\u0435", "flavor": "\u041a\u0440\u0438\u0441\u0442\u0430\u043b\u043b \u043f\u0443\u043b\u044c\u0441\u0438\u0440\u043e\u0432\u0430\u043b, \u0434\u043e \u043a\u0440\u0430\u0435\u0432 \u043f\u0435\u0440\u0435\u043f\u043e\u043b\u043d\u0435\u043d\u043d\u044b\u0439 \u0441\u0438\u043b\u043e\u0439 \u0438\u0441\u043a\u0440\u044b \u0422\u0435\u0444\u0435\u0440\u0438. \u0427\u0442\u043e \u0434\u0430\u043b\u0430 \u0435\u043c\u0443 \u0414\u0436\u043e\u0439\u0440\u0430 \u2014 \u0431\u043b\u0430\u0433\u043e\u0441\u043b\u043e\u0432\u0435\u043d\u0438\u0435 \u0438\u043b\u0438 \u043f\u0440\u043e\u043a\u043b\u044f\u0442\u044c\u0435?", "imageUrl": "http://gatherer.wizards.com/Handlers/Image.ashx?multiverseid=445100&type=card", "language": "Russian", "multiverseid": 445100}, {"name": "\u6289\u62e9", "text": "\u5360\u535c1\u3002\uff08\u68c0\u89c6\u4f60\u724c\u5e93\u9876\u7684\u724c\u3002\u4f60\u53ef\u4ee5\u5c06\u8be5\u724c\u7f6e\u4e8e\u4f60\u7684\u724c\u5e93\u5e95\u3002\uff09\n\u6293\u4e00\u5f20\u724c\u3002", "type": "\u77ac\u95f4", "flavor": "\u6c34\u6676\u7403\u6d8c\u52a8\u7740\u6cf0\u83f2\u529b\u9e4f\u6d1b\u5ba2\u706b\u82b1\u7684\u529b\u91cf\u3002\u5c24\u4f9d\u62c9\u5e26\u7ed9\u4ed6\u7684\u662f\u795d\u798f\uff0c\u8fd8\u662f\u8bc5\u5492\uff1f", "imageUrl": "http://gatherer.wizards.com/Handlers/Image.ashx?multiverseid=445369&type=card", "language": "Chinese Simplified", "multiverseid": 445369}, {"name": "\u6289\u64c7", "text": "\u5360\u535c1\u3002\uff08\u6aa2\u8996\u4f60\u724c\u5eab\u9802\u7684\u724c\u3002\u4f60\u53ef\u4ee5\u5c07\u8a72\u724c\u7f6e\u65bc\u4f60\u7684\u724c\u5eab\u5e95\u3002\uff09\n\u62bd\u4e00\u5f35\u724c\u3002", "type": "\u77ac\u9593", "flavor": "\u6c34\u6676\u7403\u6e67\u52d5\u8457\u6cf0\u83f2\u529b\u9d6c\u6d1b\u5ba2\u706b\u82b1\u7684\u529b\u91cf\u3002\u5c24\u4f9d\u83c8\u5e36\u7d66\u4ed6\u7684\u662f\u795d\u798f\uff0c\u9084\u662f\u8a5b\u5492\uff1f", "imageUrl": "http://gatherer.wizards.com/Handlers/Image.ashx?multiverseid=445638&type=card", "language": "Chinese Traditional", "multiverseid": 445638}], "printings": ["DOM", "ELD", "INV", "M21", "MB1", "PDOM", "PRM", "SLD", "WC01", "XLN"], "originalText": "Scry 1. (Look at the top card of your library. You may put that card on the bottom of your library.)\nDraw a card.", "originalType": "Instant", "legalities": [{"format": "Brawl", "legality": "Legal"}, {"format": "Commander", "legality": "Legal"}, {"format": "Duel", "legality": "Legal"}, {"format": "Future", "legality": "Legal"}, {"format": "Gladiator", "legality": "Legal"}, {"format": "Historic", "legality": "Legal"}, {"format": "Legacy", "legality": "Legal"}, {"format": "Modern", "legality": "Legal"}, {"format": "Pauper", "legality": "Legal"}, {"format": "Penny", "legality": "Legal"}, {"format": "Pioneer", "legality": "Legal"}, {"format": "Premodern", "legality": "Legal"}, {"format": "Standard", "legality": "Legal"}, {"format": "Vintage", "legality": "Legal"}], "id": "9b69bb58-b2f0-5bf8-8f93-4ddf009861bc"}