{"name": "Ornithopter", "manaCost": "{0}", "cmc": 0.0, "type": "Artifact Creature \u2014 Thopter", "types": ["Artifact", "Creature"], "subtypes": ["Thopter"], "rarity": "Uncommon", "set": "10E", "setName": "Tenth Edition", "text": "Flying", "flavor": "\"It has been my honor to improve on the Thran's original design. Perhaps history will remember me in some small part for my work.\"\n\u2014Urza, in his apprenticeship", "artist": "Dana Knutson", "number": "336", "power": "0", "toughness": "2", "layout": "normal", "multiverseid": "129665", "imageUrl": "http://gatherer.wizards.com/Handlers/Image.ashx?multiverseid=129665&type=card", "variations": ["4b7ee21b-ccb2-5590-98d7-146bbe0ba10c"], "foreignNames": [{"name": "Ornithopter", "text": "Fliegend (Diese Kreatur kann au\u00dfer von fliegenden Kreaturen und Kreaturen mit Reichweite nicht geblockt werden.)", "type": "Artefaktkreatur \u2014 Thopter", "flavor": "\u201eEs war mir eine Ehre, den urspr\u00fcnglichen Entwurf der Thran zu verbessern. Vielleicht wird mein Werk sp\u00e4ter ein wenig in die Geschichte eingehen.\" \u2014Urza, als Lehrling", "imageUrl": "http://gatherer.wizards.com/Handlers/Image.ashx?multiverseid=148617&type=card", "language": "German", "multiverseid": 148617}, {"name": "Ornit\u00f3ptero", "text": "Vuela. (Esta criatura no puede ser bloqueada excepto por criaturas que tengan la habilidad de volar o alcance.)", "type": "Criatura artefacto \u2014 T\u00f3ptero", "flavor": "\"Fue un honor para m\u00ed mejorar el dise\u00f1o thran original. Tal vez la historia me recuerde en alg\u00fan peque\u00f1o aspecto por mi trabajo.\" \u2014Urza, durante su aprendizaje", "imageUrl": "http://gatherer.wizards.com/Handlers/Image.ashx?multiverseid=150652&type=card", "language": "Spanish", "multiverseid": 150652}, {"name": "Ornithopt\u00e8re", "text": "Vol (Cette cr\u00e9ature ne peut \u00eatre bloqu\u00e9e que par des cr\u00e9atures avec le vol ou la port\u00e9e.)", "type": "Cr\u00e9ature-artefact : m\u00e9canopt\u00e8re", "flavor": "\u00ab Ce fut un honneur d'am\u00e9liorer la conception thran originale. Peut-\u00eatre l'histoire gardera-t-elle une trace de mon travail ? \u00bb \u2014Urza, pendant son apprentissage", "imageUrl": "http://gatherer.wizards.com/Handlers/Image.ashx?multiverseid=150269&type=card", "language": "French", "multiverseid": 150269}, {"name": "Ornitottero", "text": "Volare (Questa creatura non pu\u00f2 essere bloccata tranne che da creature con volare o raggiungere.)", "type": "Creatura Artefatto \u2014 Tottero", "flavor": "\"Ho avuto l'onore di migliorare il progetto originale di Thran. Forse qualcosa di me rimarr\u00e0 nella storia grazie al mio lavoro.\" \u2014Urza, durante il proprio apprendistato", "imageUrl": "http://gatherer.wizards.com/Handlers/Image.ashx?multiverseid=149000&type=card", "language": "Italian", "multiverseid": 149000}, {"name": "\u7fbd\u3070\u305f\u304d\u98db\u884c\u6a5f\u68b0", "text": "\u98db\u884c \uff08\u3053\u306e\u30af\u30ea\u30fc\u30c1\u30e3\u30fc\u306f\u98db\u884c\u3084\u5230\u9054\u3092\u6301\u305f\u306a\u3044\u30af\u30ea\u30fc\u30c1\u30e3\u30fc\u306b\u3088\u3063\u3066\u30d6\u30ed\u30c3\u30af\u3055\u308c\u306a\u3044\u3002\uff09", "type": "\u30a2\u30fc\u30c6\u30a3\u30d5\u30a1\u30af\u30c8\u30fb\u30af\u30ea\u30fc\u30c1\u30e3\u30fc \u2014 \u98db\u884c\u6a5f\u68b0", "flavor": "\u30b9\u30e9\u30f3\u5e1d\u56fd\u306e\u907a\u7269\u306e\u6539\u826f\u3092\u4efb\u305b\u3066\u3044\u305f\u3060\u304d\u3001\u3053\u308c\u307b\u3069\u5149\u6804\u306a\u3053\u3068\u306f\u3042\u308a\u307e\u305b\u3093\u3002 \u3053\u306e\u696d\u7e3e\u306b\u3088\u3063\u3066\u308f\u305f\u3057\u306e\u540d\u304c\u6b74\u53f2\u306e\u7247\u9685\u306b\u6b8b\u308b\u3053\u3068\u306b\u306a\u308c\u3070\u3001\u305d\u308c\u306f\u671b\u5916\u306e\u5e78\u305b\u3002 \u2015\u2015\u5f92\u5f1f\u6642\u4ee3\u306e\u30a6\u30eb\u30b6", "imageUrl": "http://gatherer.wizards.com/Handlers/Image.ashx?multiverseid=148234&type=card", "language": "Japanese", "multiverseid": 148234}, {"name": "Ornit\u00f3ptero", "text": "Voar (Esta criatura s\u00f3 pode ser bloqueada por criaturas com a habilidade de voar ou alcance.)", "type": "Criatura Artefato \u2014 T\u00f3ptero", "flavor": "\"Tive a honra de fazer melhorias no projeto de Thran. Talvez a hist\u00f3ria me d\u00ea algum cr\u00e9dito pelo meu trabalho.\" \u2014 Urza, durante seu aprendizado", "imageUrl": "http://gatherer.wizards.com/Handlers/Image.ashx?multiverseid=149886&type=card", "language": "Portuguese (Brazil)", "multiverseid": 149886}, {"name": "\u041e\u0440\u043d\u0438\u0442\u043e\u043f\u0442\u0435\u0440", "text": "\u041f\u043e\u043b\u0435\u0442 (\u042d\u0442\u043e \u0441\u0443\u0449\u0435\u0441\u0442\u0432\u043e \u043c\u043e\u0436\u0435\u0442 \u0431\u044b\u0442\u044c \u0437\u0430\u0431\u043b\u043e\u043a\u0438\u0440\u043e\u0432\u0430\u043d\u043e \u0442\u043e\u043b\u044c\u043a\u043e \u0441\u0443\u0449\u0435\u0441\u0442\u0432\u043e\u043c \u0441 \u041f\u043e\u043b\u0435\u0442\u043e\u043c \u0438\u043b\u0438 \u0417\u0430\u0445\u0432\u0430\u0442\u043e\u043c.)", "type": "\u0410\u0440\u0442\u0435\u0444\u0430\u043a\u0442\u043d\u043e\u0435 \u0421\u0443\u0449\u0435\u0441\u0442\u0432\u043e \u2014 \u0422\u043e\u043f\u0442\u0435\u0440", "flavor": "\"\u041c\u043d\u0435 \u0432\u044b\u043f\u0430\u043b\u0430 \u0431\u043e\u043b\u044c\u0448\u0430\u044f \u0447\u0435\u0441\u0442\u044c \u0443\u0441\u043e\u0432\u0435\u0440\u0448\u0435\u043d\u0441\u0442\u0432\u043e\u0432\u0430\u0442\u044c \u0438\u0437\u043d\u0430\u0447\u0430\u043b\u044c\u043d\u0443\u044e \u043a\u043e\u043d\u0441\u0442\u0440\u0443\u043a\u0446\u0438\u044e \u0422\u0440\u0430\u043d\u0430. \u041c\u043e\u0436\u0435\u0442, \u0445\u043e\u0442\u044c \u043a\u0440\u0443\u043f\u0438\u0446\u0430 \u043c\u043e\u0435\u0439 \u0440\u0430\u0431\u043e\u0442\u044b \u043e\u0441\u0442\u0430\u043d\u0435\u0442\u0441\u044f \u0432 \u0438\u0441\u0442\u043e\u0440\u0438\u0438\". \u2014 \u0423\u0440\u0437\u0430, \u0432 \u0443\u0447\u0435\u043d\u0438\u0447\u0435\u0441\u0442\u0432\u0435", "imageUrl": "http://gatherer.wizards.com/Handlers/Image.ashx?multiverseid=149503&type=card", "language": "Russian", "multiverseid": 149503}, {"name": "\u6251\u7ffc\u673a", "text": "\u98de\u884c\uff08\u53ea\u6709\u5177\u98de\u884c\u6216\u5ef6\u52bf\u5f02\u80fd\u7684\u751f\u7269\u624d\u80fd\u963b\u6321\u5b83\u3002\uff09", "type": "\u795e\u5668\u751f\u7269\uff5e\u632f\u7ffc\u673a", "flavor": "\u300c\u80fd\u6539\u826f\u7d22\u84dd\u539f\u59cb\u8bbe\u8ba1\u662f\u6211\u7684\u8363\u5e78\u3002 \u4e5f\u8bb8\u5386\u53f2\u4f1a\u4e3a\u6211\u7684\u6210\u679c\u8bb0\u4e0b\u4e00\u5c0f\u7b14\u529f\u52b3\u3002\u300d \uff5e\u5b66\u5f92\u65f6\u671f\u7684\u514b\u6492", "imageUrl": "http://gatherer.wizards.com/Handlers/Image.ashx?multiverseid=147851&type=card", "language": "Chinese Simplified", "multiverseid": 147851}], "printings": ["10E", "3ED", "4BB", "4ED", "5ED", "6ED", "9ED", "AER", "ATQ", "FBB", "HA1", "KLR", "M10", "M11", "M15", "MB1", "MPS", "MRD", "PS11", "SUM", "WC04"], "originalText": "Flying (This creature can't be blocked except by creatures with flying or reach.)", "originalType": "Artifact Creature - Thopter", "legalities": [{"format": "Commander", "legality": "Legal"}, {"format": "Duel", "legality": "Legal"}, {"format": "Gladiator", "legality": "Legal"}, {"format": "Historic", "legality": "Legal"}, {"format": "Legacy", "legality": "Legal"}, {"format": "Modern", "legality": "Legal"}, {"format": "Pauper", "legality": "Legal"}, {"format": "Penny", "legality": "Legal"}, {"format": "Pioneer", "legality": "Legal"}, {"format": "Premodern", "legality": "Legal"}, {"format": "Vintage", "legality": "Legal"}], "id": "18bacc5a-3ca0-5b72-bacb-ea98e6036c42"}