{"name": "Overgrown Tomb", "cmc": 0.0, "colorIdentity": ["B", "G"], "type": "Land \u2014 Swamp Forest", "types": ["Land"], "subtypes": ["Swamp", "Forest"], "rarity": "Mythic", "set": "EXP", "setName": "Zendikar Expeditions", "text": "({T}: Add {B} or {G}.)\nAs Overgrown Tomb enters the battlefield, you may pay 2 life. If you don't, it enters the battlefield tapped.", "artist": "Noah Bradley", "number": "13", "layout": "normal", "multiverseid": "405103", "imageUrl": "http://gatherer.wizards.com/Handlers/Image.ashx?multiverseid=405103&type=card", "rulings": [{"date": "2018-10-05", "text": "Unlike most dual lands, this land has two basic land types. It\u2019s not basic, so cards such as District Guide can\u2019t find it, but it does have the appropriate land types for effects such as that of Drowned Catacomb (from the Ixalan set)."}, {"date": "2018-10-05", "text": "If an effect puts this land onto the battlefield tapped, you may pay 2 life, but it still enters tapped."}], "printings": ["EXP", "GRN", "PGRN", "PRM", "RAV", "RTR"], "originalText": "As Overgrown Tomb enters the battlefield, you may pay 2 life. If you don't, Overgrown Tomb enters the battlefield tapped.", "originalType": "Land \u2014 Swamp Forest", "legalities": [{"format": "Commander", "legality": "Legal"}, {"format": "Duel", "legality": "Legal"}, {"format": "Gladiator", "legality": "Legal"}, {"format": "Historic", "legality": "Legal"}, {"format": "Legacy", "legality": "Legal"}, {"format": "Modern", "legality": "Legal"}, {"format": "Pioneer", "legality": "Legal"}, {"format": "Vintage", "legality": "Legal"}], "id": "2178d49a-a905-5a48-bc3a-b2aea613cf68"}