{"name": "Pollywog Symbiote", "manaCost": "{1}{U}", "cmc": 2.0, "colors": ["Blue"], "colorIdentity": ["U"], "type": "Creature \u2014 Frog", "types": ["Creature"], "subtypes": ["Frog"], "rarity": "Uncommon", "set": "IKO", "setName": "Ikoria: Lair of Behemoths", "text": "Each creature spell you cast costs {1} less to cast if it has mutate.\nWhenever you cast a creature spell, if it has mutate, draw a card, then discard a card.", "flavor": "It always knew it was destined to be more than a frog.", "artist": "Simon Dominic", "number": "63", "power": "1", "toughness": "3", "layout": "normal", "multiverseid": "479583", "imageUrl": "http://gatherer.wizards.com/Handlers/Image.ashx?multiverseid=479583&type=card", "variations": ["3aa21396-8dcd-5f9a-9243-677182293d4a"], "rulings": [{"date": "2020-04-17", "text": "Pollywog Symbiote\u2019s first ability applies to creature spells you cast that have mutate even if you don\u2019t cast them for their mutate cost. Similarly, its second ability triggers even if the creature spell with mutate was cast for a cost other than its mutate cost."}, {"date": "2020-04-17", "text": "Effects that reduce the generic mana cost of a spell (such as that of Pollywog Symbiote) can\u2019t reduce that spell\u2019s colored mana requirements."}, {"date": "2020-04-17", "text": "An ability that triggers when a player casts a spell resolves before the spell that caused it to trigger. It resolves even if that spell is countered."}, {"date": "2020-04-17", "text": "Players can cast spells and activate abilities after the triggered ability resolves but before the spell that caused it to trigger does."}, {"date": "2020-04-17", "text": "You draw a card and discard a card all while Pollywog Symbiote\u2019s ability is resolving. Nothing can happen between the two, and no player may choose to take actions."}], "foreignNames": [{"name": "Kaulquappensymbiont", "text": "Jeder Kreaturenzauber, den du wirkst, kostet beim Wirken {1} weniger, falls er Mutation hat.\nImmer wenn du einen Kreaturenzauber wirkst und falls er Mutation hat, ziehe eine Karte und wirf dann eine Karte ab.", "type": "Kreatur \u2014 Frosch", "flavor": "Er wusste schon immer, dass er dazu bestimmt war, mehr als nur ein Frosch zu sein.", "imageUrl": "http://gatherer.wizards.com/Handlers/Image.ashx?multiverseid=479842&type=card", "language": "German", "multiverseid": 479842}, {"name": "Renacuajo simbi\u00f3tico", "text": "Te cuesta {1} menos lanzar cada hechizo de criatura si tiene la habilidad de mutaci\u00f3n.\nSiempre que lances un hechizo de criatura, si tiene la habilidad de mutaci\u00f3n, roba una carta y descarta una carta.", "type": "Criatura \u2014 Rana", "flavor": "Siempre supo que su destino era ser algo m\u00e1s que una rana.", "imageUrl": "http://gatherer.wizards.com/Handlers/Image.ashx?multiverseid=480101&type=card", "language": "Spanish", "multiverseid": 480101}, {"name": "Symbiote t\u00eatard", "text": "Chaque sort de cr\u00e9ature que vous lancez co\u00fbte {1} de moins \u00e0 lancer s'il a la mutation.\n\u00c0 chaque fois que vous lancez un sort de cr\u00e9ature, s'il a la mutation, piochez une carte, puis d\u00e9faussez-vous d'une carte.", "type": "Cr\u00e9ature : grenouille", "flavor": "Il savait qu'il deviendrait plus qu'une simple grenouille.", "imageUrl": "http://gatherer.wizards.com/Handlers/Image.ashx?multiverseid=480360&type=card", "language": "French", "multiverseid": 480360}, {"name": "Simbionte Girino", "text": "Ogni magia creatura che lanci costa {1} in meno per essere lanciata se ha mutazione.\nOgniqualvolta lanci una magia creatura, se ha mutazione, pesca una carta, poi scarta una carta.", "type": "Creatura \u2014 Rana", "flavor": "Ha sempre saputo di essere destinato a diventare molto pi\u00f9 che una rana.", "imageUrl": "http://gatherer.wizards.com/Handlers/Image.ashx?multiverseid=480619&type=card", "language": "Italian", "multiverseid": 480619}, {"name": "\u4e21\u751f\u5171\u751f\u4f53", "text": "\u3042\u306a\u305f\u304c\u30af\u30ea\u30fc\u30c1\u30e3\u30fc\u30fb\u546a\u6587\u3092\u5531\u3048\u308b\u305f\u3081\u306e\u30b3\u30b9\u30c8\u306f\u3001\u305d\u308c\u304c\u5909\u5bb9\u3092\u6301\u3063\u3066\u3044\u308b\u306a\u3089\u3001{1}\u5c11\u306a\u304f\u306a\u308b\u3002\n\u3042\u306a\u305f\u304c\u30af\u30ea\u30fc\u30c1\u30e3\u30fc\u30fb\u546a\u6587\u3092\u5531\u3048\u308b\u305f\u3073\u3001\u305d\u308c\u304c\u5909\u5bb9\u3092\u6301\u3063\u3066\u3044\u308b\u5834\u5408\u3001\u30ab\u30fc\u30c9\u3092\uff11\u679a\u5f15\u304d\u3001\u305d\u306e\u5f8c\u30ab\u30fc\u30c9\uff11\u679a\u3092\u6368\u3066\u308b\u3002", "type": "\u30af\u30ea\u30fc\u30c1\u30e3\u30fc \u2014 \u30ab\u30a8\u30eb", "flavor": "\u305d\u308c\u306f\u81ea\u5206\u304c\u30ab\u30a8\u30eb\u4ee5\u4e0a\u306e\u3082\u306e\u306b\u306a\u308b\u3053\u3068\u3092\u5e38\u306b\u77e5\u3063\u3066\u3044\u305f\u3002", "imageUrl": "http://gatherer.wizards.com/Handlers/Image.ashx?multiverseid=480878&type=card", "language": "Japanese", "multiverseid": 480878}, {"name": "\uc591\uc11c\ub958 \uacf5\uc0dd\uc790", "text": "\ub2f9\uc2e0\uc774 \ubc1c\ub3d9\ud558\ub294 \uac01 \uc0dd\ubb3c \uc8fc\ubb38\uc740 \uadf8 \uc8fc\ubb38\uc774 \ub3cc\uc5f0\ubcc0\uc774\ud654\ub97c \uac00\uc9c0\uace0 \uc788\ub2e4\uba74 \ubc1c\ub3d9\ud558\ub294 \ub370 {1}\uc774 \ub35c \ub4e0\ub2e4.\n\ub2f9\uc2e0\uc774 \uc0dd\ubb3c \uc8fc\ubb38\uc744 \ubc1c\ub3d9\ud560 \ub54c\ub9c8\ub2e4, \uadf8 \uc8fc\ubb38\uc774 \ub3cc\uc5f0\ubcc0\uc774\ud654\ub97c \uac00\uc9c0\uace0 \uc788\ub2e4\uba74, \uce74\ub4dc \ud55c \uc7a5\uc744 \ubf51\uc740 \ud6c4, \uce74\ub4dc \ud55c \uc7a5\uc744 \ubc84\ub9b0\ub2e4.", "type": "\uc0dd\ubb3c \u2014 \uac1c\uad6c\ub9ac", "flavor": "\uadf8\uac83\uc740 \ud56d\uc0c1 \uc790\uc2e0\uc774 \ub2e8\uc21c\ud55c \uac1c\uad6c\ub9ac \uadf8 \uc774\uc0c1\uc774 \ub420 \uc6b4\uba85\uc774\ub77c\ub294 \uac83\uc744 \uc54c\uace0 \uc788\uc5c8\ub2e4.", "imageUrl": "http://gatherer.wizards.com/Handlers/Image.ashx?multiverseid=481137&type=card", "language": "Korean", "multiverseid": 481137}, {"name": "Simbionte Girino", "text": "Cada m\u00e1gica de criatura que voc\u00ea conjura custa {1} a menos para ser conjurada se tiver muta\u00e7\u00e3o.\nToda vez que voc\u00ea conjurar uma m\u00e1gica de criatura, se ela tiver muta\u00e7\u00e3o, compre um card e depois descarte um card.", "type": "Criatura \u2014 Sapo", "flavor": "Eu sempre soube que o destino dele era ser mais que um sapo.", "imageUrl": "http://gatherer.wizards.com/Handlers/Image.ashx?multiverseid=481396&type=card", "language": "Portuguese (Brazil)", "multiverseid": 481396}, {"name": "\u0421\u0438\u043c\u0431\u0438\u043e\u043d\u0442-\u0413\u043e\u043b\u043e\u0432\u0430\u0441\u0442\u0438\u043a", "text": "\u041a\u0430\u0436\u0434\u043e\u0435 \u0440\u0430\u0437\u044b\u0433\u0440\u044b\u0432\u0430\u0435\u043c\u043e\u0435 \u0432\u0430\u043c\u0438 \u0437\u0430\u043a\u043b\u0438\u043d\u0430\u043d\u0438\u0435 \u0441\u0443\u0449\u0435\u0441\u0442\u0432\u0430 \u0441\u0442\u043e\u0438\u0442 \u043d\u0430 {1} \u043c\u0435\u043d\u044c\u0448\u0435, \u0435\u0441\u043b\u0438 \u0443 \u043d\u0435\u0433\u043e \u0435\u0441\u0442\u044c \u041c\u0443\u0442\u0430\u0446\u0438\u044f.\n\u041a\u0430\u0436\u0434\u044b\u0439 \u0440\u0430\u0437, \u043a\u043e\u0433\u0434\u0430 \u0432\u044b \u0440\u0430\u0437\u044b\u0433\u0440\u044b\u0432\u0430\u0435\u0442\u0435 \u0437\u0430\u043a\u043b\u0438\u043d\u0430\u043d\u0438\u0435 \u0441\u0443\u0449\u0435\u0441\u0442\u0432\u0430, \u0435\u0441\u043b\u0438 \u0443 \u043d\u0435\u0433\u043e \u0435\u0441\u0442\u044c \u041c\u0443\u0442\u0430\u0446\u0438\u044f, \u0432\u043e\u0437\u044c\u043c\u0438\u0442\u0435 \u043a\u0430\u0440\u0442\u0443, \u0437\u0430\u0442\u0435\u043c \u0441\u0431\u0440\u043e\u0441\u044c\u0442\u0435 \u043a\u0430\u0440\u0442\u0443.", "type": "\u0421\u0443\u0449\u0435\u0441\u0442\u0432\u043e \u2014 \u041b\u044f\u0433\u0443\u0448\u043a\u0430", "flavor": "\u041e\u043d \u0432\u0441\u0435\u0433\u0434\u0430 \u0437\u043d\u0430\u043b, \u0447\u0442\u043e \u0435\u043c\u0443 \u0441\u0443\u0436\u0434\u0435\u043d\u043e \u0441\u0442\u0430\u0442\u044c \u043d\u0435 \u043f\u0440\u043e\u0441\u0442\u043e \u043b\u044f\u0433\u0443\u0448\u043a\u043e\u0439.", "imageUrl": "http://gatherer.wizards.com/Handlers/Image.ashx?multiverseid=481655&type=card", "language": "Russian", "multiverseid": 481655}, {"name": "\u874c\u86aa\u5171\u751f\u4f53", "text": "\u5982\u679c\u4f60\u65bd\u653e\u7684\u751f\u7269\u5492\u8bed\u5177\u6709\u5408\u53d8\u5f02\u80fd\uff0c\u5219\u5b83\u51cf\u5c11{1}\u6765\u65bd\u653e\u3002\n\u6bcf\u5f53\u4f60\u65bd\u653e\u751f\u7269\u5492\u8bed\u65f6\uff0c\u82e5\u5b83\u5177\u6709\u5408\u53d8\u5f02\u80fd\uff0c\u5219\u6293\u4e00\u5f20\u724c\uff0c\u7136\u540e\u5f03\u4e00\u5f20\u724c\u3002", "type": "\u751f\u7269 \uff5e\u86d9", "flavor": "\u5b83\u65e9\u5c31\u77e5\u9053\u81ea\u5df1\u547d\u4e2d\u4e0d\u4f1a\u53ea\u662f\u4e00\u53ea\u86d9\u3002", "imageUrl": "http://gatherer.wizards.com/Handlers/Image.ashx?multiverseid=481914&type=card", "language": "Chinese Simplified", "multiverseid": 481914}, {"name": "\u874c\u86aa\u5171\u751f\u9ad4", "text": "\u5982\u679c\u4f60\u65bd\u653e\u7684\u751f\u7269\u5492\u8a9e\u5177\u6709\u5408\u8b8a\u7570\u80fd\uff0c\u5247\u5b83\u6e1b\u5c11{1}\u4f86\u65bd\u653e\u3002\n\u6bcf\u7576\u4f60\u65bd\u653e\u751f\u7269\u5492\u8a9e\u6642\uff0c\u82e5\u5b83\u5177\u6709\u5408\u8b8a\u7570\u80fd\uff0c\u5247\u62bd\u4e00\u5f35\u724c\uff0c\u7136\u5f8c\u68c4\u4e00\u5f35\u724c\u3002", "type": "\u751f\u7269 \uff5e\u86d9", "flavor": "\u7260\u65e9\u5c31\u77e5\u9053\u81ea\u5df1\u547d\u4e2d\u4e0d\u6703\u53ea\u662f\u4e00\u96bb\u86d9\u3002", "imageUrl": "http://gatherer.wizards.com/Handlers/Image.ashx?multiverseid=482173&type=card", "language": "Chinese Traditional", "multiverseid": 482173}], "printings": ["IKO"], "originalText": "Each creature spell you cast costs {1} less to cast if it has mutate.\nWhenever you cast a creature spell, if it has mutate, draw a card, then discard a card.", "originalType": "Creature \u2014 Frog", "legalities": [{"format": "Brawl", "legality": "Legal"}, {"format": "Commander", "legality": "Legal"}, {"format": "Duel", "legality": "Legal"}, {"format": "Future", "legality": "Legal"}, {"format": "Gladiator", "legality": "Legal"}, {"format": "Historic", "legality": "Legal"}, {"format": "Legacy", "legality": "Legal"}, {"format": "Modern", "legality": "Legal"}, {"format": "Penny", "legality": "Legal"}, {"format": "Pioneer", "legality": "Legal"}, {"format": "Standard", "legality": "Legal"}, {"format": "Vintage", "legality": "Legal"}], "id": "233db185-ba73-50fa-a8b6-b36976a0a770"}