{"name": "Prized Unicorn", "manaCost": "{3}{G}", "cmc": 4.0, "colors": ["Green"], "colorIdentity": ["G"], "type": "Creature \u2014 Unicorn", "types": ["Creature"], "subtypes": ["Unicorn"], "rarity": "Uncommon", "set": "ANB", "setName": "Arena Beginner Set", "text": "All creatures able to block Prized Unicorn do so.", "artist": "Rudy Siswanto", "number": "100", "power": "2", "toughness": "2", "layout": "normal", "rulings": [{"date": "2019-07-12", "text": "If a creature the defending player controls can\u2019t block Prized Unicorn for any reason (such as being tapped), then it doesn\u2019t block Prized Unicorn. If there\u2019s a cost associated with having a creature block Prized Unicorn, the defending player isn\u2019t forced to pay that cost, so it doesn\u2019t have to block."}, {"date": "2019-07-12", "text": "If more than one Prized Unicorn is attacking, creatures that could block must block one Prized Unicorn, but they don\u2019t all have to block the same Prized Unicorn."}], "printings": ["ANB", "M10", "M11", "M20", "ORI"], "legalities": [{"format": "Commander", "legality": "Legal"}, {"format": "Duel", "legality": "Legal"}, {"format": "Gladiator", "legality": "Legal"}, {"format": "Historic", "legality": "Legal"}, {"format": "Legacy", "legality": "Legal"}, {"format": "Modern", "legality": "Legal"}, {"format": "Pauper", "legality": "Legal"}, {"format": "Penny", "legality": "Legal"}, {"format": "Pioneer", "legality": "Legal"}, {"format": "Vintage", "legality": "Legal"}], "id": "6a9cdb21-7ae0-5da9-91a0-9fe6bf36d35b"}