{"name": "Rampaging Brontodon", "manaCost": "{5}{G}{G}", "cmc": 7.0, "colors": ["Green"], "colorIdentity": ["G"], "type": "Creature \u2014 Dinosaur", "types": ["Creature"], "subtypes": ["Dinosaur"], "rarity": "Rare", "set": "ANB", "setName": "Arena Beginner Set", "text": "Trample\nWhenever Rampaging Brontodon attacks, it gets +1/+1 until end of turn for each land you control.", "artist": "Lars Grant-West", "number": "102", "power": "7", "toughness": "7", "layout": "normal", "printings": ["ANB", "G18", "JMP", "PZ2"], "legalities": [{"format": "Commander", "legality": "Legal"}, {"format": "Duel", "legality": "Legal"}, {"format": "Gladiator", "legality": "Legal"}, {"format": "Historic", "legality": "Legal"}, {"format": "Legacy", "legality": "Legal"}, {"format": "Modern", "legality": "Legal"}, {"format": "Penny", "legality": "Legal"}, {"format": "Pioneer", "legality": "Legal"}, {"format": "Vintage", "legality": "Legal"}], "id": "9f2eb732-0204-5806-919f-b37a3c926d90"}