{"name": "Ravenous Chupacabra", "manaCost": "{2}{B}{B}", "cmc": 4.0, "colors": ["Black"], "colorIdentity": ["B"], "type": "Creature \u2014 Beast Horror", "types": ["Creature"], "subtypes": ["Beast", "Horror"], "rarity": "Uncommon", "set": "A25", "setName": "Masters 25", "text": "When Ravenous Chupacabra enters the battlefield, destroy target creature an opponent controls.", "flavor": "Opening Orazca unleashed more horrors than just the Immortal Sun.", "artist": "Daarken", "number": "104", "power": "2", "toughness": "2", "layout": "normal", "multiverseid": "442093", "imageUrl": "http://gatherer.wizards.com/Handlers/Image.ashx?multiverseid=442093&type=card", "watermark": "set (RIX)", "foreignNames": [{"name": "\u8caa\u6b32\u306a\u30c1\u30e5\u30d1\u30ab\u30d6\u30e9", "text": "\u8caa\u6b32\u306a\u30c1\u30e5\u30d1\u30ab\u30d6\u30e9\u304c\u6226\u5834\u306b\u51fa\u305f\u3068\u304d\u3001\u5bfe\u6226\u76f8\u624b\u304c\u30b3\u30f3\u30c8\u30ed\u30fc\u30eb\u3057\u3066\u3044\u308b\u30af\u30ea\u30fc\u30c1\u30e3\u30fc\uff11\u4f53\u3092\u5bfe\u8c61\u3068\u3057\u3001\u305d\u308c\u3092\u7834\u58ca\u3059\u308b\u3002", "type": "\u30af\u30ea\u30fc\u30c1\u30e3\u30fc \u2014 \u30d3\u30fc\u30b9\u30c8\u30fb\u30db\u30e9\u30fc", "flavor": "\u30aa\u30e9\u30fc\u30ba\u30ab\u304c\u958b\u304f\u3068\u3001\u4e0d\u6ec5\u306e\u592a\u967d\u4ee5\u5916\u306b\u3082\u591a\u6570\u306e\u6050\u6016\u304c\u89e3\u653e\u3055\u308c\u305f\u3002", "imageUrl": "http://gatherer.wizards.com/Handlers/Image.ashx?multiverseid=442342&type=card", "language": "Japanese", "multiverseid": 442342}, {"name": "\u8d2a\u98df\u5353\u67cf\u5361\u5e03\u62c9", "text": "\u5f53\u8d2a\u98df\u5353\u67cf\u5361\u5e03\u62c9\u8fdb\u6218\u573a\u65f6\uff0c\u6d88\u706d\u76ee\u6807\u7531\u5bf9\u624b\u64cd\u63a7\u7684\u751f\u7269\u3002", "type": "\u751f\u7269 \uff5e\u91ce\u517d\uff0f\u60ca\u60e7\u517d", "flavor": "\u6b27\u62c9\u5179\u5361\u57ce\u95e8\u6d1e\u5f00\uff0c\u6d8c\u73b0\u7684\u754f\u60e7\u4e4b\u7269\u8fdc\u975e\u53ea\u6709\u6c38\u751f\u5723\u9633\u3002", "imageUrl": "http://gatherer.wizards.com/Handlers/Image.ashx?multiverseid=442591&type=card", "language": "Chinese Simplified", "multiverseid": 442591}], "printings": ["A25", "JMP", "MB1", "RIX"], "originalText": "When Ravenous Chupacabra enters the battlefield, destroy target creature an opponent controls.", "originalType": "Creature \u2014 Beast Horror", "legalities": [{"format": "Commander", "legality": "Legal"}, {"format": "Duel", "legality": "Legal"}, {"format": "Gladiator", "legality": "Legal"}, {"format": "Historic", "legality": "Legal"}, {"format": "Legacy", "legality": "Legal"}, {"format": "Modern", "legality": "Legal"}, {"format": "Penny", "legality": "Legal"}, {"format": "Pioneer", "legality": "Legal"}, {"format": "Vintage", "legality": "Legal"}], "id": "ae247bb4-0565-5226-9571-45ce39dcf36e"}