{"name": "Rookie Mistake", "manaCost": "{U}", "cmc": 1.0, "colors": ["Blue"], "colorIdentity": ["U"], "type": "Instant", "types": ["Instant"], "rarity": "Common", "set": "M21", "setName": "Core Set 2021", "text": "Until end of turn, target creature gets +0/+2 and another target creature gets -2/-0.", "flavor": "\"Stop locking your knees as you strike! Now stand up and try again.\"", "artist": "Zoltan Boros", "number": "66", "layout": "normal", "multiverseid": "485389", "imageUrl": "http://gatherer.wizards.com/Handlers/Image.ashx?multiverseid=485389&type=card", "rulings": [{"date": "2020-06-23", "text": "You can\u2019t cast Rookie Mistake unless you choose two creatures as targets."}, {"date": "2020-06-23", "text": "If one target creature becomes an illegal target before Rookie Mistake resolves, the other is affected as appropriate."}], "foreignNames": [{"name": "Anf\u00e4ngerfehler", "text": "Bis zum Ende des Zuges erh\u00e4lt eine Kreatur deiner Wahl +0/+2 und eine andere Kreatur deiner Wahl -2/-0.", "type": "Spontanzauber", "flavor": "\u201eDie Knie beim Schlag locker halten! Jetzt steh auf und versuche es nochmal.\"", "imageUrl": "http://gatherer.wizards.com/Handlers/Image.ashx?multiverseid=485648&type=card", "language": "German", "multiverseid": 485648}, {"name": "Error de novato", "text": "Hasta el final del turno, la criatura objetivo obtiene +0/+2 y otra criatura objetivo obtiene -2/-0.", "type": "Instant\u00e1neo", "flavor": "\"\u00a1No bloquees las rodillas cuando ataques! Lev\u00e1ntate y vuelve a intentarlo\".", "imageUrl": "http://gatherer.wizards.com/Handlers/Image.ashx?multiverseid=485907&type=card", "language": "Spanish", "multiverseid": 485907}, {"name": "Erreur de d\u00e9butant", "text": "Jusqu'\u00e0 la fin du tour, une cr\u00e9ature cibl\u00e9e gagne +0/+2 et une autre cr\u00e9ature cibl\u00e9e gagne -2/-0.", "type": "\u00c9ph\u00e9m\u00e8re", "flavor": "\u00ab Ne reste pas plant\u00e9 sur tes genoux quand tu frappes ! Rel\u00e8ve-toi et r\u00e9essaie. \u00bb", "imageUrl": "http://gatherer.wizards.com/Handlers/Image.ashx?multiverseid=486166&type=card", "language": "French", "multiverseid": 486166}, {"name": "Errore da Principiante", "text": "Fino alla fine del turno, una creatura bersaglio prende +0/+2 e un'altra creatura bersaglio prende -2/-0.", "type": "Istantaneo", "flavor": "\"Smettila di irrigidire le ginocchia quando colpisci! Ora alzati e riprova.\"", "imageUrl": "http://gatherer.wizards.com/Handlers/Image.ashx?multiverseid=486425&type=card", "language": "Italian", "multiverseid": 486425}, {"name": "\u521d\u5fc3\u8005\u306e\u904e\u3061", "text": "\u30af\u30ea\u30fc\u30c1\u30e3\u30fc\uff11\u4f53\u3068\u3001\u4ed6\u306e\u30af\u30ea\u30fc\u30c1\u30e3\u30fc\uff11\u4f53\u3092\u5bfe\u8c61\u3068\u3059\u308b\u3002\u30bf\u30fc\u30f3\u7d42\u4e86\u6642\u307e\u3067\u3001\u305d\u306e\u524d\u8005\u306f\uff0b\uff10/\uff0b\uff12\u306e\u4fee\u6574\u3092\u53d7\u3051\u305d\u306e\u5f8c\u8005\u306f\uff0d\uff12/\uff0d\uff10\u306e\u4fee\u6574\u3092\u53d7\u3051\u308b\u3002", "type": "\u30a4\u30f3\u30b9\u30bf\u30f3\u30c8", "flavor": "\u300c\u6253\u6483\u306e\u969b\u306b\u819d\u3092\u4f38\u3070\u3057\u3066\u306f\u306a\u3089\u306c\uff01\u7acb\u3066\u3002\u3082\u3046\u4e00\u5ea6\u3060\u3002\u300d", "imageUrl": "http://gatherer.wizards.com/Handlers/Image.ashx?multiverseid=486684&type=card", "language": "Japanese", "multiverseid": 486684}, {"name": "\ucd08\uc2ec\uc790\uc758 \uc2e4\uc218", "text": "\uc0dd\ubb3c\uc744 \ubaa9\ud45c\ub85c \uc815\ud558\uace0 \ub610 \ub2e4\ub978 \uc0dd\ubb3c\uc744 \ubaa9\ud45c\ub85c \uc815\ud55c\ub2e4. \ud134\uc885\ub8cc\uae4c\uc9c0, \uccab \ubc88\uc9f8 \ubaa9\ud45c\ub294 +0/+2\ub97c \ubc1b\uace0 \ub450 \ubc88\uc9f8 \ubaa9\ud45c\ub294 -2/-0\uc744 \ubc1b\ub294\ub2e4.", "type": "\uc21c\uac04\ub9c8\ubc95", "flavor": "\"\ub54c\ub9b4 \ub54c \ubb34\ub98e\uc744 \ucb49 \ud3b4\uc9c0 \ub9c8! \uc774\uc81c \uc77c\uc5b4\ub098\uc11c \ub2e4\uc2dc \ud574 \ubd10.\"", "imageUrl": "http://gatherer.wizards.com/Handlers/Image.ashx?multiverseid=486943&type=card", "language": "Korean", "multiverseid": 486943}, {"name": "Erro de Novato", "text": "At\u00e9 o final do turno, a criatura alvo recebe +0/+2 e outra criatura alvo recebe -2/-0.", "type": "M\u00e1gica Instant\u00e2nea", "flavor": "\"Pare de travar os joelhos na hora do golpe! Agora levante e tente de novo.\"", "imageUrl": "http://gatherer.wizards.com/Handlers/Image.ashx?multiverseid=487202&type=card", "language": "Portuguese (Brazil)", "multiverseid": 487202}, {"name": "\u041e\u0448\u0438\u0431\u043a\u0430 \u041d\u043e\u0432\u0438\u0447\u043a\u0430", "text": "\u0414\u043e \u043a\u043e\u043d\u0446\u0430 \u0445\u043e\u0434\u0430 \u0446\u0435\u043b\u0435\u0432\u043e\u0435 \u0441\u0443\u0449\u0435\u0441\u0442\u0432\u043e \u043f\u043e\u043b\u0443\u0447\u0430\u0435\u0442 +0/+2, \u0430 \u0434\u0440\u0443\u0433\u043e\u0435 \u0446\u0435\u043b\u0435\u0432\u043e\u0435 \u0441\u0443\u0449\u0435\u0441\u0442\u0432\u043e \u043f\u043e\u043b\u0443\u0447\u0430\u0435\u0442 -2/-0.", "type": "\u041c\u0433\u043d\u043e\u0432\u0435\u043d\u043d\u043e\u0435 \u0437\u0430\u043a\u043b\u0438\u043d\u0430\u043d\u0438\u0435", "flavor": "\u00ab\u041d\u0435 \u0432\u044b\u043f\u0440\u044f\u043c\u043b\u044f\u0439 \u043d\u043e\u0433\u0443 \u0432 \u043a\u043e\u043b\u0435\u043d\u0435, \u043a\u043e\u0433\u0434\u0430 \u0431\u044c\u0435\u0448\u044c! \u0410 \u0442\u0435\u043f\u0435\u0440\u044c \u0432\u0441\u0442\u0430\u043d\u044c \u0438 \u043f\u043e\u043f\u0440\u043e\u0431\u0443\u0439 \u0435\u0449\u0435 \u0440\u0430\u0437\u00bb.", "imageUrl": "http://gatherer.wizards.com/Handlers/Image.ashx?multiverseid=487461&type=card", "language": "Russian", "multiverseid": 487461}, {"name": "\u65b0\u624b\u5931\u8bef", "text": "\u76f4\u5230\u56de\u5408\u7ed3\u675f\uff0c\u76ee\u6807\u751f\u7269\u5f97+0/+2\u4e14\u53e6\u4e00\u4e2a\u76ee\u6807\u751f\u7269\u5f97-2/-0\u3002", "type": "\u77ac\u95f4", "flavor": "\u300c\u653b\u51fb\u65f6\u819d\u76d6\u522b\u50f5\u7740\uff01\u8d77\u8eab\u518d\u8bd5\u4e00\u6b21\u3002\u300d", "imageUrl": "http://gatherer.wizards.com/Handlers/Image.ashx?multiverseid=487720&type=card", "language": "Chinese Simplified", "multiverseid": 487720}, {"name": "\u65b0\u624b\u5931\u8aa4", "text": "\u76f4\u5230\u56de\u5408\u7d50\u675f\uff0c\u76ee\u6a19\u751f\u7269\u5f97+0/+2\u4e14\u53e6\u4e00\u500b\u76ee\u6a19\u751f\u7269\u5f97-2/-0\u3002", "type": "\u77ac\u9593", "flavor": "\u300c\u653b\u64ca\u6642\u819d\u84cb\u5225\u50f5\u8457\uff01\u8d77\u8eab\u518d\u8a66\u4e00\u6b21\u3002\u300d", "imageUrl": "http://gatherer.wizards.com/Handlers/Image.ashx?multiverseid=487979&type=card", "language": "Chinese Traditional", "multiverseid": 487979}], "printings": ["M21"], "originalText": "Until end of turn, target creature gets +0/+2 and another target creature gets -2/-0.", "originalType": "Instant", "legalities": [{"format": "Brawl", "legality": "Legal"}, {"format": "Commander", "legality": "Legal"}, {"format": "Duel", "legality": "Legal"}, {"format": "Future", "legality": "Legal"}, {"format": "Gladiator", "legality": "Legal"}, {"format": "Historic", "legality": "Legal"}, {"format": "Legacy", "legality": "Legal"}, {"format": "Modern", "legality": "Legal"}, {"format": "Pauper", "legality": "Legal"}, {"format": "Penny", "legality": "Legal"}, {"format": "Pioneer", "legality": "Legal"}, {"format": "Standard", "legality": "Legal"}, {"format": "Vintage", "legality": "Legal"}], "id": "515a5bd9-8c37-5d99-95d9-ad1fd18922d1"}