{"name": "Sea-Dasher Octopus", "manaCost": "{1}{U}{U}", "cmc": 3.0, "colors": ["Blue"], "colorIdentity": ["U"], "type": "Creature \u2014 Octopus", "types": ["Creature"], "subtypes": ["Octopus"], "rarity": "Rare", "set": "IKO", "setName": "Ikoria: Lair of Behemoths", "text": "Mutate {1}{U} (If you cast this spell for its mutate cost, put it over or under target non-Human creature you own. They mutate into the creature on top plus all abilities from under it.)\nFlash\nWhenever this creature deals combat damage to a player, draw a card.", "artist": "Chris Seaman", "number": "66", "power": "2", "toughness": "2", "layout": "normal", "multiverseid": "479586", "imageUrl": "http://gatherer.wizards.com/Handlers/Image.ashx?multiverseid=479586&type=card", "variations": ["f2bd9f3f-bc04-5aa8-b022-899c84d83062"], "foreignNames": [{"name": "Meeresflitzer-Oktopus", "text": "Mutation {1}{U} (Falls du diesen Zauberspruch f\u00fcr seine Mutationskosten wirkst, lege ihn auf oder unter eine Nicht-Mensch-Kreatur deiner Wahl, die du besitzt. Sie mutieren zur oben liegenden Kreatur, die zus\u00e4tzlich alle F\u00e4higkeiten der darunter liegenden hat.)\nAufblitzen\nImmer wenn diese Kreatur einem Spieler Kampfschaden zuf\u00fcgt, ziehe eine Karte.", "type": "Kreatur \u2014 Oktopus", "flavor": null, "imageUrl": "http://gatherer.wizards.com/Handlers/Image.ashx?multiverseid=479845&type=card", "language": "German", "multiverseid": 479845}, {"name": "Pulpo corremares", "text": "Mutaci\u00f3n {1}{U}. (Si lanzas este hechizo pagando su coste de mutaci\u00f3n, ponlo sobre o bajo la criatura objetivo que no sea Humano de la cual eres propietario. Estas mutan en la criatura de la parte superior m\u00e1s todas las habilidades de debajo.)\nDestello.\nSiempre que esta criatura haga da\u00f1o de combate a un jugador, roba una carta.", "type": "Criatura \u2014 Pulpo", "flavor": null, "imageUrl": "http://gatherer.wizards.com/Handlers/Image.ashx?multiverseid=480104&type=card", "language": "Spanish", "multiverseid": 480104}, {"name": "Pieuvre fonceuse des mers", "text": "Mutation {1}{U} (Si vous lancez ce sort pour son co\u00fbt de mutation, mettez-le au-dessus ou au-dessous d'une cr\u00e9ature non-Humain cibl\u00e9e que vous poss\u00e9dez. La cr\u00e9ature mutante est la cr\u00e9ature du dessus, avec toutes les capacit\u00e9s des cartes au-dessous.)\nFlash\n\u00c0 chaque fois que cette cr\u00e9ature inflige des blessures de combat \u00e0 un joueur, piochez une carte.", "type": "Cr\u00e9ature : pieuvre", "flavor": null, "imageUrl": "http://gatherer.wizards.com/Handlers/Image.ashx?multiverseid=480363&type=card", "language": "French", "multiverseid": 480363}, {"name": "Piovra Balzaonde", "text": "Mutazione {1}{U} (Se lanci questa magia per il suo costo di mutazione, mettila sopra o sotto una creatura non Umano bersaglio che possiedi. Muta nella creatura sopra, con anche le abilit\u00e0 di quelle sotto.)\nLampo\nOgniqualvolta questa creatura infligge danno da combattimento a un giocatore, pesca una carta.", "type": "Creatura \u2014 Piovra", "flavor": null, "imageUrl": "http://gatherer.wizards.com/Handlers/Image.ashx?multiverseid=480622&type=card", "language": "Italian", "multiverseid": 480622}, {"name": "\u6d77\u99c6\u3051\u30c0\u30b3", "text": "\u5909\u5bb9{1}{U}\uff08\u3042\u306a\u305f\u304c\u3053\u306e\u546a\u6587\u3092\u3053\u308c\u306e\u5909\u5bb9\u30b3\u30b9\u30c8\u3067\u5531\u3048\u308b\u306a\u3089\u3001\u3042\u306a\u305f\u304c\u30aa\u30fc\u30ca\u30fc\u3067\u3042\u308a\u4eba\u9593\u3067\u306a\u3044\u30af\u30ea\u30fc\u30c1\u30e3\u30fc\uff11\u4f53\u3092\u5bfe\u8c61\u3068\u3057\u3001\u3053\u308c\u3092\u305d\u308c\u306e\u4e0a\u304b\u4e0b\u306b\u7f6e\u304f\u3002\u3053\u308c\u3089\u306f\u3001\u4e00\u756a\u4e0a\u306e\u30af\u30ea\u30fc\u30c1\u30e3\u30fc\u306b\u3001\u305d\u306e\u4e0b\u306b\u3042\u308b\u80fd\u529b\u3059\u3079\u3066\u3092\u52a0\u3048\u305f\u3082\u306e\u306b\u5909\u5bb9\u3059\u308b\u3002\uff09\n\u77ac\u901f\n\u3053\u306e\u30af\u30ea\u30fc\u30c1\u30e3\u30fc\u304c\u30d7\u30ec\u30a4\u30e4\u30fc\uff11\u4eba\u306b\u6226\u95d8\u30c0\u30e1\u30fc\u30b8\u3092\u4e0e\u3048\u308b\u305f\u3073\u3001\u30ab\u30fc\u30c9\u3092\uff11\u679a\u5f15\u304f\u3002", "type": "\u30af\u30ea\u30fc\u30c1\u30e3\u30fc \u2014 \u30bf\u30b3", "flavor": null, "imageUrl": "http://gatherer.wizards.com/Handlers/Image.ashx?multiverseid=480881&type=card", "language": "Japanese", "multiverseid": 480881}, {"name": "\ubc14\ub2e4\ub97c \uc9c8\uc8fc\ud558\ub294 \ubb38\uc5b4", "text": "\ub3cc\uc5f0\ubcc0\uc774\ud654 {1}{U} (\ub2f9\uc2e0\uc774 \ub3cc\uc5f0\ubcc0\uc774\ud654 \ube44\uc6a9\uc744 \uc9c0\ubd88\ud574 \uc774 \uc8fc\ubb38\uc744 \ubc1c\ub3d9\ud55c\ub2e4\uba74, \ub2f9\uc2e0\uc774 \uc18c\uc720\ud55c \uc778\uac04\uc774 \uc544\ub2cc \uc0dd\ubb3c\uc744 \ubaa9\ud45c\ub85c \uc815\ud55c\ub2e4. \uc774 \uce74\ub4dc\ub97c \uadf8 \uc0dd\ubb3c\uc758 \uc704 \ub610\ub294 \uc544\ub798\uc5d0 \ub193\ub294\ub2e4. \uadf8 \uc0dd\ubb3c\uc740 \ub9e8 \uc704\uc5d0 \uc788\ub294 \uc0dd\ubb3c\uc774 \uadf8 \uc544\ub798\uc5d0 \ub193\uc778 \uce74\ub4dc\ub4e4\uc758 \ubaa8\ub4e0 \ub2a5\ub825\uc744 \uac00\uc9c4 \uc0dd\ubb3c\ub85c \ub3cc\uc5f0\ubcc0\uc774\ud654\ud55c\ub2e4.)\n\uc12c\uad11\n\uc774 \uc0dd\ubb3c\uc774 \ud50c\ub808\uc774\uc5b4\uc5d0\uac8c \uc804\ud22c\ud53c\ud574\ub97c \uc785\ud790 \ub54c\ub9c8\ub2e4, \uce74\ub4dc \ud55c \uc7a5\uc744 \ubf51\ub294\ub2e4.", "type": "\uc0dd\ubb3c \u2014 \ubb38\uc5b4", "flavor": null, "imageUrl": "http://gatherer.wizards.com/Handlers/Image.ashx?multiverseid=481140&type=card", "language": "Korean", "multiverseid": 481140}, {"name": "Polvo Flecha-do-mar", "text": "Muta\u00e7\u00e3o {1}{U} (Se voc\u00ea conjurar esta m\u00e1gica pelo custo de muta\u00e7\u00e3o, coloque-a sobre ou sob a criatura alvo que voc\u00ea possui que n\u00e3o seja um Humano. Elas sofrem uma muta\u00e7\u00e3o que resulta na criatura de cima com todas as habilidades das criaturas de baixo.)\nLampejo\nToda vez que esta criatura causar dano de combate a um jogador, compre um card.", "type": "Criatura \u2014 Polvo", "flavor": null, "imageUrl": "http://gatherer.wizards.com/Handlers/Image.ashx?multiverseid=481399&type=card", "language": "Portuguese (Brazil)", "multiverseid": 481399}, {"name": "\u0421\u0442\u0440\u0435\u043c\u0438\u0442\u0435\u043b\u044c\u043d\u044b\u0439 \u0421\u043f\u0440\u0443\u0442", "text": "\u041c\u0443\u0442\u0430\u0446\u0438\u044f {1}{U} (\u0415\u0441\u043b\u0438 \u0432\u044b \u0440\u0430\u0437\u044b\u0433\u0440\u0430\u043b\u0438 \u044d\u0442\u043e \u0437\u0430\u043a\u043b\u0438\u043d\u0430\u043d\u0438\u0435 \u0437\u0430 \u0435\u0433\u043e \u0441\u0442\u043e\u0438\u043c\u043e\u0441\u0442\u044c \u041c\u0443\u0442\u0430\u0446\u0438\u0438, \u043f\u043e\u043b\u043e\u0436\u0438\u0442\u0435 \u0435\u0433\u043e \u0441\u0432\u0435\u0440\u0445\u0443 \u0438\u043b\u0438 \u0441\u043d\u0438\u0437\u0443 \u0446\u0435\u043b\u0435\u0432\u043e\u0433\u043e \u043f\u0440\u0438\u043d\u0430\u0434\u043b\u0435\u0436\u0430\u0449\u0435\u0433\u043e \u0432\u0430\u043c \u0441\u0443\u0449\u0435\u0441\u0442\u0432\u0430, \u043d\u0435 \u044f\u0432\u043b\u044f\u044e\u0449\u0435\u0433\u043e\u0441\u044f \u0427\u0435\u043b\u043e\u0432\u0435\u043a\u043e\u043c. \u041e\u043d\u0438 \u043c\u0443\u0442\u0438\u0440\u0443\u044e\u0442 \u0432 \u0441\u0443\u0449\u0435\u0441\u0442\u0432\u043e \u0441\u0432\u0435\u0440\u0445\u0443, \u043a\u043e\u0442\u043e\u0440\u043e\u043c\u0443 \u0434\u043e\u0431\u0430\u0432\u043b\u044f\u044e\u0442\u0441\u044f \u0432\u0441\u0435 \u0441\u043f\u043e\u0441\u043e\u0431\u043d\u043e\u0441\u0442\u0438 \u0441\u043d\u0438\u0437\u0443.)\n\u041c\u0438\u0433\n\u041a\u0430\u0436\u0434\u044b\u0439 \u0440\u0430\u0437, \u043a\u043e\u0433\u0434\u0430 \u044d\u0442\u043e \u0441\u0443\u0449\u0435\u0441\u0442\u0432\u043e \u043d\u0430\u043d\u043e\u0441\u0438\u0442 \u0431\u043e\u0435\u0432\u044b\u0435 \u043f\u043e\u0432\u0440\u0435\u0436\u0434\u0435\u043d\u0438\u044f \u0438\u0433\u0440\u043e\u043a\u0443, \u0432\u043e\u0437\u044c\u043c\u0438\u0442\u0435 \u043a\u0430\u0440\u0442\u0443.", "type": "\u0421\u0443\u0449\u0435\u0441\u0442\u0432\u043e \u2014 \u0421\u043f\u0440\u0443\u0442", "flavor": null, "imageUrl": "http://gatherer.wizards.com/Handlers/Image.ashx?multiverseid=481658&type=card", "language": "Russian", "multiverseid": 481658}, {"name": "\u8fc5\u6d6a\u7ae0\u9c7c", "text": "\u5408\u53d8{1}{U}\uff08\u5982\u679c\u4f60\u652f\u4ed8\u6b64\u5492\u8bed\u7684\u5408\u53d8\u8d39\u7528\u6765\u65bd\u653e\u4e4b\uff0c\u5219\u5c06\u5b83\u653e\u7f6e\u5728\u76ee\u6807\u7531\u4f60\u62e5\u6709\u4e4b\u975e\u4eba\u7c7b\u751f\u7269\u7684\u9876\u4e0a\u6216\u5e95\u4e0b\u3002\u5b83\u4eec\u5408\u53d8\u4f5c\u9876\u4e0a\u7684\u751f\u7269\uff0c\u5916\u52a0\u5177\u6709\u5e95\u4e0b\u6240\u6709\u5f02\u80fd\u3002\uff09\n\u95ea\u73b0\n\u6bcf\u5f53\u6b64\u751f\u7269\u5bf9\u4efb\u4e00\u724c\u624b\u9020\u6210\u6218\u6597\u4f24\u5bb3\u65f6\uff0c\u6293\u4e00\u5f20\u724c\u3002", "type": "\u751f\u7269 \uff5e\u7ae0\u9c7c", "flavor": null, "imageUrl": "http://gatherer.wizards.com/Handlers/Image.ashx?multiverseid=481917&type=card", "language": "Chinese Simplified", "multiverseid": 481917}, {"name": "\u8fc5\u6d6a\u7ae0\u9b5a", "text": "\u5408\u8b8a{1}{U}\uff08\u5982\u679c\u4f60\u652f\u4ed8\u6b64\u5492\u8a9e\u7684\u5408\u8b8a\u8cbb\u7528\u4f86\u65bd\u653e\u4e4b\uff0c\u5247\u5c07\u5b83\u653e\u7f6e\u5728\u76ee\u6a19\u7531\u4f60\u64c1\u6709\u4e4b\u975e\u4eba\u985e\u751f\u7269\u7684\u9802\u4e0a\u6216\u5e95\u4e0b\u3002\u5b83\u5011\u5408\u8b8a\u4f5c\u9802\u4e0a\u7684\u751f\u7269\uff0c\u5916\u52a0\u5177\u6709\u5e95\u4e0b\u6240\u6709\u7570\u80fd\u3002\uff09\n\u9583\u73fe\n\u6bcf\u7576\u6b64\u751f\u7269\u5c0d\u4efb\u4e00\u73a9\u5bb6\u9020\u6210\u6230\u9b25\u50b7\u5bb3\u6642\uff0c\u62bd\u4e00\u5f35\u724c\u3002", "type": "\u751f\u7269 \uff5e\u7ae0\u9b5a", "flavor": null, "imageUrl": "http://gatherer.wizards.com/Handlers/Image.ashx?multiverseid=482176&type=card", "language": "Chinese Traditional", "multiverseid": 482176}], "printings": ["IKO", "PIKO"], "originalText": "Mutate {1}{U} (If you cast this spell for its mutate cost, put it over or under target non-Human creature you own. They mutate into the creature on top plus all abilities from under it.)\nFlash\nWhenever this creature deals combat damage to a player, draw a card.", "originalType": "Creature \u2014 Octopus", "legalities": [{"format": "Brawl", "legality": "Legal"}, {"format": "Commander", "legality": "Legal"}, {"format": "Duel", "legality": "Legal"}, {"format": "Future", "legality": "Legal"}, {"format": "Gladiator", "legality": "Legal"}, {"format": "Historic", "legality": "Legal"}, {"format": "Legacy", "legality": "Legal"}, {"format": "Modern", "legality": "Legal"}, {"format": "Pioneer", "legality": "Legal"}, {"format": "Standard", "legality": "Legal"}, {"format": "Vintage", "legality": "Legal"}], "id": "ffed3087-c310-5a19-a05c-f87c9e8a0d26"}