{"name": "Seal Away", "manaCost": "{1}{W}", "cmc": 2.0, "colors": ["White"], "colorIdentity": ["W"], "type": "Enchantment", "types": ["Enchantment"], "rarity": "Uncommon", "set": "DOM", "setName": "Dominaria", "text": "Flash\nWhen Seal Away enters the battlefield, exile target tapped creature an opponent controls until Seal Away leaves the battlefield.", "flavor": "An ancient nemesis rendered harmless long ago.", "artist": "Joseph Meehan", "number": "31", "layout": "normal", "multiverseid": "442919", "imageUrl": "http://gatherer.wizards.com/Handlers/Image.ashx?multiverseid=442919&type=card", "rulings": [{"date": "2018-04-27", "text": "If Seal Away leaves the battlefield before its triggered ability resolves, the target creature won\u2019t be exiled."}, {"date": "2018-04-27", "text": "Auras attached to the exiled creature will be put into their owners\u2019 graveyards. Any Equipment will become unattached and remain on the battlefield. Any counters on the exiled creature will cease to exist. When the card returns to the battlefield, it will be a new object with no connection to the card that was exiled."}, {"date": "2018-04-27", "text": "If a token is exiled this way, it will cease to exist and won\u2019t return to the battlefield."}], "foreignNames": [{"name": "Versiegelung", "text": "Aufblitzen\nWenn die Versiegelung ins Spiel kommt, schicke eine getappte Kreatur deiner Wahl, die ein Gegner kontrolliert, ins Exil, bis die Versiegelung das Spiel verl\u00e4sst.", "type": "Verzauberung", "flavor": "Eine uralte Bedrohung, die vor langer Zeit unsch\u00e4dlich gemacht wurde.", "imageUrl": "http://gatherer.wizards.com/Handlers/Image.ashx?multiverseid=443188&type=card", "language": "German", "multiverseid": 443188}, {"name": "Sellar", "text": "Destello.\nCuando Sellar entre al campo de batalla, exilia la criatura girada objetivo que controla un oponente hasta que Sellar deje el campo de batalla.", "type": "Encantamiento", "flavor": "Una antigua n\u00e9mesis que fue subyugada hace mucho tiempo.", "imageUrl": "http://gatherer.wizards.com/Handlers/Image.ashx?multiverseid=443457&type=card", "language": "Spanish", "multiverseid": 443457}, {"name": "Sceller", "text": "Flash\nQuand Sceller arrive sur le champ de bataille, exilez une cr\u00e9ature engag\u00e9e cibl\u00e9e qu'un adversaire contr\u00f4le jusqu'\u00e0 ce que Sceller quitte le champ de bataille.", "type": "Enchantement", "flavor": "Un ancien ennemi rendu inoffensif il y a longtemps.", "imageUrl": "http://gatherer.wizards.com/Handlers/Image.ashx?multiverseid=443726&type=card", "language": "French", "multiverseid": 443726}, {"name": "Sigillare", "text": "Lampo\nQuando Sigillare entra nel campo di battaglia, esilia una creatura TAPpata bersaglio controllata da un avversario finch\u00e9 Sigillare non lascia il campo di battaglia.", "type": "Incantesimo", "flavor": "Un'antica nemesi resa inoffensiva molto tempo fa.", "imageUrl": "http://gatherer.wizards.com/Handlers/Image.ashx?multiverseid=443995&type=card", "language": "Italian", "multiverseid": 443995}, {"name": "\u5c01\u3058\u8fbc\u3081", "text": "\u77ac\u901f\n\u5c01\u3058\u8fbc\u3081\u304c\u6226\u5834\u306b\u51fa\u305f\u3068\u304d\u3001\u5bfe\u6226\u76f8\u624b\u304c\u30b3\u30f3\u30c8\u30ed\u30fc\u30eb\u3057\u3066\u3044\u3066\u30bf\u30c3\u30d7\u72b6\u614b\u306e\u30af\u30ea\u30fc\u30c1\u30e3\u30fc\uff11\u4f53\u3092\u5bfe\u8c61\u3068\u3057\u3001\u5c01\u3058\u8fbc\u3081\u304c\u6226\u5834\u3092\u96e2\u308c\u308b\u307e\u3067\u305d\u308c\u3092\u8ffd\u653e\u3059\u308b\u3002", "type": "\u30a8\u30f3\u30c1\u30e3\u30f3\u30c8", "flavor": "\u53e4\u4ee3\u306e\u5de8\u60aa\u3082\u7121\u5bb3\u306a\u5b58\u5728\u3068\u306a\u3063\u3066\u4e45\u3057\u3044\u3002", "imageUrl": "http://gatherer.wizards.com/Handlers/Image.ashx?multiverseid=444264&type=card", "language": "Japanese", "multiverseid": 444264}, {"name": "\ub5bc\uc5b4\ub0b4\uae30", "text": "\uc12c\uad11\n\ub5bc\uc5b4\ub0b4\uae30\uac00 \uc804\uc7a5\uc5d0 \ub4e4\uc5b4\uc62c \ub54c, \uc0c1\ub300\uac00 \uc870\uc885\ud558\ub294 \ud0ed\ub41c \uc0dd\ubb3c\uc744 \ubaa9\ud45c\ub85c \uc815\ud55c\ub2e4. \ub5bc\uc5b4\ub0b4\uae30\uac00 \uc804\uc7a5\uc744 \ub5a0\ub0a0 \ub54c\uae4c\uc9c0 \uadf8 \uc0dd\ubb3c\uc744 \ucd94\ubc29\ud55c\ub2e4.", "type": "\ubd80\uc5ec\ub9c8\ubc95", "flavor": "\uc624\ub798 \uc804\uc5d0 \uadf8 \ud798\uc744 \uc783\uc740 \uace0\ub300\uc758 \ucc9c\ubc8c.", "imageUrl": "http://gatherer.wizards.com/Handlers/Image.ashx?multiverseid=444533&type=card", "language": "Korean", "multiverseid": 444533}, {"name": "Selar", "text": "Lampejo\nQuando Selar entrar no campo de batalha, exile a criatura virada alvo que um oponente controla at\u00e9 que Selar deixe o campo de batalha.", "type": "Encantamento", "flavor": "Uma n\u00eamese ancestral, h\u00e1 muito tornada inofensiva.", "imageUrl": "http://gatherer.wizards.com/Handlers/Image.ashx?multiverseid=444802&type=card", "language": "Portuguese (Brazil)", "multiverseid": 444802}, {"name": "\u0417\u0430\u043f\u0435\u0447\u0430\u0442\u0430\u0442\u044c", "text": "\u041c\u0438\u0433\n\u041a\u043e\u0433\u0434\u0430 \u0417\u0430\u043f\u0435\u0447\u0430\u0442\u0430\u0442\u044c \u0432\u044b\u0445\u043e\u0434\u0438\u0442 \u043d\u0430 \u043f\u043e\u043b\u0435 \u0431\u0438\u0442\u0432\u044b, \u0438\u0437\u0433\u043e\u043d\u0438\u0442\u0435 \u0446\u0435\u043b\u0435\u0432\u043e\u0435 \u043f\u043e\u0432\u0435\u0440\u043d\u0443\u0442\u043e\u0435 \u0441\u0443\u0449\u0435\u0441\u0442\u0432\u043e \u043f\u043e\u0434 \u043a\u043e\u043d\u0442\u0440\u043e\u043b\u0435\u043c \u043e\u043f\u043f\u043e\u043d\u0435\u043d\u0442\u0430 \u0434\u043e \u0442\u0435\u0445 \u043f\u043e\u0440, \u043f\u043e\u043a\u0430 \u0417\u0430\u043f\u0435\u0447\u0430\u0442\u0430\u0442\u044c \u043d\u0435 \u043f\u043e\u043a\u0438\u043d\u0435\u0442 \u043f\u043e\u043b\u0435 \u0431\u0438\u0442\u0432\u044b.", "type": "\u0427\u0430\u0440\u044b", "flavor": "\u0414\u0440\u0435\u0432\u043d\u044f\u044f \u0443\u0433\u0440\u043e\u0437\u0430, \u0434\u0430\u0432\u043d\u044b\u043c-\u0434\u0430\u0432\u043d\u043e \u0441\u0434\u0435\u043b\u0430\u043d\u043d\u0430\u044f \u0431\u0435\u0437\u0432\u0440\u0435\u0434\u043d\u043e\u0439.", "imageUrl": "http://gatherer.wizards.com/Handlers/Image.ashx?multiverseid=445071&type=card", "language": "Russian", "multiverseid": 445071}, {"name": "\u6458\u79bb", "text": "\u95ea\u73b0\n\u5f53\u6458\u79bb\u8fdb\u6218\u573a\u65f6\uff0c\u653e\u9010\u76ee\u6807\u7531\u5bf9\u624b\u64cd\u63a7\u4e14\u5df2\u6a2a\u7f6e\u7684\u751f\u7269\uff0c\u76f4\u5230\u6458\u79bb\u79bb\u5f00\u6218\u573a\u4e3a\u6b62\u3002", "type": "\u7ed3\u754c", "flavor": "\u66fe\u4e3a\u53e4\u65f6\u5bbf\u654c\uff0c\u4f46\u65e9\u5df2\u4e0d\u518d\u662f\u5a01\u80c1\u3002", "imageUrl": "http://gatherer.wizards.com/Handlers/Image.ashx?multiverseid=445340&type=card", "language": "Chinese Simplified", "multiverseid": 445340}, {"name": "\u6458\u96e2", "text": "\u9583\u73fe\n\u7576\u6458\u96e2\u9032\u6230\u5834\u6642\uff0c\u653e\u9010\u76ee\u6a19\u7531\u5c0d\u624b\u64cd\u63a7\u4e14\u5df2\u6a6b\u7f6e\u7684\u751f\u7269\uff0c\u76f4\u5230\u6458\u96e2\u96e2\u958b\u6230\u5834\u70ba\u6b62\u3002", "type": "\u7d50\u754c", "flavor": "\u66fe\u70ba\u53e4\u6642\u5bbf\u6575\uff0c\u4f46\u65e9\u5df2\u4e0d\u518d\u662f\u5a01\u8105\u3002", "imageUrl": "http://gatherer.wizards.com/Handlers/Image.ashx?multiverseid=445609&type=card", "language": "Chinese Traditional", "multiverseid": 445609}], "printings": ["DOM"], "originalText": "Flash\nWhen Seal Away enters the battlefield, exile target tapped creature an opponent controls until Seal Away leaves the battlefield.", "originalType": "Enchantment", "legalities": [{"format": "Commander", "legality": "Legal"}, {"format": "Duel", "legality": "Legal"}, {"format": "Gladiator", "legality": "Legal"}, {"format": "Historic", "legality": "Legal"}, {"format": "Legacy", "legality": "Legal"}, {"format": "Modern", "legality": "Legal"}, {"format": "Pioneer", "legality": "Legal"}, {"format": "Vintage", "legality": "Legal"}], "id": "ef953c62-d00a-5836-9d67-e54ec4c87540"}