{"name": "Sentinel Spider", "manaCost": "{3}{G}{G}", "cmc": 5.0, "colors": ["Green"], "colorIdentity": ["G"], "type": "Creature \u2014 Spider", "types": ["Creature"], "subtypes": ["Spider"], "rarity": "Uncommon", "set": "ANB", "setName": "Arena Beginner Set", "text": "Vigilance, reach", "artist": "Vincent Proce", "number": "104", "power": "4", "toughness": "4", "layout": "normal", "printings": ["ANB", "CMR", "EMA", "M13"], "legalities": [{"format": "Commander", "legality": "Legal"}, {"format": "Duel", "legality": "Legal"}, {"format": "Gladiator", "legality": "Legal"}, {"format": "Historic", "legality": "Legal"}, {"format": "Legacy", "legality": "Legal"}, {"format": "Modern", "legality": "Legal"}, {"format": "Pauper", "legality": "Legal"}, {"format": "Penny", "legality": "Legal"}, {"format": "Vintage", "legality": "Legal"}], "id": "12c4a78e-53ca-5d01-b593-4e0dfc1e0b81"}