{"name": "Sliver Overlord", "manaCost": "{W}{U}{B}{R}{G}", "cmc": 5.0, "colors": ["Black", "Green", "Red", "Blue", "White"], "colorIdentity": ["B", "G", "R", "U", "W"], "type": "Legendary Creature \u2014 Sliver Mutant", "supertypes": ["Legendary"], "types": ["Creature"], "subtypes": ["Sliver", "Mutant"], "rarity": "Mythic", "set": "H09", "setName": "Premium Deck Series: Slivers", "text": "{3}: Search your library for a Sliver card, reveal that card, and put it into your hand. Then shuffle your library.\n{3}: Gain control of target Sliver. (This effect lasts indefinitely.)", "flavor": "The end of evolution.", "artist": "Tony Szczudlo", "number": "24", "power": "7", "toughness": "7", "layout": "normal", "multiverseid": "207915", "imageUrl": "http://gatherer.wizards.com/Handlers/Image.ashx?multiverseid=207915&type=card", "printings": ["H09", "SCG", "SLD"], "originalText": "{3}: Search your library for a Sliver card, reveal that card, and put it into your hand. Then shuffle your library.\n{3}: Gain control of target Sliver.", "originalType": "Legendary Creature \u2014 Sliver Mutant", "legalities": [{"format": "Commander", "legality": "Legal"}, {"format": "Duel", "legality": "Legal"}, {"format": "Legacy", "legality": "Legal"}, {"format": "Premodern", "legality": "Legal"}, {"format": "Vintage", "legality": "Legal"}], "id": "616f2f27-fd1b-5341-b717-2be62475a53f"}