{"name": "Snow-Covered Forest", "cmc": 0.0, "colorIdentity": ["G"], "type": "Basic Snow Land \u2014 Forest", "supertypes": ["Basic", "Snow"], "types": ["Land"], "subtypes": ["Forest"], "rarity": "Common", "set": "CSP", "setName": "Coldsnap", "text": "({T}: Add {G}.)", "artist": "Jim Nelson", "number": "155", "layout": "normal", "multiverseid": "121192", "imageUrl": "http://gatherer.wizards.com/Handlers/Image.ashx?multiverseid=121192&type=card", "rulings": [{"date": "2021-02-05", "text": "Snow is a supertype, not a card type. It has no rules meaning or function by itself, but spells and abilities may refer to it."}, {"date": "2021-02-05", "text": "The {S} symbol is a generic mana symbol. It represents a cost that can be paid by one mana that was produced by a snow source. That mana can be any color or colorless."}, {"date": "2021-02-05", "text": "Snow isn\u2019t a type of mana. If an effect says you may spend mana as though it were any type, you can\u2019t pay for {S} using mana that wasn\u2019t produced by a snow source."}, {"date": "2021-02-05", "text": "Some cards have additional effects for each {S} spent to cast them. You can cast these spells even if you don\u2019t spend any snow mana to cast them; their additional effects simply won\u2019t do anything."}, {"date": "2021-02-05", "text": "The Kaldheim set doesn\u2019t have any cards with mana costs that include {S}, but some previous sets do. If an effect says such a spell costs {1} less to cast, that reduction doesn\u2019t apply to any {S} costs. This is also true for activated abilities that include {S} in their activation costs and effects that reduce those costs."}, {"date": "2021-02-05", "text": "In a Limited event (usually Booster Draft or Sealed Deck), you can\u2019t add basic snow lands to your card pool as you would other basic lands. You can play with basic snow lands only if you open them in your sealed deck or draft them."}], "foreignNames": [{"name": "Verschneiter Wald", "type": "Verschneites Standardland \u2014 Wald", "flavor": null, "imageUrl": "http://gatherer.wizards.com/Handlers/Image.ashx?multiverseid=127340&type=card", "language": "German", "multiverseid": 127340}, {"name": "Bosque nevado", "type": "Tierra b\u00e1sica nevada \u2014 Bosque", "flavor": null, "imageUrl": "http://gatherer.wizards.com/Handlers/Image.ashx?multiverseid=128115&type=card", "language": "Spanish", "multiverseid": 128115}, {"name": "For\u00eat enneig\u00e9e", "type": "Terrain neigeux de base : for\u00eat", "flavor": null, "imageUrl": "http://gatherer.wizards.com/Handlers/Image.ashx?multiverseid=127185&type=card", "language": "French", "multiverseid": 127185}, {"name": "Foresta Innevata", "type": "Terra Neve Base \u2014 Foresta", "flavor": null, "imageUrl": "http://gatherer.wizards.com/Handlers/Image.ashx?multiverseid=127495&type=card", "language": "Italian", "multiverseid": 127495}, {"name": "\u51a0\u96ea\u306e\u68ee", "type": "\u57fa\u672c\u6c37\u96ea\u571f\u5730 \u2014 \u68ee", "flavor": null, "imageUrl": "http://gatherer.wizards.com/Handlers/Image.ashx?multiverseid=127650&type=card", "language": "Japanese", "multiverseid": 127650}, {"name": "Floresta da Neve", "type": "Terreno B\u00e1sico da Neve \u2014 Floresta", "flavor": null, "imageUrl": "http://gatherer.wizards.com/Handlers/Image.ashx?multiverseid=127805&type=card", "language": "Portuguese (Brazil)", "multiverseid": 127805}, {"name": "\u0421\u043d\u0435\u0436\u043d\u044b\u0439 \u043b\u0435\u0441", "type": "\u0411\u0430\u0437\u043e\u0432\u0430\u044f \u0441\u043d\u0435\u0436\u043d\u0430\u044f \u0437\u0435\u043c\u043b\u044f \u2014 \u041b\u0435\u0441", "flavor": null, "imageUrl": "http://gatherer.wizards.com/Handlers/Image.ashx?multiverseid=127960&type=card", "language": "Russian", "multiverseid": 127960}, {"name": "\u8986\u96ea\u6811\u6797", "type": "\u96ea\u5883\u57fa\u672c\u5730\uff5e\u6811\u6797", "flavor": null, "imageUrl": "http://gatherer.wizards.com/Handlers/Image.ashx?multiverseid=127030&type=card", "language": "Chinese Simplified", "multiverseid": 127030}], "printings": ["CSP", "ICE", "KHM", "ME2", "MH1", "SLD"], "originalText": "G", "originalType": "Basic Snow Land - Forest", "legalities": [{"format": "Brawl", "legality": "Legal"}, {"format": "Commander", "legality": "Legal"}, {"format": "Duel", "legality": "Legal"}, {"format": "Future", "legality": "Legal"}, {"format": "Gladiator", "legality": "Legal"}, {"format": "Historic", "legality": "Legal"}, {"format": "Legacy", "legality": "Legal"}, {"format": "Modern", "legality": "Legal"}, {"format": "Pauper", "legality": "Legal"}, {"format": "Pioneer", "legality": "Legal"}, {"format": "Premodern", "legality": "Legal"}, {"format": "Standard", "legality": "Legal"}, {"format": "Vintage", "legality": "Legal"}], "id": "dd51a4c5-3cea-5fea-a9d8-719f1ca52a9a"}