{"name": "Snow-Covered Plains", "cmc": 0.0, "colorIdentity": ["W"], "type": "Basic Snow Land \u2014 Plains", "supertypes": ["Basic", "Snow"], "types": ["Land"], "subtypes": ["Plains"], "rarity": "Common", "set": "CSP", "setName": "Coldsnap", "text": "({T}: Add {W}.)", "artist": "Mark Romanoski", "number": "151", "layout": "normal", "multiverseid": "121267", "imageUrl": "http://gatherer.wizards.com/Handlers/Image.ashx?multiverseid=121267&type=card", "rulings": [{"date": "2021-02-05", "text": "Snow is a supertype, not a card type. It has no rules meaning or function by itself, but spells and abilities may refer to it."}, {"date": "2021-02-05", "text": "The {S} symbol is a generic mana symbol. It represents a cost that can be paid by one mana that was produced by a snow source. That mana can be any color or colorless."}, {"date": "2021-02-05", "text": "Snow isn\u2019t a type of mana. If an effect says you may spend mana as though it were any type, you can\u2019t pay for {S} using mana that wasn\u2019t produced by a snow source."}, {"date": "2021-02-05", "text": "Some cards have additional effects for each {S} spent to cast them. You can cast these spells even if you don\u2019t spend any snow mana to cast them; their additional effects simply won\u2019t do anything."}, {"date": "2021-02-05", "text": "The Kaldheim set doesn\u2019t have any cards with mana costs that include {S}, but some previous sets do. If an effect says such a spell costs {1} less to cast, that reduction doesn\u2019t apply to any {S} costs. This is also true for activated abilities that include {S} in their activation costs and effects that reduce those costs."}, {"date": "2021-02-05", "text": "In a Limited event (usually Booster Draft or Sealed Deck), you can\u2019t add basic snow lands to your card pool as you would other basic lands. You can play with basic snow lands only if you open them in your sealed deck or draft them."}], "foreignNames": [{"name": "Verschneite Ebene", "type": "Verschneites Standardland \u2014 Ebene", "flavor": null, "imageUrl": "http://gatherer.wizards.com/Handlers/Image.ashx?multiverseid=127343&type=card", "language": "German", "multiverseid": 127343}, {"name": "Llanura nevada", "type": "Tierra b\u00e1sica nevada \u2014 Llanura", "flavor": null, "imageUrl": "http://gatherer.wizards.com/Handlers/Image.ashx?multiverseid=128118&type=card", "language": "Spanish", "multiverseid": 128118}, {"name": "Plaine enneig\u00e9e", "type": "Terrain neigeux de base : plaine", "flavor": null, "imageUrl": "http://gatherer.wizards.com/Handlers/Image.ashx?multiverseid=127188&type=card", "language": "French", "multiverseid": 127188}, {"name": "Pianura Innevata", "type": "Terra Neve Base \u2014 Pianura", "flavor": null, "imageUrl": "http://gatherer.wizards.com/Handlers/Image.ashx?multiverseid=127498&type=card", "language": "Italian", "multiverseid": 127498}, {"name": "\u51a0\u96ea\u306e\u5e73\u5730", "type": "\u57fa\u672c\u6c37\u96ea\u571f\u5730 \u2014 \u5e73\u5730", "flavor": null, "imageUrl": "http://gatherer.wizards.com/Handlers/Image.ashx?multiverseid=127653&type=card", "language": "Japanese", "multiverseid": 127653}, {"name": "Plan\u00edcie da Neve", "type": "Terreno B\u00e1sico da Neve \u2014 Plan\u00edcies", "flavor": null, "imageUrl": "http://gatherer.wizards.com/Handlers/Image.ashx?multiverseid=127808&type=card", "language": "Portuguese (Brazil)", "multiverseid": 127808}, {"name": "\u0421\u043d\u0435\u0436\u043d\u044b\u0435 \u0440\u0430\u0432\u043d\u0438\u043d\u044b", "type": "\u0411\u0430\u0437\u043e\u0432\u0430\u044f \u0441\u043d\u0435\u0436\u043d\u0430\u044f \u0437\u0435\u043c\u043b\u044f \u2014 \u0420\u0430\u0432\u043d\u0438\u043d\u044b", "flavor": null, "imageUrl": "http://gatherer.wizards.com/Handlers/Image.ashx?multiverseid=127963&type=card", "language": "Russian", "multiverseid": 127963}, {"name": "\u8986\u96ea\u5e73\u539f", "type": "\u96ea\u5883\u57fa\u672c\u5730\uff5e\u5e73\u539f", "flavor": null, "imageUrl": "http://gatherer.wizards.com/Handlers/Image.ashx?multiverseid=127033&type=card", "language": "Chinese Simplified", "multiverseid": 127033}], "printings": ["CSP", "ICE", "KHM", "ME2", "MH1", "SLD"], "originalText": "W", "originalType": "Basic Snow Land - Plains", "legalities": [{"format": "Brawl", "legality": "Legal"}, {"format": "Commander", "legality": "Legal"}, {"format": "Duel", "legality": "Legal"}, {"format": "Future", "legality": "Legal"}, {"format": "Gladiator", "legality": "Legal"}, {"format": "Historic", "legality": "Legal"}, {"format": "Legacy", "legality": "Legal"}, {"format": "Modern", "legality": "Legal"}, {"format": "Pauper", "legality": "Legal"}, {"format": "Pioneer", "legality": "Legal"}, {"format": "Premodern", "legality": "Legal"}, {"format": "Standard", "legality": "Legal"}, {"format": "Vintage", "legality": "Legal"}], "id": "04d47c59-e710-5b59-982d-9473cb3ba4b6"}