{"name": "Soul Warden", "manaCost": "{W}", "cmc": 1.0, "colors": ["White"], "colorIdentity": ["W"], "type": "Creature \u2014 Human Cleric", "types": ["Creature"], "subtypes": ["Human", "Cleric"], "rarity": "Uncommon", "set": "10E", "setName": "Tenth Edition", "text": "Whenever another creature enters the battlefield, you gain 1 life.", "flavor": "Count carefully the souls and see that none are lost.\n\u2014Vec teaching", "artist": "Randy Gallegos", "number": "44", "power": "1", "toughness": "1", "layout": "normal", "multiverseid": "129740", "imageUrl": "http://gatherer.wizards.com/Handlers/Image.ashx?multiverseid=129740&type=card", "rulings": [{"date": "2004-10-04", "text": "Does not trigger on a card on the battlefield being changed into a creature."}, {"date": "2004-10-04", "text": "The ability will not trigger on itself entering the battlefield, but it will trigger on any other creature that is put onto the battlefield at the same time."}, {"date": "2005-08-01", "text": "Two Soul Wardens entering the battlefield at the same time will each cause the other\u2019s ability to trigger."}, {"date": "2005-08-01", "text": "The life gain is mandatory."}], "foreignNames": [{"name": "Seelenw\u00e4chter", "text": "Immer wenn eine andere Kreatur ins Spiel kommt, erh\u00e4ltst du 1 Lebenspunkt dazu.", "type": "Kreatur \u2014 Mensch, Kleriker", "flavor": "Z\u00e4hle die Seelen sorgf\u00e4ltig, damit keine verlorengeht. \u2014Lehre der Vec", "imageUrl": "http://gatherer.wizards.com/Handlers/Image.ashx?multiverseid=148704&type=card", "language": "German", "multiverseid": 148704}, {"name": "Protectora de almas", "text": "Siempre que otra criatura entre en juego, ganas 1 vida.", "type": "Criatura \u2014 Cl\u00e9rigo humano", "flavor": "Cuenta cuidadosamente las almas y comprueba que no se haya perdido ninguna. \u2014Ense\u00f1anza vec", "imageUrl": "http://gatherer.wizards.com/Handlers/Image.ashx?multiverseid=150360&type=card", "language": "Spanish", "multiverseid": 150360}, {"name": "Garde des \u00e2mes", "text": "\u00c0 chaque fois qu'une autre cr\u00e9ature arrive en jeu, vous gagnez 1 point de vie.", "type": "Cr\u00e9ature : humain et clerc", "flavor": "Comptez les \u00e2mes et assurez-vous qu'elles soient toutes pr\u00e9sentes. \u2014Enseignement Vec", "imageUrl": "http://gatherer.wizards.com/Handlers/Image.ashx?multiverseid=149977&type=card", "language": "French", "multiverseid": 149977}, {"name": "Guardiano dell'Anima", "text": "Ogniqualvolta un'altra creatura entra in gioco, guadagni 1 punto vita.", "type": "Creatura \u2014 Chierico Umano", "flavor": "Conta attentamente le anime e assicurati che nessuna si sia persa. \u2014Insegnamento Vec", "imageUrl": "http://gatherer.wizards.com/Handlers/Image.ashx?multiverseid=149087&type=card", "language": "Italian", "multiverseid": 149087}, {"name": "\u9b42\u306e\u7ba1\u7406\u4eba", "text": "\u4ed6\u306e\u3044\u305a\u308c\u304b\u306e\u30af\u30ea\u30fc\u30c1\u30e3\u30fc\u304c\u5834\u306b\u51fa\u308b\u305f\u3073\u3001\u3042\u306a\u305f\u306f\uff11\u70b9\u306e\u30e9\u30a4\u30d5\u3092\u5f97\u308b\u3002", "type": "\u30af\u30ea\u30fc\u30c1\u30e3\u30fc \u2014 \u4eba\u9593\u30fb\u30af\u30ec\u30ea\u30c3\u30af", "flavor": "\u9b42\u306f\u3088\u304f\u6ce8\u610f\u3057\u3066\u6570\u3048\u3088\u3002\u5931\u308f\u308c\u305f\u9b42\u304c\u306a\u3044\u304b\u3069\u3046\u304b\u78ba\u8a8d\u305b\u3088\u3002 \u2015\u2015\u30f4\u30a7\u30af\u306e\u6559\u3048", "imageUrl": "http://gatherer.wizards.com/Handlers/Image.ashx?multiverseid=148321&type=card", "language": "Japanese", "multiverseid": 148321}, {"name": "Encarregado das Almas", "text": "Toda vez que outra criatura entra em jogo, voc\u00ea ganha 1 ponto de vida.", "type": "Criatura \u2014 Humano Cl\u00e9rigo", "flavor": "Conta as almas com cuidado e certifica-te que nenhuma se perdeu. \u2014 Ensinamento Vec", "imageUrl": "http://gatherer.wizards.com/Handlers/Image.ashx?multiverseid=149594&type=card", "language": "Portuguese (Brazil)", "multiverseid": 149594}, {"name": "\u0421\u0442\u0440\u0430\u0436 \u0414\u0443\u0448\u0438", "text": "\u041a\u0430\u0436\u0434\u044b\u0439 \u0440\u0430\u0437, \u043a\u043e\u0433\u0434\u0430 \u0434\u0440\u0443\u0433\u043e\u0435 \u0441\u0443\u0449\u0435\u0441\u0442\u0432\u043e \u0432\u0445\u043e\u0434\u0438\u0442 \u0432 \u0438\u0433\u0440\u0443, \u0432\u044b \u043f\u043e\u043b\u0443\u0447\u0430\u0435\u0442\u0435 1 \u0436\u0438\u0437\u043d\u044c.", "type": "\u0421\u0443\u0449\u0435\u0441\u0442\u0432\u043e \u2014 \u0427\u0435\u043b\u043e\u0432\u0435\u043a \u0421\u0432\u044f\u0449\u0435\u043d\u043d\u0438\u043a", "flavor": "\u0425\u043e\u0440\u043e\u0448\u0435\u043d\u044c\u043a\u043e \u043f\u0435\u0440\u0435\u0441\u0447\u0438\u0442\u0430\u0439 \u0434\u0443\u0448\u0438, \u0447\u0442\u043e\u0431\u044b \u043d\u0438 \u043e\u0434\u043d\u0430 \u043d\u0435 \u043f\u0440\u043e\u043f\u0430\u043b\u0430. \u2014 \u0423\u0440\u043e\u043a\u0438 \u0412\u0435\u043a\u043e\u0432", "imageUrl": "http://gatherer.wizards.com/Handlers/Image.ashx?multiverseid=149211&type=card", "language": "Russian", "multiverseid": 149211}, {"name": "\u62a4\u7075\u5e08", "text": "\u6bcf\u5f53\u53e6\u4e00\u4e2a\u751f\u7269\u8fdb\u573a\u65f6\uff0c\u4f60\u83b7\u5f971\u70b9\u751f\u547d\u3002", "type": "\u751f\u7269\uff5e\u4eba\u7c7b\uff0f\u50e7\u4fa3", "flavor": "\u4ed4\u7ec6\u7167\u62a4\u7075\u9b42\uff0c\u52ff\u4f7f\u4e4b\u8ff7\u9014\u3002 \uff5e\u7ef4\u514b\u65cf\u6559\u8c15", "imageUrl": "http://gatherer.wizards.com/Handlers/Image.ashx?multiverseid=147938&type=card", "language": "Chinese Simplified", "multiverseid": 147938}], "printings": ["10E", "9ED", "BRB", "EXO", "HA1", "HOP", "M10", "MB1", "MD1", "MM3", "PSAL", "WC98"], "originalText": "Whenever another creature comes into play, you gain 1 life.", "originalType": "Creature - Human Cleric", "legalities": [{"format": "Commander", "legality": "Legal"}, {"format": "Duel", "legality": "Legal"}, {"format": "Gladiator", "legality": "Legal"}, {"format": "Historic", "legality": "Legal"}, {"format": "Legacy", "legality": "Legal"}, {"format": "Modern", "legality": "Legal"}, {"format": "Pauper", "legality": "Legal"}, {"format": "Premodern", "legality": "Legal"}, {"format": "Vintage", "legality": "Legal"}], "id": "bcc70712-566e-5a6f-8d73-f1ab87c57454"}