{"name": "Stern Dismissal", "manaCost": "{U}", "cmc": 1.0, "colors": ["Blue"], "colorIdentity": ["U"], "type": "Instant", "types": ["Instant"], "rarity": "Common", "set": "THB", "setName": "Theros Beyond Death", "text": "Return target creature or enchantment an opponent controls to its owner's hand.", "flavor": "Cities offer tribute to Ephara and carve her image into their walls, imploring her to protect them from the dangers of the wild.", "artist": "Lie Setiawan", "number": "68", "layout": "normal", "multiverseid": "476319", "imageUrl": "http://gatherer.wizards.com/Handlers/Image.ashx?multiverseid=476319&type=card", "foreignNames": [{"name": "Schroffe Zur\u00fcckweisung", "text": "Bringe eine Kreatur oder eine Verzauberung deiner Wahl, die ein Gegner kontrolliert, auf die Hand ihres Besitzers zur\u00fcck.", "type": "Spontanzauber", "flavor": "St\u00e4dte zollen Ephara Tribut und mei\u00dfeln ihr Abbild in ihre Mauern, um ihren Schutz gegen die Gefahren der Wildnis zu erflehen.", "imageUrl": "http://gatherer.wizards.com/Handlers/Image.ashx?multiverseid=476573&type=card", "language": "German", "multiverseid": 476573}, {"name": "Rechazo severo", "text": "Regresa la criatura o encantamiento objetivo que controla un oponente a la mano de su propietario.", "type": "Instant\u00e1neo", "flavor": "Las ciudades rinden homenaje a Efara y graban su imagen en los muros, implor\u00e1ndole que las proteja de los peligros salvajes.", "imageUrl": "http://gatherer.wizards.com/Handlers/Image.ashx?multiverseid=476827&type=card", "language": "Spanish", "multiverseid": 476827}, {"name": "Rejet s\u00e9v\u00e8re", "text": "Renvoyez une cr\u00e9ature cibl\u00e9e ou un enchantement cibl\u00e9 qu'un adversaire contr\u00f4le dans la main de son propri\u00e9taire.", "type": "\u00c9ph\u00e9m\u00e8re", "flavor": "Les villes rendent hommage \u00e0 \u00c9phara et gravent son portrait sur les murs, l'implorant de les prot\u00e9ger des dangers du monde sauvage.", "imageUrl": "http://gatherer.wizards.com/Handlers/Image.ashx?multiverseid=477081&type=card", "language": "French", "multiverseid": 477081}, {"name": "Congedo Severo", "text": "Fai tornare una creatura o un incantesimo bersaglio controllati da un avversario in mano al loro proprietario.", "type": "Istantaneo", "flavor": "Le citt\u00e0 offrono tributi a Efara e scolpiscono la sua immagine sulle mura, implorandola di proteggerle dai pericoli delle terre selvagge.", "imageUrl": "http://gatherer.wizards.com/Handlers/Image.ashx?multiverseid=477335&type=card", "language": "Italian", "multiverseid": 477335}, {"name": "\u53b3\u683c\u306a\u653e\u9010", "text": "\u5bfe\u6226\u76f8\u624b\u304c\u30b3\u30f3\u30c8\u30ed\u30fc\u30eb\u3057\u3066\u3044\u308b\u30af\u30ea\u30fc\u30c1\u30e3\u30fc\uff11\u4f53\u304b\u30a8\u30f3\u30c1\u30e3\u30f3\u30c8\uff11\u3064\u3092\u5bfe\u8c61\u3068\u3057\u3001\u305d\u308c\u3092\u30aa\u30fc\u30ca\u30fc\u306e\u624b\u672d\u306b\u623b\u3059\u3002", "type": "\u30a4\u30f3\u30b9\u30bf\u30f3\u30c8", "flavor": "\u90fd\u5e02\u306f\u30a8\u30d5\u30a1\u30e9\u3078\u8ca2\u304e\u3001\u305d\u306e\u8096\u50cf\u3092\u58c1\u306b\u5f6b\u308a\u8fbc\u3080\u3002\u91ce\u751f\u306e\u5371\u967a\u304b\u3089\u5b88\u3063\u3066\u304f\u308c\u308b\u3088\u3046\u61c7\u9858\u3057\u3066\u3044\u308b\u306e\u3060\u3002", "imageUrl": "http://gatherer.wizards.com/Handlers/Image.ashx?multiverseid=477589&type=card", "language": "Japanese", "multiverseid": 477589}, {"name": "\ub2e8\ud638\ud55c \uc77c\ucd95", "text": "\uc0c1\ub300\uac00 \uc870\uc885\ud558\ub294 \uc0dd\ubb3c \ub610\ub294 \ubd80\uc5ec\ub9c8\ubc95\uc744 \ubaa9\ud45c\ub85c \uc815\ud55c\ub2e4. \uadf8 \ubaa9\ud45c\ub97c \uc18c\uc720\uc790\uc758 \uc190\uc73c\ub85c \ub418\ub3cc\ub9b0\ub2e4.", "type": "\uc21c\uac04\ub9c8\ubc95", "flavor": "\ub3c4\uc2dc\ub4e4\uc740 \uc5d0\ud30c\ub77c\uc5d0\uac8c \uc57c\uc0dd\uc758 \uc704\ud5d8\uc73c\ub85c\ubd80\ud130 \ubcf4\ud638\ud574 \ub2ec\ub77c\uace0 \uac04\uccad\ud558\uba74\uc11c, \uadf8\ub140\uc5d0\uac8c \uacf5\ubb3c\uc744 \ubc14\uce58\uace0 \uadf8\ub140\uc758 \ud615\uc0c1\uc744 \ubcbd\uc5d0 \uc0c8\uacbc\ub2e4.", "imageUrl": "http://gatherer.wizards.com/Handlers/Image.ashx?multiverseid=477843&type=card", "language": "Korean", "multiverseid": 477843}, {"name": "Dispensa Severa", "text": "Devolva a criatura ou o encantamento alvo que um oponente controla para a m\u00e3o de seu dono.", "type": "M\u00e1gica Instant\u00e2nea", "flavor": "As cidades oferecem tributo a Efara e entalham a imagem dela nas muralhas, implorando prote\u00e7\u00e3o contra os perigos selvagens.", "imageUrl": "http://gatherer.wizards.com/Handlers/Image.ashx?multiverseid=478097&type=card", "language": "Portuguese (Brazil)", "multiverseid": 478097}, {"name": "\u0421\u0443\u0440\u043e\u0432\u044b\u0439 \u041e\u0442\u043a\u0430\u0437", "text": "\u0412\u0435\u0440\u043d\u0438\u0442\u0435 \u0446\u0435\u043b\u0435\u0432\u043e\u0435 \u0441\u0443\u0449\u0435\u0441\u0442\u0432\u043e \u0438\u043b\u0438 \u0447\u0430\u0440\u044b \u043f\u043e\u0434 \u043a\u043e\u043d\u0442\u0440\u043e\u043b\u0435\u043c \u043e\u043f\u043f\u043e\u043d\u0435\u043d\u0442\u0430 \u0432 \u0440\u0443\u043a\u0443 \u0438\u0445 \u0432\u043b\u0430\u0434\u0435\u043b\u044c\u0446\u0430.", "type": "\u041c\u0433\u043d\u043e\u0432\u0435\u043d\u043d\u043e\u0435 \u0437\u0430\u043a\u043b\u0438\u043d\u0430\u043d\u0438\u0435", "flavor": "\u0413\u043e\u0440\u043e\u0434\u0430 \u043f\u0440\u0435\u0434\u043b\u0430\u0433\u0430\u044e\u0442 \u043f\u043e\u0434\u043d\u043e\u0448\u0435\u043d\u0438\u044f \u042d\u0444\u0430\u0440\u0435 \u0438 \u0432\u044b\u0440\u0435\u0437\u0430\u044e\u0442 \u0435\u0435 \u043e\u0431\u0440\u0430\u0437 \u043d\u0430 \u0441\u0442\u0435\u043d\u0430\u0445, \u043c\u043e\u043b\u044f \u0437\u0430\u0449\u0438\u0442\u0438\u0442\u044c \u0438\u0445 \u043e\u0442 \u043e\u043f\u0430\u0441\u043d\u043e\u0441\u0442\u0435\u0439 \u0434\u0438\u043a\u0438\u0445 \u0437\u0435\u043c\u0435\u043b\u044c.", "imageUrl": "http://gatherer.wizards.com/Handlers/Image.ashx?multiverseid=478351&type=card", "language": "Russian", "multiverseid": 478351}, {"name": "\u4e25\u6b63\u9a71\u79bb", "text": "\u5c06\u76ee\u6807\u7531\u5bf9\u624b\u64cd\u63a7\u7684\u751f\u7269\u6216\u7ed3\u754c\u79fb\u56de\u5176\u62e5\u6709\u8005\u624b\u4e0a\u3002", "type": "\u77ac\u95f4", "flavor": "\u5404\u4e2a\u57ce\u5e02\u90fd\u4f1a\u656c\u5949\u5384\u82b3\u62c9\uff0c\u5e76\u5c06\u5176\u5f62\u8c61\u523b\u753b\u4e8e\u5899\u4e0a\uff0c\u4ee5\u6b64\u6073\u6c42\u5979\u4fdd\u4f51\u5168\u57ce\u514d\u906d\u8352\u91ce\u4fb5\u88ad\u3002", "imageUrl": "http://gatherer.wizards.com/Handlers/Image.ashx?multiverseid=478605&type=card", "language": "Chinese Simplified", "multiverseid": 478605}, {"name": "\u56b4\u6b63\u9a45\u96e2", "text": "\u5c07\u76ee\u6a19\u7531\u5c0d\u624b\u64cd\u63a7\u7684\u751f\u7269\u6216\u7d50\u754c\u79fb\u56de\u5176\u64c1\u6709\u8005\u624b\u4e0a\u3002", "type": "\u77ac\u9593", "flavor": "\u5404\u500b\u57ce\u5e02\u90fd\u6703\u656c\u5949\u5384\u82b3\u62c9\uff0c\u4e26\u5c07\u5176\u5f62\u8c61\u523b\u756b\u65bc\u7246\u4e0a\uff0c\u4ee5\u6b64\u61c7\u6c42\u5979\u4fdd\u4f51\u5168\u57ce\u514d\u906d\u8352\u91ce\u4fb5\u8972\u3002", "imageUrl": "http://gatherer.wizards.com/Handlers/Image.ashx?multiverseid=478859&type=card", "language": "Chinese Traditional", "multiverseid": 478859}], "printings": ["THB"], "originalText": "Return target creature or enchantment an opponent controls to its owner's hand.", "originalType": "Instant", "legalities": [{"format": "Brawl", "legality": "Legal"}, {"format": "Commander", "legality": "Legal"}, {"format": "Duel", "legality": "Legal"}, {"format": "Future", "legality": "Legal"}, {"format": "Gladiator", "legality": "Legal"}, {"format": "Historic", "legality": "Legal"}, {"format": "Legacy", "legality": "Legal"}, {"format": "Modern", "legality": "Legal"}, {"format": "Pauper", "legality": "Legal"}, {"format": "Penny", "legality": "Legal"}, {"format": "Pioneer", "legality": "Legal"}, {"format": "Standard", "legality": "Legal"}, {"format": "Vintage", "legality": "Legal"}], "id": "76bae12a-6047-57f3-a3f8-153ad67d19c0"}