{"name": "Temple of Deceit", "cmc": 0.0, "colorIdentity": ["B", "U"], "type": "Land", "types": ["Land"], "rarity": "Rare", "set": "PTHB", "setName": "Theros Beyond Death Promos", "text": "Temple of Deceit enters the battlefield tapped.\nWhen Temple of Deceit enters the battlefield, scry 1. (Look at the top card of your library. You may put that card on the bottom of your library.)\n{T}: Add {U} or {B}.", "artist": "Jonas De Ro", "number": "245p", "layout": "normal", "variations": ["cd0d8762-a3fe-5c5a-bd2f-160c6bcd91c6"], "rulings": [{"date": "2013-09-15", "text": "When you scry, you may put all the cards you look at back on top of your library, you may put all of those cards on the bottom of your library, or you may put some of those cards on top and the rest of them on the bottom."}, {"date": "2013-09-15", "text": "You choose how to order cards returned to your library after scrying no matter where you put them."}, {"date": "2013-09-15", "text": "You perform the actions stated on a card in sequence. For some spells and abilities, that means you\u2019ll scry last. For others, that means you\u2019ll scry and then perform other actions."}, {"date": "2013-09-15", "text": "Scry appears on some spells and abilities with one or more targets. If all of the spell or ability\u2019s targets are illegal when it tries to resolve, it won\u2019t resolve and none of its effects will happen. You won\u2019t scry."}], "printings": ["PTHB", "THB", "THS"], "legalities": [{"format": "Brawl", "legality": "Legal"}, {"format": "Commander", "legality": "Legal"}, {"format": "Duel", "legality": "Legal"}, {"format": "Future", "legality": "Legal"}, {"format": "Gladiator", "legality": "Legal"}, {"format": "Historic", "legality": "Legal"}, {"format": "Legacy", "legality": "Legal"}, {"format": "Modern", "legality": "Legal"}, {"format": "Pioneer", "legality": "Legal"}, {"format": "Standard", "legality": "Legal"}, {"format": "Vintage", "legality": "Legal"}], "id": "6cdfa93d-7779-587a-bf0b-299749c8f47e"}