{"name": "The Eldest Reborn", "manaCost": "{4}{B}", "cmc": 5.0, "colors": ["Black"], "colorIdentity": ["B"], "type": "Enchantment \u2014 Saga", "types": ["Enchantment"], "subtypes": ["Saga"], "rarity": "Uncommon", "set": "C19", "setName": "Commander 2019", "text": "(As this Saga enters and after your draw step, add a lore counter. Sacrifice after III.)\nI \u2014 Each opponent sacrifices a creature or planeswalker.\nII \u2014 Each opponent discards a card.\nIII \u2014 Put target creature or planeswalker card from a graveyard onto the battlefield under your control.", "artist": "Jenn Ravenna Tran", "number": "131", "layout": "saga", "multiverseid": "470677", "imageUrl": "http://gatherer.wizards.com/Handlers/Image.ashx?multiverseid=470677&type=card", "rulings": [{"date": "2018-04-27", "text": "When the first chapter ability of The Eldest Reborn resolves, the next opponent in turn order (or, if it\u2019s an opponent\u2019s turn, that opponent) chooses a creature or planeswalker they control, then each other opponent in turn order (if any) does the same. All chosen permanents are then sacrificed at the same time. Players will know the choices made by earlier players when making their choices."}, {"date": "2018-04-27", "text": "When the second chapter ability of The Eldest Reborn resolves, the next opponent in turn order (or, if it\u2019s an opponent\u2019s turn, that opponent) chooses a card in hand without revealing it, then each other opponent in turn order (if any) does the same. All chosen cards are then discarded at the same time."}, {"date": "2018-04-27", "text": "In a multiplayer game, if a player leaves the game, all cards that player owns leave as well. If you leave the game, the permanent you control from The Eldest Reborn\u2019s final chapter ability is exiled."}, {"date": "2018-04-27", "text": "As a Saga enters the battlefield, its controller puts a lore counter on it. As your precombat main phase begins (immediately after your draw step), you put another lore counter on each Saga you control. Putting a lore counter on a Saga in either of these ways doesn\u2019t use the stack."}, {"date": "2018-04-27", "text": "Each symbol on the left of a Saga\u2019s text box represents a chapter ability. A chapter ability is a triggered ability that triggers when a lore counter that is put on the Saga causes the number of lore counters on the Saga to become equal to or greater than the ability\u2019s chapter number. Chapter abilities are put onto the stack and may be responded to."}, {"date": "2018-04-27", "text": "A chapter ability doesn\u2019t trigger if a lore counter is put on a Saga that already had a number of lore counters greater than or equal to that chapter\u2019s number. For example, the third lore counter put on a Saga causes the III chapter ability to trigger, but I and II won\u2019t trigger again."}, {"date": "2018-04-27", "text": "Once a chapter ability has triggered, the ability on the stack won\u2019t be affected if the Saga gains or loses counters, or if it leaves the battlefield."}, {"date": "2018-04-27", "text": "If multiple chapter abilities trigger at the same time, their controller puts them on the stack in any order. If any of them require targets, those targets are chosen as you put the abilities on the stack, before any of those abilities resolve."}, {"date": "2018-04-27", "text": "If counters are removed from a Saga, the appropriate chapter abilities will trigger again when the Saga receives lore counters. Removing lore counters won\u2019t cause a previous chapter ability to trigger."}, {"date": "2018-04-27", "text": "Once the number of lore counters on a Saga is greater than or equal to the greatest number among its chapter abilities\u2014in the Dominaria set, this is always three\u2014the Saga\u2019s controller sacrifices it as soon as its chapter ability has left the stack, most likely by resolving or being countered. This state-based action doesn\u2019t use the stack."}], "foreignNames": [{"name": "Die Wiedergeburt des \u00c4ltesten", "text": "(Je eine Sagenmarke beim Ins-Spiel-Kommen und nach deinem Ziehsegment. Opfern nach III.)\nI \u2014 Jeder Gegner opfert eine Kreatur oder einen Planeswalker.\nII \u2014 Jeder Gegner wirft eine Karte ab.\nIII \u2014 Bringe eine Kreaturen- oder Planeswalkerkarte deiner Wahl aus einem Friedhof unter deiner Kontrolle ins Spiel.", "type": "Verzauberung \u2014 Sage", "flavor": null, "imageUrl": "http://gatherer.wizards.com/Handlers/Image.ashx?multiverseid=470979&type=card", "language": "German", "multiverseid": 470979}, {"name": "El gran anciano renacido", "text": "(En cuanto esta Saga entre y despu\u00e9s de tu paso de robar, agrega un contador de sabidur\u00eda. Sacrif\u00edcala despu\u00e9s de III.)\nI \u2014 Cada oponente sacrifica una criatura o un planeswalker.\nII \u2014 Cada oponente descarta una carta.\nIII \u2014 Pon en el campo de batalla bajo tu control la carta de criatura o planeswalker objetivo de un cementerio.", "type": "Encantamiento \u2014 Saga", "flavor": null, "imageUrl": "http://gatherer.wizards.com/Handlers/Image.ashx?multiverseid=471281&type=card", "language": "Spanish", "multiverseid": 471281}, {"name": "La Renaissance de l'a\u00een\u00e9", "text": "(Au moment o\u00f9 cette saga arrive sur le champ de bataille et apr\u00e8s votre \u00e9tape de pioche, ajoutez un marqueur \u00ab sapience \u00bb. Sacrifiez apr\u00e8s III.)\nI \u2014 Chaque adversaire sacrifie une cr\u00e9ature ou un planeswalker.\nII \u2014 Chaque adversaire se d\u00e9fausse d'une carte.\nIII \u2014 Mettez sur le champ de bataille, sous votre contr\u00f4le, une carte de cr\u00e9ature ou de planeswalker cibl\u00e9e depuis un cimeti\u00e8re.", "type": "Enchantement : saga", "flavor": null, "imageUrl": "http://gatherer.wizards.com/Handlers/Image.ashx?multiverseid=471583&type=card", "language": "French", "multiverseid": 471583}, {"name": "Rinascita dell'Antico", "text": "(Mentre questa Saga entra e dopo la tua sottofase di acquisizione, aggiungi un segnalino sapere. Sacrifica dopo III.)\nI \u2014 Ogni avversario sacrifica una creatura o un planeswalker.\nII \u2014 Ogni avversario scarta una carta.\nIII \u2014 Metti sul campo di battaglia sotto il tuo controllo una carta creatura o planeswalker bersaglio da un cimitero.", "type": "Incantesimo \u2014 Saga", "flavor": null, "imageUrl": "http://gatherer.wizards.com/Handlers/Image.ashx?multiverseid=471885&type=card", "language": "Italian", "multiverseid": 471885}, {"name": "\u6700\u53e4\u518d\u8a95", "text": "\uff08\u3053\u306e\u82f1\u96c4\u8b5a\u304c\u51fa\u305f\u969b\u3068\u3042\u306a\u305f\u306e\u30c9\u30ed\u30fc\u30fb\u30b9\u30c6\u30c3\u30d7\u306e\u5f8c\u306b\u3001\u4f1d\u627f\u30ab\u30a6\u30f3\u30bf\u30fc\u3092\uff11\u500b\u52a0\u3048\u308b\u3002III\u306e\u5f8c\u306b\u3001\u751f\u3051\u8d04\u306b\u6367\u3052\u308b\u3002\uff09\nI \u2015 \u5404\u5bfe\u6226\u76f8\u624b\u306f\u305d\u308c\u305e\u308c\u30af\u30ea\u30fc\u30c1\u30e3\u30fc\uff11\u4f53\u304b\u30d7\u30ec\u30a4\u30f3\u30ba\u30a6\u30a9\u30fc\u30ab\u30fc\uff11\u4f53\u3092\u751f\u3051\u8d04\u306b\u6367\u3052\u308b\u3002\nII \u2015 \u5404\u5bfe\u6226\u76f8\u624b\u306f\u305d\u308c\u305e\u308c\u30ab\u30fc\u30c9\uff11\u679a\u3092\u6368\u3066\u308b\u3002\nIII \u2015 \u5893\u5730\u304b\u3089\u30af\u30ea\u30fc\u30c1\u30e3\u30fc\u304b\u30d7\u30ec\u30a4\u30f3\u30ba\u30a6\u30a9\u30fc\u30ab\u30fc\u3067\u3042\u308b\u30ab\u30fc\u30c9\uff11\u679a\u3092\u5bfe\u8c61\u3068\u3057\u3001\u305d\u308c\u3092\u3042\u306a\u305f\u306e\u30b3\u30f3\u30c8\u30ed\u30fc\u30eb\u4e0b\u3067\u6226\u5834\u306b\u51fa\u3059\u3002", "type": "\u30a8\u30f3\u30c1\u30e3\u30f3\u30c8 \u2014 \u82f1\u96c4\u8b5a", "flavor": null, "imageUrl": "http://gatherer.wizards.com/Handlers/Image.ashx?multiverseid=472187&type=card", "language": "Japanese", "multiverseid": 472187}, {"name": "O Anci\u00e3o Renascido", "text": "(Conforme esta Saga entra e ap\u00f3s sua etapa de compra, adicione um marcador de conhecimento. Sacrifique-a ap\u00f3s III.)\nI \u2014 Cada oponente sacrifica uma criatura ou um planeswalker.\nII \u2014 Cada oponente descarta um card.\nIII \u2014 Coloque o card de criatura ou de planeswalker alvo de um cemit\u00e9rio no campo de batalha sob seu controle.", "type": "Encantamento \u2014 Saga", "flavor": null, "imageUrl": "http://gatherer.wizards.com/Handlers/Image.ashx?multiverseid=472489&type=card", "language": "Portuguese (Brazil)", "multiverseid": 472489}, {"name": "\u041f\u0435\u0440\u0435\u0440\u043e\u0436\u0434\u0435\u043d\u0438\u0435 \u0414\u0440\u0435\u0432\u043d\u0435\u0439\u0448\u0435\u0433\u043e", "text": "(\u041f\u0440\u0438 \u0432\u044b\u0445\u043e\u0434\u0435 \u044d\u0442\u043e\u0439 \u0421\u0430\u0433\u0438 \u0438 \u043f\u043e\u0441\u043b\u0435 \u0432\u0430\u0448\u0435\u0433\u043e \u0448\u0430\u0433\u0430 \u0432\u0437\u044f\u0442\u0438\u044f \u043a\u0430\u0440\u0442\u044b \u0434\u043e\u0431\u0430\u0432\u044c\u0442\u0435 \u043e\u0434\u0438\u043d \u0436\u0435\u0442\u043e\u043d \u0437\u043d\u0430\u043d\u0438\u0439. \u041f\u043e\u0436\u0435\u0440\u0442\u0432\u0443\u0439\u0442\u0435 \u043f\u043e\u0441\u043b\u0435 III.)\nI \u2014 \u041a\u0430\u0436\u0434\u044b\u0439 \u043e\u043f\u043f\u043e\u043d\u0435\u043d\u0442 \u0436\u0435\u0440\u0442\u0432\u0443\u0435\u0442 \u0441\u0443\u0449\u0435\u0441\u0442\u0432\u043e \u0438\u043b\u0438 planeswalker-\u0430.\nII \u2014 \u041a\u0430\u0436\u0434\u044b\u0439 \u043e\u043f\u043f\u043e\u043d\u0435\u043d\u0442 \u0441\u0431\u0440\u0430\u0441\u044b\u0432\u0430\u0435\u0442 \u043a\u0430\u0440\u0442\u0443.\nIII \u2014 \u041f\u043e\u043b\u043e\u0436\u0438\u0442\u0435 \u0446\u0435\u043b\u0435\u0432\u0443\u044e \u043a\u0430\u0440\u0442\u0443 \u0441\u0443\u0449\u0435\u0441\u0442\u0432\u0430 \u0438\u043b\u0438 planeswalker-\u0430 \u0438\u0437 \u043a\u043b\u0430\u0434\u0431\u0438\u0449\u0430 \u043d\u0430 \u043f\u043e\u043b\u0435 \u0431\u0438\u0442\u0432\u044b \u043f\u043e\u0434 \u0432\u0430\u0448\u0438\u043c \u043a\u043e\u043d\u0442\u0440\u043e\u043b\u0435\u043c.", "type": "\u0427\u0430\u0440\u044b \u2014 \u0421\u0430\u0433\u0430", "flavor": null, "imageUrl": "http://gatherer.wizards.com/Handlers/Image.ashx?multiverseid=472791&type=card", "language": "Russian", "multiverseid": 472791}], "printings": ["C19", "DOM", "MB1"], "originalText": "(As this Saga enters and after your draw step, add a lore counter. Sacrifice after III.)\nI \u2014 Each opponent sacrifices a creature or planeswalker.\nII \u2014 Each opponent discards a card.\nIII \u2014 Put target creature or planeswalker card from a graveyard onto the battlefield under your control.", "originalType": "Enchantment \u2014 Saga", "legalities": [{"format": "Commander", "legality": "Legal"}, {"format": "Duel", "legality": "Legal"}, {"format": "Gladiator", "legality": "Legal"}, {"format": "Historic", "legality": "Legal"}, {"format": "Legacy", "legality": "Legal"}, {"format": "Modern", "legality": "Legal"}, {"format": "Penny", "legality": "Legal"}, {"format": "Pioneer", "legality": "Legal"}, {"format": "Vintage", "legality": "Legal"}], "id": "43c4801e-8ef7-586a-a7b8-0cb8610e4748"}