{"name": "Underworld Sentinel", "manaCost": "{3}{B}{B}", "cmc": 5.0, "colors": ["Black"], "colorIdentity": ["B"], "type": "Creature \u2014 Skeleton Soldier", "types": ["Creature"], "subtypes": ["Skeleton", "Soldier"], "rarity": "Rare", "set": "THB", "setName": "Theros Beyond Death", "text": "Whenever Underworld Sentinel attacks, exile target creature card from your graveyard.\nWhen Underworld Sentinel dies, put all cards exiled with it onto the battlefield.", "flavor": "Deathless soldiers called phylaskia guard the borders of the Underworld.", "artist": "Vincent Proce", "number": "293", "power": "4", "toughness": "5", "layout": "normal", "multiverseid": "479051", "imageUrl": "http://gatherer.wizards.com/Handlers/Image.ashx?multiverseid=479051&type=card", "rulings": [{"date": "2020-01-24", "text": "Underworld Sentinel can attack even if there\u2019s no creature card in your graveyard to exile."}, {"date": "2020-01-24", "text": "If you gain control of another player\u2019s Underworld Sentinel and it then dies, you\u2019ll put the exiled cards onto the battlefield under your control."}, {"date": "2020-01-24", "text": "If Underworld Sentinel leaves the battlefield without dying, the exiled creature cards are exiled for the rest of the game. If Underworld Sentinel returns to the battlefield later, it\u2019ll be a new object with no memory of the creatures it exiled previously."}, {"date": "2020-01-24", "text": "In a multiplayer game, if a player leaves the game, all cards that player owns leave as well. If you leave the game, any permanents you control from Underworld Sentinel but don\u2019t own are exiled."}], "foreignNames": [{"name": "Unterwelt-Wachposten", "text": "Immer wenn der Unterwelt-Wachposten angreift, schicke eine Kreaturenkarte deiner Wahl aus deinem Friedhof ins Exil.\nWenn der Unterwelt-Wachposten stirbt, bringe alle Karten, die mit ihm ins Exil geschickt wurden, ins Spiel.", "type": "Kreatur \u2014 Skelett Soldat", "flavor": "Todeslose Soldaten, genannt Phylaskia, bewachen die Grenzen der Unterwelt.", "imageUrl": "http://gatherer.wizards.com/Handlers/Image.ashx?multiverseid=479061&type=card", "language": "German", "multiverseid": 479061}, {"name": "Guardia del Inframundo", "text": "Siempre que el Guardia del Inframundo ataque, exilia la carta de criatura objetivo de tu cementerio.\nCuando el Guardia del Inframundo muera, pon en el campo de batalla todas las cartas exiliadas con \u00e9l.", "type": "Criatura \u2014 Soldado esqueleto", "flavor": "Unos soldados inmortales llamados fylaskia protegen las fronteras del Inframundo.", "imageUrl": "http://gatherer.wizards.com/Handlers/Image.ashx?multiverseid=479071&type=card", "language": "Spanish", "multiverseid": 479071}, {"name": "Guetteur du Monde souterrain", "text": "\u00c0 chaque fois que le Guetteur du Monde souterrain attaque, exilez une carte de cr\u00e9ature cibl\u00e9e depuis votre cimeti\u00e8re.\nQuand le Guetteur du Monde souterrain meurt, mettez sur le champ de bataille toutes les cartes qu'il a exil\u00e9es.", "type": "Cr\u00e9ature : squelette et soldat", "flavor": "Des soldats immortels, les phylaskiens, gardent les fronti\u00e8res du Monde souterrain.", "imageUrl": "http://gatherer.wizards.com/Handlers/Image.ashx?multiverseid=479081&type=card", "language": "French", "multiverseid": 479081}, {"name": "Guardiano dell'Ade", "text": "Ogniqualvolta il Guardiano dell'Ade attacca, esilia una carta creatura bersaglio dal tuo cimitero.\nQuando il Guardiano dell'Ade muore, metti sul campo di battaglia tutte le carte esiliate con esso.", "type": "Creatura \u2014 Soldato Scheletro", "flavor": "I confini dell'Ade sono sorvegliati da soldati immortali chiamati fylaskia.", "imageUrl": "http://gatherer.wizards.com/Handlers/Image.ashx?multiverseid=479091&type=card", "language": "Italian", "multiverseid": 479091}, {"name": "\u6b7b\u306e\u56fd\u306e\u885b\u5175", "text": "\u6b7b\u306e\u56fd\u306e\u885b\u5175\u304c\u653b\u6483\u3059\u308b\u305f\u3073\u3001\u3042\u306a\u305f\u306e\u5893\u5730\u304b\u3089\u30af\u30ea\u30fc\u30c1\u30e3\u30fc\u30fb\u30ab\u30fc\u30c9\uff11\u679a\u3092\u5bfe\u8c61\u3068\u3057\u3001\u305d\u308c\u3092\u8ffd\u653e\u3059\u308b\u3002\n\u6b7b\u306e\u56fd\u306e\u885b\u5175\u304c\u6b7b\u4ea1\u3057\u305f\u3068\u304d\u3001\u3053\u308c\u306b\u3088\u3063\u3066\u8ffd\u653e\u3055\u308c\u305f\u30ab\u30fc\u30c9\u3092\u3059\u3079\u3066\u6226\u5834\u306b\u51fa\u3059\u3002", "type": "\u30af\u30ea\u30fc\u30c1\u30e3\u30fc \u2014 \u30b9\u30b1\u30eb\u30c8\u30f3\u30fb\u5175\u58eb", "flavor": "\u30d5\u30a3\u30e9\u30b9\u30ad\u30e4\u3068\u547c\u3070\u308c\u308b\u4e0d\u6b7b\u306e\u5175\u58eb\u305f\u3061\u304c\u6b7b\u306e\u56fd\u306e\u5883\u754c\u3092\u5b88\u3063\u3066\u3044\u308b\u3002", "imageUrl": "http://gatherer.wizards.com/Handlers/Image.ashx?multiverseid=479101&type=card", "language": "Japanese", "multiverseid": 479101}, {"name": "\uc800\uc2b9 \ubcf4\ucd08", "text": "\uc800\uc2b9 \ubcf4\ucd08\uac00 \uacf5\uaca9\ud560 \ub54c\ub9c8\ub2e4, \ub2f9\uc2e0\uc758 \ubb34\ub364\uc5d0 \uc788\ub294 \uc0dd\ubb3c \uce74\ub4dc\ub97c \ubaa9\ud45c\ub85c \uc815\ud55c\ub2e4. \uadf8 \uce74\ub4dc\ub97c \ucd94\ubc29\ud55c\ub2e4.\n\uc800\uc2b9 \ubcf4\ucd08\uac00 \uc8fd\uc744 \ub54c, \uc800\uc2b9 \ubcf4\ucd08\ub85c \ucd94\ubc29\ub41c \ubaa8\ub4e0 \uce74\ub4dc\ub4e4\uc744 \uc804\uc7a5\uc5d0 \ub193\ub294\ub2e4.", "type": "\uc0dd\ubb3c \u2014 \ud574\uace8 \ubcd1\uc0ac", "flavor": "\ud30c\uc77c\ub77c\uc2a4\ud0a4\uc544\ub77c \ubd88\ub9ac\ub294 \uc8fd\uc9c0 \uc54a\ub294 \ubcd1\uc0ac\ub4e4\uc774 \uc800\uc2b9\uc758 \uacbd\uacc4\ub97c \uc9c0\ud0a4\uace0 \uc788\ub2e4.", "imageUrl": "http://gatherer.wizards.com/Handlers/Image.ashx?multiverseid=479111&type=card", "language": "Korean", "multiverseid": 479111}, {"name": "Sentinela do Submundo", "text": "Toda vez que Sentinela do Submundo atacar, exile o card de criatura alvo de seu cemit\u00e9rio.\nQuando Sentinela do Submundo morrer, coloque todos os cards exilados por ela no campo de batalha.", "type": "Criatura \u2014 Esqueleto Soldado", "flavor": "Soldados sem-morte chamados fil\u00e1squia guardam as fronteiras do Submundo.", "imageUrl": "http://gatherer.wizards.com/Handlers/Image.ashx?multiverseid=479121&type=card", "language": "Portuguese (Brazil)", "multiverseid": 479121}, {"name": "\u0421\u0442\u0440\u0430\u0436\u043d\u0438\u043a \u041f\u043e\u0434\u0437\u0435\u043c\u043d\u043e\u0433\u043e \u0426\u0430\u0440\u0441\u0442\u0432\u0430", "text": "\u041a\u0430\u0436\u0434\u044b\u0439 \u0440\u0430\u0437, \u043a\u043e\u0433\u0434\u0430 \u0421\u0442\u0440\u0430\u0436\u043d\u0438\u043a \u041f\u043e\u0434\u0437\u0435\u043c\u043d\u043e\u0433\u043e \u0426\u0430\u0440\u0441\u0442\u0432\u0430 \u0430\u0442\u0430\u043a\u0443\u0435\u0442, \u0438\u0437\u0433\u043e\u043d\u0438\u0442\u0435 \u0446\u0435\u043b\u0435\u0432\u0443\u044e \u043a\u0430\u0440\u0442\u0443 \u0441\u0443\u0449\u0435\u0441\u0442\u0432\u0430 \u0438\u0437 \u0432\u0430\u0448\u0435\u0433\u043e \u043a\u043b\u0430\u0434\u0431\u0438\u0449\u0430.\n\u041a\u043e\u0433\u0434\u0430 \u0421\u0442\u0440\u0430\u0436\u043d\u0438\u043a \u041f\u043e\u0434\u0437\u0435\u043c\u043d\u043e\u0433\u043e \u0426\u0430\u0440\u0441\u0442\u0432\u0430 \u0443\u043c\u0438\u0440\u0430\u0435\u0442, \u043f\u043e\u043b\u043e\u0436\u0438\u0442\u0435 \u0432\u0441\u0435 \u0438\u0437\u0433\u043d\u0430\u043d\u043d\u044b\u0435 \u0438\u043c \u043a\u0430\u0440\u0442\u044b \u043d\u0430 \u043f\u043e\u043b\u0435 \u0431\u0438\u0442\u0432\u044b.", "type": "\u0421\u0443\u0449\u0435\u0441\u0442\u0432\u043e \u2014 \u0421\u043a\u0435\u043b\u0435\u0442 \u0421\u043e\u043b\u0434\u0430\u0442", "flavor": "\u0413\u0440\u0430\u043d\u0438\u0446\u044b \u041f\u043e\u0434\u0437\u0435\u043c\u043d\u043e\u0433\u043e \u0446\u0430\u0440\u0441\u0442\u0432\u0430 \u043e\u0445\u0440\u0430\u043d\u044f\u044e\u0442 \u0444\u0438\u043b\u0430\u0441\u043a\u0438\u0438 \u2014 \u043d\u0435\u0443\u043c\u0438\u0440\u0430\u044e\u0449\u0438\u0435 \u0441\u043e\u043b\u0434\u0430\u0442\u044b.", "imageUrl": "http://gatherer.wizards.com/Handlers/Image.ashx?multiverseid=479131&type=card", "language": "Russian", "multiverseid": 479131}, {"name": "\u51a5\u754c\u54e8\u5175", "text": "\u6bcf\u5f53\u51a5\u754c\u54e8\u5175\u653b\u51fb\u65f6\uff0c\u5c06\u76ee\u6807\u751f\u7269\u724c\u4ece\u4f60\u7684\u575f\u5893\u573a\u653e\u9010\u3002\n\u5f53\u51a5\u754c\u54e8\u5175\u6b7b\u53bb\u65f6\uff0c\u5c06\u6240\u6709\u4ee5\u5b83\u653e\u9010\u7684\u724c\u653e\u8fdb\u6218\u573a\u3002", "type": "\u751f\u7269 \uff5e\u9ab7\u9ac5\u5996\uff0f\u58eb\u5175", "flavor": "\u8fd9\u4e9b\u4e0d\u6b7b\u54e8\u5175\u5524\u4f5c\u300c\u51a5\u536b\u300d\uff0c\u968f\u65f6\u628a\u5b88\u51a5\u754c\u8fb9\u5883\u9632\u6b62\u6709\u4eba\u9003\u79bb\u3002", "imageUrl": "http://gatherer.wizards.com/Handlers/Image.ashx?multiverseid=479141&type=card", "language": "Chinese Simplified", "multiverseid": 479141}, {"name": "\u51a5\u754c\u54e8\u5175", "text": "\u6bcf\u7576\u51a5\u754c\u54e8\u5175\u653b\u64ca\u6642\uff0c\u5c07\u76ee\u6a19\u751f\u7269\u724c\u5f9e\u4f60\u7684\u58b3\u5893\u5834\u653e\u9010\u3002\n\u7576\u51a5\u754c\u54e8\u5175\u6b7b\u53bb\u6642\uff0c\u5c07\u6240\u6709\u4ee5\u5b83\u653e\u9010\u7684\u724c\u653e\u9032\u6230\u5834\u3002", "type": "\u751f\u7269 \uff5e\u9ab7\u9acf\u5996\uff0f\u58eb\u5175", "flavor": "\u9019\u4e9b\u4e0d\u6b7b\u54e8\u5175\u559a\u4f5c\u300c\u51a5\u885b\u300d\uff0c\u96a8\u6642\u628a\u5b88\u51a5\u754c\u908a\u5883\u9632\u6b62\u6709\u4eba\u9003\u96e2\u3002", "imageUrl": "http://gatherer.wizards.com/Handlers/Image.ashx?multiverseid=479151&type=card", "language": "Chinese Traditional", "multiverseid": 479151}], "printings": ["THB"], "originalText": "Whenever Underworld Sentinel attacks, exile target creature card from your graveyard.\nWhen Underworld Sentinel dies, put all cards exiled with it onto the battlefield.", "originalType": "Creature \u2014 Skeleton Soldier", "legalities": [{"format": "Brawl", "legality": "Legal"}, {"format": "Commander", "legality": "Legal"}, {"format": "Duel", "legality": "Legal"}, {"format": "Future", "legality": "Legal"}, {"format": "Gladiator", "legality": "Legal"}, {"format": "Historic", "legality": "Legal"}, {"format": "Legacy", "legality": "Legal"}, {"format": "Modern", "legality": "Legal"}, {"format": "Pioneer", "legality": "Legal"}, {"format": "Standard", "legality": "Legal"}, {"format": "Vintage", "legality": "Legal"}], "id": "da8244ce-fde3-5398-9639-4fa7648ae15e"}