{"name": "Unexpected Fangs", "manaCost": "{1}{B}", "cmc": 2.0, "colors": ["Black"], "colorIdentity": ["B"], "type": "Instant", "types": ["Instant"], "rarity": "Common", "set": "IKO", "setName": "Ikoria: Lair of Behemoths", "text": "Put a +1/+1 counter and a lifelink counter on target creature.", "flavor": "\"With the frequent mutations, predator-prey relationships seem to change every moment. I already like it here.\"\n\u2014Vivien Reid", "artist": "Jesper Ejsing", "number": "102", "layout": "normal", "multiverseid": "479622", "imageUrl": "http://gatherer.wizards.com/Handlers/Image.ashx?multiverseid=479622&type=card", "foreignNames": [{"name": "\u00dcberraschender Biss", "text": "Lege eine +1/+1-Marke und eine Lebensverkn\u00fcpfung-Marke auf eine Kreatur deiner Wahl.", "type": "Spontanzauber", "flavor": "\u201eMit den h\u00e4ufigen Mutationen scheinen sich die Beziehungen zwischen Raubtier und Beute in jedem Moment zu \u00e4ndern. Ein Ort nach meinem Geschmack.\"\n\u2014Vivien Reid", "imageUrl": "http://gatherer.wizards.com/Handlers/Image.ashx?multiverseid=479881&type=card", "language": "German", "multiverseid": 479881}, {"name": "Colmillos inesperados", "text": "Pon un contador +1/+1 y un contador de v\u00ednculo vital sobre la criatura objetivo.", "type": "Instant\u00e1neo", "flavor": "\"Debido a las frecuentes mutaciones, las relaciones entre depredador y presa parecen cambiar continuamente. Este sitio ya me gusta\".\n\u2014Vivien Reid", "imageUrl": "http://gatherer.wizards.com/Handlers/Image.ashx?multiverseid=480140&type=card", "language": "Spanish", "multiverseid": 480140}, {"name": "Crocs inattendus", "text": "Mettez un marqueur +1/+1 et un marqueur \u00ab lien de vie \u00bb sur la cr\u00e9ature cibl\u00e9e.", "type": "\u00c9ph\u00e9m\u00e8re", "flavor": "\u00ab \u00c0 cause des mutations fr\u00e9quentes, les relations entre proies et pr\u00e9dateurs semblent changer continuellement. Je commence \u00e0 me plaire ici. \u00bb\n\u2014Vivien Reid", "imageUrl": "http://gatherer.wizards.com/Handlers/Image.ashx?multiverseid=480399&type=card", "language": "French", "multiverseid": 480399}, {"name": "Zanne Inaspettate", "text": "Metti un segnalino +1/+1 e un segnalino legame vitale su una creatura bersaglio.", "type": "Istantaneo", "flavor": "\"A causa delle frequenti mutazioni, i rapporti tra prede e predatori sembrano cambiare a ogni istante. Questo posto gi\u00e0 mi piace.\"\n\u2014Vivien Reid", "imageUrl": "http://gatherer.wizards.com/Handlers/Image.ashx?multiverseid=480658&type=card", "language": "Italian", "multiverseid": 480658}, {"name": "\u4e88\u60f3\u5916\u306e\u7259", "text": "\u30af\u30ea\u30fc\u30c1\u30e3\u30fc\uff11\u4f53\u3092\u5bfe\u8c61\u3068\u3057\u3001\u305d\u308c\u306e\u4e0a\u306b\uff0b\uff11/\uff0b\uff11\u30ab\u30a6\u30f3\u30bf\u30fc\uff11\u500b\u3068\u7d46\u9b42\u30ab\u30a6\u30f3\u30bf\u30fc\uff11\u500b\u3092\u7f6e\u304f\u3002", "type": "\u30a4\u30f3\u30b9\u30bf\u30f3\u30c8", "flavor": "\u300c\u983b\u7e41\u306a\u5909\u5bb9\u306b\u3088\u3063\u3066\u3001\u6355\u98df\u8005\u3068\u7372\u7269\u306e\u95a2\u4fc2\u304c\u7d76\u3048\u305a\u5909\u308f\u308a\u7d9a\u3051\u3066\u3044\u308b\u307f\u305f\u3044\u3002\u3082\u3046\u3053\u3053\u304c\u6c17\u306b\u5165\u3063\u305f\u308f\u3002\u300d\n\u2015\u2015\u30d3\u30d3\u30a2\u30f3\u30fb\u30ea\u30fc\u30c9", "imageUrl": "http://gatherer.wizards.com/Handlers/Image.ashx?multiverseid=480917&type=card", "language": "Japanese", "multiverseid": 480917}, {"name": "\uc608\uc0c1\ud558\uc9c0 \ubabb\ud55c \uc1a1\uacf3\ub2c8", "text": "\uc0dd\ubb3c\uc744 \ubaa9\ud45c\ub85c \uc815\ud55c\ub2e4. \uadf8 \uc0dd\ubb3c\uc5d0 +1/+1 \uce74\uc6b4\ud130 \ud55c \uac1c\uc640 \uc0dd\uba85\uc5f0\uacb0 \uce74\uc6b4\ud130\ub97c \uc62c\ub824\ub193\ub294\ub2e4.", "type": "\uc21c\uac04\ub9c8\ubc95", "flavor": "\"\ub3cc\uc5f0\ubcc0\uc774\uac00 \ud65c\ubc1c\ud788 \uc77c\uc5b4\ub098\uba74\uc11c, \ud3ec\uc2dd\uc790\uc640 \ud53c\uc2dd\uc790\uc640\uc758 \uad00\uacc4\uac00 \ub9e4 \uc21c\uac04\ub9c8\ub2e4 \ubcc0\ud558\ub294 \uac83\ucc98\ub7fc \ubcf4\uc5ec. \ubc8c\uc368 \uc774 \uacf3\uc774 \ub9c8\uc74c\uc5d0 \ub4dc\ub124.\"\n\u2014\ube44\ube44\uc548 \ub808\uc774\ub4dc", "imageUrl": "http://gatherer.wizards.com/Handlers/Image.ashx?multiverseid=481176&type=card", "language": "Korean", "multiverseid": 481176}, {"name": "Presas Inesperadas", "text": "Coloque um marcador +1/+1 e um marcador de v\u00ednculo com a vida na criatura alvo.", "type": "M\u00e1gica Instant\u00e2nea", "flavor": "\"Com as frequentes muta\u00e7\u00f5es, as rela\u00e7\u00f5es presa-predador parecem mudar a todo instante. J\u00e1 gostei daqui.\"\n\u2014 Vivien Reid", "imageUrl": "http://gatherer.wizards.com/Handlers/Image.ashx?multiverseid=481435&type=card", "language": "Portuguese (Brazil)", "multiverseid": 481435}, {"name": "\u041d\u0435\u0436\u0434\u0430\u043d\u043d\u044b\u0435 \u041a\u043b\u044b\u043a\u0438", "text": "\u041f\u043e\u043b\u043e\u0436\u0438\u0442\u0435 \u043e\u0434\u0438\u043d \u0436\u0435\u0442\u043e\u043d +1/+1 \u0438 \u043e\u0434\u0438\u043d \u0436\u0435\u0442\u043e\u043d \u0426\u0435\u043f\u0438 \u0436\u0438\u0437\u043d\u0438 \u043d\u0430 \u0446\u0435\u043b\u0435\u0432\u043e\u0435 \u0441\u0443\u0449\u0435\u0441\u0442\u0432\u043e.", "type": "\u041c\u0433\u043d\u043e\u0432\u0435\u043d\u043d\u043e\u0435 \u0437\u0430\u043a\u043b\u0438\u043d\u0430\u043d\u0438\u0435", "flavor": "\u00ab\u0421 \u0442\u0430\u043a\u0438\u043c \u043a\u043e\u043b\u0438\u0447\u0435\u0441\u0442\u0432\u043e\u043c \u043c\u0443\u0442\u0430\u0446\u0438\u0439 \u0432\u0437\u0430\u0438\u043c\u043e\u043e\u0442\u043d\u043e\u0448\u0435\u043d\u0438\u044f \u0445\u0438\u0449\u043d\u0438\u043a\u0430 \u0438 \u0436\u0435\u0440\u0442\u0432\u044b \u043c\u0435\u043d\u044f\u044e\u0442\u0441\u044f \u043a\u0430\u0436\u0434\u044b\u0439 \u043c\u0438\u0433. \u041c\u043d\u0435 \u0443\u0436\u0435 \u0437\u0434\u0435\u0441\u044c \u043d\u0440\u0430\u0432\u0438\u0442\u0441\u044f\u00bb.\n\u2014 \u0412\u0438\u0432\u044c\u0435\u043d \u0420\u0435\u0439\u0434", "imageUrl": "http://gatherer.wizards.com/Handlers/Image.ashx?multiverseid=481694&type=card", "language": "Russian", "multiverseid": 481694}, {"name": "\u7a81\u751f\u957f\u7259", "text": "\u5728\u76ee\u6807\u751f\u7269\u4e0a\u653e\u7f6e\u4e00\u4e2a+1/+1\u6307\u793a\u7269\u548c\u4e00\u4e2a\u7cfb\u547d\u6307\u793a\u7269\u3002", "type": "\u77ac\u95f4", "flavor": "\u300c\u7531\u4e8e\u751f\u7269\u53d8\u5f02\u9891\u7e41\uff0c\u730e\u8005\u548c\u730e\u7269\u4e4b\u95f4\u7684\u5173\u7cfb\u4f3c\u4e4e\u6bcf\u65f6\u6bcf\u523b\u90fd\u5728\u53d8\u5316\u3002\u6211\u5df2\u7ecf\u559c\u6b22\u4e0a\u8fd9\u91cc\u4e86\u3002\u300d\n\uff5e\u8587\u8587\u5b89\u745e\u5fb7", "imageUrl": "http://gatherer.wizards.com/Handlers/Image.ashx?multiverseid=481953&type=card", "language": "Chinese Simplified", "multiverseid": 481953}, {"name": "\u7a81\u751f\u9577\u7259", "text": "\u5728\u76ee\u6a19\u751f\u7269\u4e0a\u653e\u7f6e\u4e00\u500b+1/+1\u6307\u793a\u7269\u548c\u4e00\u500b\u7e6b\u547d\u6307\u793a\u7269\u3002", "type": "\u77ac\u9593", "flavor": "\u300c\u7531\u65bc\u751f\u7269\u8b8a\u7570\u983b\u7e41\uff0c\u7375\u8005\u548c\u7375\u7269\u4e4b\u9593\u7684\u95dc\u4fc2\u4f3c\u4e4e\u6bcf\u6642\u6bcf\u523b\u90fd\u5728\u8b8a\u5316\u3002\u6211\u5df2\u7d93\u559c\u6b61\u4e0a\u9019\u88e1\u4e86\u3002\u300d\n\uff5e\u8587\u8587\u5b89\u745e\u5fb7", "imageUrl": "http://gatherer.wizards.com/Handlers/Image.ashx?multiverseid=482212&type=card", "language": "Chinese Traditional", "multiverseid": 482212}], "printings": ["IKO"], "originalText": "Put a +1/+1 counter and a lifelink counter on target creature.", "originalType": "Instant", "legalities": [{"format": "Brawl", "legality": "Legal"}, {"format": "Commander", "legality": "Legal"}, {"format": "Duel", "legality": "Legal"}, {"format": "Future", "legality": "Legal"}, {"format": "Gladiator", "legality": "Legal"}, {"format": "Historic", "legality": "Legal"}, {"format": "Legacy", "legality": "Legal"}, {"format": "Modern", "legality": "Legal"}, {"format": "Pauper", "legality": "Legal"}, {"format": "Penny", "legality": "Legal"}, {"format": "Pioneer", "legality": "Legal"}, {"format": "Standard", "legality": "Legal"}, {"format": "Vintage", "legality": "Legal"}], "id": "86a4e4b5-37fb-53af-8913-41c90ecbef1a"}