{"name": "Vivien Reid", "manaCost": "{3}{G}{G}", "cmc": 5.0, "colors": ["Green"], "colorIdentity": ["G"], "type": "Legendary Planeswalker \u2014 Vivien", "supertypes": ["Legendary"], "types": ["Planeswalker"], "subtypes": ["Vivien"], "rarity": "Mythic", "set": "M19", "setName": "Core Set 2019", "text": "[+1]: Look at the top four cards of your library. You may reveal a creature or land card from among them and put it into your hand. Put the rest on the bottom of your library in a random order.\n[\u22123]: Destroy target artifact, enchantment, or creature with flying.\n[\u22128]: You get an emblem with \"Creatures you control get +2/+2 and have vigilance, trample, and indestructible.\"", "artist": "Anna Steinbauer", "number": "208", "layout": "normal", "multiverseid": "447344", "imageUrl": "http://gatherer.wizards.com/Handlers/Image.ashx?multiverseid=447344&type=card", "loyalty": "5", "foreignNames": [{"name": "Vivien Reid", "text": "+1: Schaue dir die obersten vier Karten deiner Bibliothek an. Du kannst davon eine Kreaturen- oder L\u00e4nderkarte offen vorzeigen und auf deine Hand nehmen. Lege den Rest in zuf\u00e4lliger Reihenfolge unter deine Bibliothek.\n\u22123: Zerst\u00f6re ein Artefakt, eine Verzauberung oder eine Kreatur mit Flugf\u00e4higkeit deiner Wahl.\n\u22128: Du erh\u00e4ltst ein Emblem mit \u201eKreaturen, die du kontrollierst, erhalten +2/+2, haben Wachsamkeit, Unzerst\u00f6rbarkeit und verursachen Trampelschaden.\"", "type": "Legend\u00e4rer Planeswalker \u2014 Vivien", "flavor": null, "imageUrl": "http://gatherer.wizards.com/Handlers/Image.ashx?multiverseid=447625&type=card", "language": "German", "multiverseid": 447625}, {"name": "Vivien Reid", "text": "+1: Mira las cuatro primeras cartas de tu biblioteca. Puedes mostrar una carta de criatura o de tierra que se encuentre entre ellas y ponerla en tu mano. Pon el resto en el fondo de tu biblioteca en un orden aleatorio.\n\u22123: Destruye el artefacto, encantamiento o criatura con la habilidad de volar objetivo.\n\u22128: Obtienes un emblema con \"Las criaturas que controlas obtienen +2/+2 y tienen las habilidades de vigilancia, arrollar e indestructible\".", "type": "Planeswalker legendario \u2014 Vivien", "flavor": null, "imageUrl": "http://gatherer.wizards.com/Handlers/Image.ashx?multiverseid=447906&type=card", "language": "Spanish", "multiverseid": 447906}, {"name": "Vivien Reid", "text": "+1 : Regardez les quatre cartes du dessus de votre biblioth\u00e8que. Vous pouvez r\u00e9v\u00e9ler une carte de cr\u00e9ature ou de terrain parmi elles et la mettre dans votre main. Mettez le reste au-dessous de votre biblioth\u00e8que dans un ordre al\u00e9atoire.\n-3 : D\u00e9truisez l'artefact cibl\u00e9, l'enchantement cibl\u00e9 ou la cr\u00e9ature avec le vol cibl\u00e9e.\n-8 : Vous gagnez un embl\u00e8me avec \u00ab Les cr\u00e9atures que vous contr\u00f4lez gagnent +2/+2 et ont la vigilance, le pi\u00e9tinement et l'indestructible. \u00bb", "type": "Planeswalker l\u00e9gendaire : Vivien", "flavor": null, "imageUrl": "http://gatherer.wizards.com/Handlers/Image.ashx?multiverseid=448187&type=card", "language": "French", "multiverseid": 448187}, {"name": "Vivien Reid", "text": "+1: Guarda le prime quattro carte del tuo grimorio. Puoi rivelare una carta creatura o terra scelta tra esse e aggiungerla alla tua mano. Metti le altre in fondo al tuo grimorio in ordine casuale.\n-3: Distruggi un artefatto, un incantesimo o una creatura con volare bersaglio.\n-8: Ottieni un emblema con \"Le creature che controlli prendono +2/+2 e hanno cautela, travolgere e indistruttibile\".", "type": "Planeswalker Leggendario \u2014 Vivien", "flavor": null, "imageUrl": "http://gatherer.wizards.com/Handlers/Image.ashx?multiverseid=448468&type=card", "language": "Italian", "multiverseid": 448468}, {"name": "\u30d3\u30d3\u30a2\u30f3\u30fb\u30ea\u30fc\u30c9", "text": "+1\uff1a\u3042\u306a\u305f\u306e\u30e9\u30a4\u30d6\u30e9\u30ea\u30fc\u306e\u4e00\u756a\u4e0a\u304b\u3089\u30ab\u30fc\u30c9\u3092\uff14\u679a\u898b\u308b\u3002\u3042\u306a\u305f\u306f\u305d\u306e\u4e2d\u304b\u3089\u30af\u30ea\u30fc\u30c1\u30e3\u30fc\u304b\u571f\u5730\u3067\u3042\u308b\u30ab\u30fc\u30c9\uff11\u679a\u3092\u516c\u958b\u3057\u3066\u3042\u306a\u305f\u306e\u624b\u672d\u306b\u52a0\u3048\u3066\u3082\u3088\u3044\u3002\u6b8b\u308a\u3092\u3042\u306a\u305f\u306e\u30e9\u30a4\u30d6\u30e9\u30ea\u30fc\u306e\u4e00\u756a\u4e0b\u306b\u7121\u4f5c\u70ba\u306e\u9806\u756a\u3067\u7f6e\u304f\u3002\n-3\uff1a\u30a2\u30fc\u30c6\u30a3\u30d5\u30a1\u30af\u30c8\uff11\u3064\u304b\u30a8\u30f3\u30c1\u30e3\u30f3\u30c8\uff11\u3064\u304b\u98db\u884c\u3092\u6301\u3064\u30af\u30ea\u30fc\u30c1\u30e3\u30fc\uff11\u4f53\u3092\u5bfe\u8c61\u3068\u3057\u3001\u305d\u308c\u3092\u7834\u58ca\u3059\u308b\u3002\n-8\uff1a\u3042\u306a\u305f\u306f\u300c\u3042\u306a\u305f\u304c\u30b3\u30f3\u30c8\u30ed\u30fc\u30eb\u3057\u3066\u3044\u308b\u30af\u30ea\u30fc\u30c1\u30e3\u30fc\u306f\uff0b\uff12/\uff0b\uff12\u306e\u4fee\u6574\u3092\u53d7\u3051\u3001\u8b66\u6212\u3068\u30c8\u30e9\u30f3\u30d7\u30eb\u3068\u7834\u58ca\u4e0d\u80fd\u3092\u6301\u3064\u3002\u300d\u3092\u6301\u3064\u7d0b\u7ae0\u3092\u5f97\u308b\u3002", "type": "\u4f1d\u8aac\u306e\u30d7\u30ec\u30a4\u30f3\u30ba\u30a6\u30a9\u30fc\u30ab\u30fc \u2014 \u30d3\u30d3\u30a2\u30f3", "flavor": null, "imageUrl": "http://gatherer.wizards.com/Handlers/Image.ashx?multiverseid=448749&type=card", "language": "Japanese", "multiverseid": 448749}, {"name": "\ube44\ube44\uc548 \ub808\uc774\ub4dc", "text": "+1: \ub2f9\uc2e0\uc758 \uc11c\uace0 \ub9e8 \uc704 \uce74\ub4dc \ub124 \uc7a5\uc744 \ubcf8\ub2e4. \ub2f9\uc2e0\uc740 \uadf8\uc911\uc5d0\uc11c \uc0dd\ubb3c \ub610\ub294 \ub300\uc9c0 \uce74\ub4dc \ud55c \uc7a5\uc744 \uacf5\uac1c\ud558\uace0 \ub2f9\uc2e0\uc758 \uc190\uc73c\ub85c \uac00\uc838\uac08 \uc218 \uc788\ub2e4. \ub098\uba38\uc9c0 \uce74\ub4dc\ub4e4\uc740 \ubb34\uc791\uc704 \uc21c\uc11c\ub85c \ub2f9\uc2e0\uc758 \uc11c\uace0 \ub9e8 \ubc11\uc5d0 \ub193\ub294\ub2e4.\n\u22123: \ub9c8\ubc95\ubb3c\uccb4, \ubd80\uc5ec\ub9c8\ubc95 \ub610\ub294 \ube44\ud589\uc744 \uac00\uc9c4 \uc0dd\ubb3c\uc744 \ubaa9\ud45c\ub85c \uc815\ud55c\ub2e4. \uadf8 \ubaa9\ud45c\ub97c \ud30c\uad34\ud55c\ub2e4.\n\u22128: \ub2f9\uc2e0\uc740 \"\ub2f9\uc2e0\uc774 \uc870\uc885\ud558\ub294 \uc0dd\ubb3c\ub4e4\uc740 +2/+2\ub97c \ubc1b\uace0 \uacbd\uacc4, \ub3cc\uc9c4, \ubb34\uc801\uc744 \uac00\uc9c4\ub2e4.\"\ub97c \uac00\uc9c4 \ud718\uc7a5\uc744 \uc5bb\ub294\ub2e4.", "type": "\uc804\uc124\uc801 \ud50c\ub808\uc778\uc988\uc6cc\ucee4 \u2014 \ube44\ube44\uc548", "flavor": null, "imageUrl": "http://gatherer.wizards.com/Handlers/Image.ashx?multiverseid=449030&type=card", "language": "Korean", "multiverseid": 449030}, {"name": "Vivien Reid", "text": "+1: Olhe os quatro cards do topo do seu grim\u00f3rio. Voc\u00ea pode revelar um card de criatura ou terreno dentre eles e coloc\u00e1-lo em sua m\u00e3o. Coloque o restante no fundo de seu grim\u00f3rio em ordem aleat\u00f3ria.\n\u22123: Destrua o artefato, encantamento ou criatura com voar alvo.\n\u22128: Voc\u00ea recebe um emblema com \"As criaturas que voc\u00ea controla recebem +2/+2 e t\u00eam vigil\u00e2ncia, atropelar e indestrut\u00edvel.\"", "type": "Planeswalker Lend\u00e1rio \u2014 Vivien", "flavor": null, "imageUrl": "http://gatherer.wizards.com/Handlers/Image.ashx?multiverseid=449311&type=card", "language": "Portuguese (Brazil)", "multiverseid": 449311}, {"name": "\u0412\u0438\u0432\u044c\u0435\u043d \u0420\u0435\u0439\u0434", "text": "+1: \u043f\u043e\u0441\u043c\u043e\u0442\u0440\u0438\u0442\u0435 \u0447\u0435\u0442\u044b\u0440\u0435 \u0432\u0435\u0440\u0445\u043d\u0438\u0435 \u043a\u0430\u0440\u0442\u044b \u0432\u0430\u0448\u0435\u0439 \u0431\u0438\u0431\u043b\u0438\u043e\u0442\u0435\u043a\u0438. \u0412\u044b \u043c\u043e\u0436\u0435\u0442\u0435 \u043f\u043e\u043a\u0430\u0437\u0430\u0442\u044c \u043d\u0430\u0445\u043e\u0434\u044f\u0449\u0443\u044e\u0441\u044f \u0441\u0440\u0435\u0434\u0438 \u043d\u0438\u0445 \u043a\u0430\u0440\u0442\u0443 \u0441\u0443\u0449\u0435\u0441\u0442\u0432\u0430 \u0438\u043b\u0438 \u0437\u0435\u043c\u043b\u0438 \u0438 \u043f\u043e\u043b\u043e\u0436\u0438\u0442\u044c \u0435\u0435 \u0432 \u0432\u0430\u0448\u0443 \u0440\u0443\u043a\u0443. \u041f\u043e\u043b\u043e\u0436\u0438\u0442\u0435 \u043e\u0441\u0442\u0430\u043b\u044c\u043d\u044b\u0435 \u043a\u0430\u0440\u0442\u044b \u0432 \u043d\u0438\u0437 \u0432\u0430\u0448\u0435\u0439 \u0431\u0438\u0431\u043b\u0438\u043e\u0442\u0435\u043a\u0438 \u0432 \u0441\u043b\u0443\u0447\u0430\u0439\u043d\u043e\u043c \u043f\u043e\u0440\u044f\u0434\u043a\u0435.\n\u22123: \u0443\u043d\u0438\u0447\u0442\u043e\u0436\u044c\u0442\u0435 \u0446\u0435\u043b\u0435\u0432\u043e\u0439 \u0430\u0440\u0442\u0435\u0444\u0430\u043a\u0442, \u0447\u0430\u0440\u044b \u0438\u043b\u0438 \u0441\u0443\u0449\u0435\u0441\u0442\u0432\u043e \u0441 \u041f\u043e\u043b\u0435\u0442\u043e\u043c.\n\u20148: \u0432\u044b \u043f\u043e\u043b\u0443\u0447\u0430\u0435\u0442\u0435 \u044d\u043c\u0431\u043b\u0435\u043c\u0443 \u0441\u043e \u0441\u043f\u043e\u0441\u043e\u0431\u043d\u043e\u0441\u0442\u044c\u044e \u00ab\u0421\u0443\u0449\u0435\u0441\u0442\u0432\u0430 \u043f\u043e\u0434 \u0432\u0430\u0448\u0438\u043c \u043a\u043e\u043d\u0442\u0440\u043e\u043b\u0435\u043c \u043f\u043e\u043b\u0443\u0447\u0430\u044e\u0442 +2/+2 \u0438 \u0438\u043c\u0435\u044e\u0442 \u0411\u0434\u0438\u0442\u0435\u043b\u044c\u043d\u043e\u0441\u0442\u044c, \u041f\u0440\u043e\u0431\u0438\u0432\u043d\u043e\u0439 \u0443\u0434\u0430\u0440 \u0438 \u041d\u0435\u0440\u0430\u0437\u0440\u0443\u0448\u0438\u043c\u043e\u0441\u0442\u044c\u00bb.", "type": "\u041b\u0435\u0433\u0435\u043d\u0434\u0430\u0440\u043d\u044b\u0439 Planeswalker \u2014 \u0412\u0438\u0432\u044c\u0435\u043d", "flavor": null, "imageUrl": "http://gatherer.wizards.com/Handlers/Image.ashx?multiverseid=449592&type=card", "language": "Russian", "multiverseid": 449592}, {"name": "\u8587\u8587\u5b89\u745e\u5fb7", "text": "+1\uff1a\u68c0\u89c6\u4f60\u724c\u5e93\u9876\u7684\u56db\u5f20\u724c\u3002\u4f60\u53ef\u4ee5\u5c55\u793a\u5176\u4e2d\u7684\u4e00\u5f20\u751f\u7269\u6216\u5730\u724c\uff0c\u5e76\u5c06\u5b83\u7f6e\u4e8e\u4f60\u624b\u4e0a\u3002\u5c06\u5176\u4f59\u7684\u724c\u4ee5\u968f\u673a\u987a\u5e8f\u7f6e\u4e8e\u4f60\u7684\u724c\u5e93\u5e95\u3002\n\u22123\uff1a\u6d88\u706d\u76ee\u6807\u795e\u5668\uff0c\u7ed3\u754c\u6216\u5177\u98de\u884c\u5f02\u80fd\u7684\u751f\u7269\u3002\n\u22128\uff1a\u4f60\u83b7\u5f97\u5177\u6709\u300c\u7531\u4f60\u64cd\u63a7\u7684\u751f\u7269\u5f97+2/+2\u4e14\u5177\u6709\u8b66\u6212\uff0c\u8df5\u8e0f\u4e0e\u4e0d\u706d\u5f02\u80fd\u300d\u7684\u5fbd\u8bb0\u3002", "type": "\u4f20\u5947\u9e4f\u6d1b\u5ba2 \uff5e\u8587\u8587\u5b89", "flavor": null, "imageUrl": "http://gatherer.wizards.com/Handlers/Image.ashx?multiverseid=449873&type=card", "language": "Chinese Simplified", "multiverseid": 449873}, {"name": "\u8587\u8587\u5b89\u745e\u5fb7", "text": "+1\uff1a\u6aa2\u8996\u4f60\u724c\u5eab\u9802\u7684\u56db\u5f35\u724c\u3002\u4f60\u53ef\u4ee5\u5c55\u793a\u5176\u4e2d\u7684\u4e00\u5f35\u751f\u7269\u6216\u5730\u724c\uff0c\u4e26\u5c07\u5b83\u7f6e\u65bc\u4f60\u624b\u4e0a\u3002\u5c07\u5176\u9918\u7684\u724c\u4ee5\u96a8\u6a5f\u9806\u5e8f\u7f6e\u65bc\u4f60\u7684\u724c\u5eab\u5e95\u3002\n\u22123\uff1a\u6d88\u6ec5\u76ee\u6a19\u795e\u5668\uff0c\u7d50\u754c\u6216\u5177\u98db\u884c\u7570\u80fd\u7684\u751f\u7269\u3002\n-8\uff1a\u4f60\u7372\u5f97\u5177\u6709\u300c\u7531\u4f60\u64cd\u63a7\u7684\u751f\u7269\u5f97+2/+2\u4e14\u5177\u6709\u8b66\u6212\uff0c\u8e10\u8e0f\u8207\u4e0d\u6ec5\u7570\u80fd\u300d\u7684\u5fbd\u8a18\u3002", "type": "\u50b3\u5947\u9d6c\u6d1b\u5ba2 \uff5e\u8587\u8587\u5b89", "flavor": null, "imageUrl": "http://gatherer.wizards.com/Handlers/Image.ashx?multiverseid=450154&type=card", "language": "Chinese Traditional", "multiverseid": 450154}], "printings": ["M19", "PM19"], "originalText": "+1: Look at the top four cards of your library. You may reveal a creature or land card from among them and put it into your hand. Put the rest on the bottom of your library in a random order.\n\u22123: Destroy target artifact, enchantment, or creature with flying.\n\u22128: You get an emblem with \"Creatures you control get +2/+2 and have vigilance, trample, and indestructible.\"", "originalType": "Legendary Planeswalker \u2014 Vivien", "legalities": [{"format": "Commander", "legality": "Legal"}, {"format": "Duel", "legality": "Legal"}, {"format": "Gladiator", "legality": "Legal"}, {"format": "Historic", "legality": "Legal"}, {"format": "Legacy", "legality": "Legal"}, {"format": "Modern", "legality": "Legal"}, {"format": "Pioneer", "legality": "Legal"}, {"format": "Vintage", "legality": "Legal"}], "id": "529f85e6-ac3d-5125-88d5-75af9dbe573d"}