{"name": "Vraska's Contempt", "manaCost": "{2}{B}{B}", "cmc": 4.0, "colors": ["Black"], "colorIdentity": ["B"], "type": "Instant", "types": ["Instant"], "rarity": "Rare", "set": "PXLN", "setName": "Ixalan Promos", "text": "Exile target creature or planeswalker. You gain 2 life.", "flavor": "It wasn't long before the taverns of High and Dry were full of whispers about the new captain who could turn a person to stone with a glance.", "artist": "Clint Cearley", "number": "129p", "layout": "normal", "variations": ["d5b66659-4fe8-54dc-af6e-d78f672884ac"], "watermark": "planeswalker", "rulings": [{"date": "2017-09-29", "text": "If the target creature or planeswalker is an illegal target by the time Vraska\u2019s Contempt resolves, the entire spell doesn\u2019t resolve. You won\u2019t gain life."}, {"date": "2018-01-19", "text": "There are many important moments in the story, but the most crucial\u2014called \u201cstory spotlights\u201d\u2014are shown on cards. These cards have the Planeswalker symbol in their text box; this symbol has no effect on gameplay. You can read more about these events in the official Magic fiction at http://www.mtgstory.com."}], "printings": ["PXLN", "XLN"], "legalities": [{"format": "Commander", "legality": "Legal"}, {"format": "Duel", "legality": "Legal"}, {"format": "Gladiator", "legality": "Legal"}, {"format": "Historic", "legality": "Legal"}, {"format": "Legacy", "legality": "Legal"}, {"format": "Modern", "legality": "Legal"}, {"format": "Penny", "legality": "Legal"}, {"format": "Pioneer", "legality": "Legal"}, {"format": "Vintage", "legality": "Legal"}], "id": "f81ce7d1-fda9-5868-a876-cdf374f0f043"}