{"name": "Wildwood Patrol", "manaCost": "{2}{G}", "cmc": 3.0, "colors": ["Green"], "colorIdentity": ["G"], "type": "Creature \u2014 Centaur Scout", "types": ["Creature"], "subtypes": ["Centaur", "Scout"], "rarity": "Common", "set": "ANB", "setName": "Arena Beginner Set", "text": "Trample (This creature can deal excess combat damage to the player or planeswalker it's attacking.)", "artist": "Dan Scott", "number": "108", "power": "4", "toughness": "2", "layout": "normal", "printings": ["ANB", "M21"], "legalities": [{"format": "Brawl", "legality": "Legal"}, {"format": "Commander", "legality": "Legal"}, {"format": "Duel", "legality": "Legal"}, {"format": "Future", "legality": "Legal"}, {"format": "Gladiator", "legality": "Legal"}, {"format": "Historic", "legality": "Legal"}, {"format": "Legacy", "legality": "Legal"}, {"format": "Modern", "legality": "Legal"}, {"format": "Pauper", "legality": "Legal"}, {"format": "Pioneer", "legality": "Legal"}, {"format": "Standard", "legality": "Legal"}, {"format": "Vintage", "legality": "Legal"}], "id": "bcff940d-22e1-5580-9811-e0eaa5f03db6"}