{"name": "Wildgrowth Walker", "manaCost": "{1}{G}", "cmc": 2.0, "colors": ["Green"], "colorIdentity": ["G"], "type": "Creature \u2014 Elemental", "types": ["Creature"], "subtypes": ["Elemental"], "rarity": "Uncommon", "set": "XLN", "setName": "Ixalan", "text": "Whenever a creature you control explores, put a +1/+1 counter on Wildgrowth Walker and you gain 3 life.", "flavor": "\"Hear me, stone, root, branch: be the fist of this land. Turn back those who trample upon your domain.\"\n\u2014Song of the Shaper", "artist": "Ryan Alexander Lee", "number": "216", "power": "1", "toughness": "3", "layout": "normal", "multiverseid": "435372", "imageUrl": "http://gatherer.wizards.com/Handlers/Image.ashx?multiverseid=435372&type=card", "rulings": [{"date": "2017-09-29", "text": "If a creature leaves the battlefield before an effect instructs it to explore, it still explores. Effects that trigger when a creature you control explores, such as that of Wildgrowth Walker, trigger if appropriate."}, {"date": "2017-09-29", "text": "If Wildgrowth Walker leaves the battlefield while its triggered ability is on the stack, you won\u2019t put a +1/+1 counter on anything but you will gain 3 life."}], "foreignNames": [{"name": "Wandelnder Wildwuchs", "text": "Immer wenn eine Kreatur, die du kontrollierst, erkundet, lege eine +1/+1-Marke auf den Wandelnden Wildwuchs und du erh\u00e4ltst 3 Lebenspunkte dazu.", "type": "Kreatur \u2014 Elementarwesen", "flavor": "\u201eH\u00f6rt mich an, ihr Steine, Wurzeln und Bl\u00e4tter: Seid die R\u00e4cher dieses Landes. Schlagt jene zur\u00fcck, die euch missachten.\" \u2014Lied der Wandler", "imageUrl": "http://gatherer.wizards.com/Handlers/Image.ashx?multiverseid=435671&type=card", "language": "German", "multiverseid": 435671}, {"name": "Caminante espesura", "text": "Siempre que una criatura que controlas explore, pon un contador +1/+1 sobre el Caminante espesura y ganas 3 vidas.", "type": "Criatura \u2014 Elemental", "flavor": "\"Escuchen, piedra, rama y ra\u00edz: sean el pu\u00f1o de esta tierra. Hagan retroceder a aquellos que pisotean sus dominios\". \u2014Canci\u00f3n del moldeador", "imageUrl": "http://gatherer.wizards.com/Handlers/Image.ashx?multiverseid=437764&type=card", "language": "Spanish", "multiverseid": 437764}, {"name": "Marcheur pousse-sauvage", "text": "\u00c0 chaque fois qu'une cr\u00e9ature que vous contr\u00f4lez explore, mettez un marqueur +1/+1 sur le Marcheur pousse-sauvage et vous gagnez 3 points de vie.", "type": "Cr\u00e9ature : \u00e9l\u00e9mental", "flavor": "\u00ab Racines, branches et rocs : d\u00e9fendez ce pays. Faites des repentis de ceux qui vous estoquent. \u00bb \u2014Chant du modeleur", "imageUrl": "http://gatherer.wizards.com/Handlers/Image.ashx?multiverseid=435970&type=card", "language": "French", "multiverseid": 435970}, {"name": "Errante della Crescita Rigogliosa", "text": "Ogniqualvolta una creatura che controlli esplora, metti un segnalino +1/+1 sull'Errante della Crescita Rigogliosa e guadagni 3 punti vita.", "type": "Creatura \u2014 Elementale", "flavor": "\"Pietra, radice e ramo, ascoltatemi: siate il pugno di questa terra. Scacciate chi vorrebbe calpestare i vostri domini.\" \u2014Canto dei plasmatori", "imageUrl": "http://gatherer.wizards.com/Handlers/Image.ashx?multiverseid=436269&type=card", "language": "Italian", "multiverseid": 436269}, {"name": "\u91ce\u8302\u307f\u6b69\u304d", "text": "\u3042\u306a\u305f\u304c\u30b3\u30f3\u30c8\u30ed\u30fc\u30eb\u3057\u3066\u3044\u308b\u30af\u30ea\u30fc\u30c1\u30e3\u30fc\u304c\uff11\u4f53\u63a2\u691c\u3092\u884c\u3046\u305f\u3073\u3001\u91ce\u8302\u307f\u6b69\u304d\u306e\u4e0a\u306b\uff0b\uff11/\uff0b\uff11\u30ab\u30a6\u30f3\u30bf\u30fc\u3092\uff11\u500b\u7f6e\u304d\u3001\u3042\u306a\u305f\u306f\uff13\u70b9\u306e\u30e9\u30a4\u30d5\u3092\u5f97\u308b\u3002", "type": "\u30af\u30ea\u30fc\u30c1\u30e3\u30fc \u2014 \u30a8\u30ec\u30e1\u30f3\u30bf\u30eb", "flavor": "\u300c\u77f3\u3088\u3001\u6839\u3088\u3001\u679d\u3088\u3001\u805e\u3051\u3002\u3053\u306e\u5730\u3092\u5b88\u308b\u62f3\u3068\u306a\u308c\u3002\u8e0f\u307f\u306b\u3058\u308b\u8005\u3092\u8ffd\u3044\u8fd4\u305b\u3002\u300d \u2015\u2015\u5f62\u6210\u5e2b\u306e\u6b4c", "imageUrl": "http://gatherer.wizards.com/Handlers/Image.ashx?multiverseid=436568&type=card", "language": "Japanese", "multiverseid": 436568}, {"name": "\uac70\uce5c\uc131\uc7a5 \ubcf4\ud589\uc790", "text": "\ub2f9\uc2e0\uc774 \uc870\uc885\ud558\ub294 \uc0dd\ubb3c\uc774 \ud0d0\ud5d8\uc744 \ud560 \ub54c\ub9c8\ub2e4, \uac70\uce5c\uc131\uc7a5 \ubcf4\ud589\uc790\uc5d0 +1/+1 \uce74\uc6b4\ud130 \ud55c \uac1c\ub97c \uc62c\ub824\ub193\uace0 \ub2f9\uc2e0\uc740 \uc0dd\uba85 3\uc810\uc744 \uc5bb\ub294\ub2e4.", "type": "\uc0dd\ubb3c \u2014 \uc815\ub839", "flavor": "\"\ub3cc, \ubfcc\ub9ac, \uac00\uc9c0\uc5ec. \ub0b4 \ub9d0\uc744 \ub4e4\uc5b4\ub77c. \uc774 \ub300\uc9c0\uc758 \uc8fc\uba39\uc774 \ub418\uc5b4\ub77c. \ub108\ud76c \uc601\ud1a0\ub97c \uc9d3\ubc1f\ub294 \uc790\ub4e4\uc744 \ubab0\uc544\ub0b4\ub77c.\" \u2014\ubcc0\ud615\uc220\uc0ac\uc758 \ub178\ub798", "imageUrl": "http://gatherer.wizards.com/Handlers/Image.ashx?multiverseid=436867&type=card", "language": "Korean", "multiverseid": 436867}, {"name": "Andarilho Vicejante", "text": "Toda vez que uma criatura que voc\u00ea controla explorar, coloque um marcador +1/+1 em Andarilho Vicejante. Voc\u00ea ganha 3 pontos de vida.", "type": "Criatura \u2014 Elemental", "flavor": "\"Ou\u00e7am-me, pedra, raiz, galho: sejam o punho desta terra. Expulsem os que pisoteiam seu dom\u00ednio.\" \u2014 Can\u00e7\u00e3o do Moldador", "imageUrl": "http://gatherer.wizards.com/Handlers/Image.ashx?multiverseid=437166&type=card", "language": "Portuguese (Brazil)", "multiverseid": 437166}, {"name": "\u0414\u0438\u043a\u043e\u0440\u0430\u0441\u0442\u0443\u0449\u0438\u0439 \u0428\u0430\u0442\u0443\u043d", "text": "\u041a\u0430\u0436\u0434\u044b\u0439 \u0440\u0430\u0437, \u043a\u043e\u0433\u0434\u0430 \u0441\u0443\u0449\u0435\u0441\u0442\u0432\u043e \u043f\u043e\u0434 \u0432\u0430\u0448\u0438\u043c \u043a\u043e\u043d\u0442\u0440\u043e\u043b\u0435\u043c \u0438\u0441\u043f\u043e\u043b\u044c\u0437\u0443\u0435\u0442 \u0420\u0430\u0437\u0432\u0435\u0434\u043a\u0443, \u043f\u043e\u043b\u043e\u0436\u0438\u0442\u0435 \u043e\u0434\u0438\u043d \u0436\u0435\u0442\u043e\u043d +1/+1 \u043d\u0430 \u0414\u0438\u043a\u043e\u0440\u0430\u0441\u0442\u0443\u0449\u0435\u0433\u043e \u0428\u0430\u0442\u0443\u043d\u0430, \u0438 \u0432\u044b \u043f\u043e\u043b\u0443\u0447\u0430\u0435\u0442\u0435 3 \u0436\u0438\u0437\u043d\u0438.", "type": "\u0421\u0443\u0449\u0435\u0441\u0442\u0432\u043e \u2014 \u042d\u043b\u0435\u043c\u0435\u043d\u0442\u0430\u043b\u044c", "flavor": "\u00ab\u0423\u0441\u043b\u044b\u0448\u044c\u0442\u0435 \u043c\u0435\u043d\u044f, \u043a\u0430\u043c\u043d\u0438, \u043a\u043e\u0440\u043d\u0438 \u0438 \u0441\u0443\u0447\u044c\u044f. \u0421\u0442\u0430\u043d\u044c\u0442\u0435 \u043a\u0443\u043b\u0430\u043a\u043e\u043c \u044d\u0442\u043e\u0433\u043e \u043a\u0440\u0430\u044f. \u0413\u043e\u043d\u0438\u0442\u0435 \u043f\u0440\u043e\u0447\u044c \u0442\u0435\u0445, \u043a\u0442\u043e \u043f\u043e\u043a\u0443\u0448\u0430\u0435\u0442\u0441\u044f \u043d\u0430 \u0432\u0430\u0448\u0438 \u0433\u0440\u0430\u043d\u0438\u0446\u044b\u00bb. \u2014 \u041f\u0435\u0441\u043d\u044f \u0437\u0430\u043a\u043b\u0438\u043d\u0430\u0442\u0435\u043b\u044f", "imageUrl": "http://gatherer.wizards.com/Handlers/Image.ashx?multiverseid=437465&type=card", "language": "Russian", "multiverseid": 437465}, {"name": "\u91ce\u751f\u884c\u5ba2", "text": "\u6bcf\u5f53\u4e00\u4e2a\u7531\u4f60\u64cd\u63a7\u7684\u751f\u7269\u52d8\u5bdf\u65f6\uff0c\u5728\u91ce\u751f\u884c\u5ba2\u4e0a\u653e\u7f6e\u4e00\u4e2a+1/+1\u6307\u793a\u7269\u4e14\u4f60\u83b7\u5f973\u70b9\u751f\u547d\u3002", "type": "\u751f\u7269 \uff5e\u5143\u7d20", "flavor": "\u300c\u77f3\u5934\u3001\u76d8\u6839\u3001\u679d\u6748\u901f\u901f\u542c\u6211\u4ee4\uff1a\u5316\u4f5c\u6b64\u5730\u4e4b\u62f3\uff0c\u51fb\u9000\u8e0f\u8db3\u6b64\u5730\u6765\u8005\u3002\u300d \uff5e\u5851\u5f62\u5e08\u5e7d\u6b4c", "imageUrl": "http://gatherer.wizards.com/Handlers/Image.ashx?multiverseid=438063&type=card", "language": "Chinese Simplified", "multiverseid": 438063}, {"name": "\u91ce\u751f\u884c\u5ba2", "text": "\u6bcf\u7576\u4e00\u500b\u7531\u4f60\u64cd\u63a7\u7684\u751f\u7269\u52d8\u5bdf\u6642\uff0c\u5728\u91ce\u751f\u884c\u5ba2\u4e0a\u653e\u7f6e\u4e00\u500b+1/+1\u6307\u793a\u7269\u4e14\u4f60\u7372\u5f973\u9ede\u751f\u547d\u3002", "type": "\u751f\u7269 \uff5e\u5143\u7d20", "flavor": "\u300c\u77f3\u982d\u3001\u76e4\u6839\u3001\u679d\u6748\u901f\u901f\u807d\u6211\u4ee4\uff1a\u5316\u4f5c\u6b64\u5730\u4e4b\u62f3\uff0c\u64ca\u9000\u8e0f\u8db3\u6b64\u5730\u4f86\u8005\u3002\u300d \uff5e\u5851\u5f62\u5e2b\u5e7d\u6b4c", "imageUrl": "http://gatherer.wizards.com/Handlers/Image.ashx?multiverseid=438362&type=card", "language": "Chinese Traditional", "multiverseid": 438362}], "printings": ["XLN"], "originalText": "Whenever a creature you control explores, put a +1/+1 counter on Wildgrowth Walker and you gain 3 life.", "originalType": "Creature \u2014 Elemental", "legalities": [{"format": "Commander", "legality": "Legal"}, {"format": "Duel", "legality": "Legal"}, {"format": "Gladiator", "legality": "Legal"}, {"format": "Historic", "legality": "Legal"}, {"format": "Legacy", "legality": "Legal"}, {"format": "Modern", "legality": "Legal"}, {"format": "Penny", "legality": "Legal"}, {"format": "Pioneer", "legality": "Legal"}, {"format": "Vintage", "legality": "Legal"}], "id": "8476beb7-65b1-5fbb-b769-17d9e07f5874"}