{"name": "Wind-Scarred Crag", "cmc": 0.0, "colorIdentity": ["R", "W"], "type": "Land", "types": ["Land"], "rarity": "Common", "set": "C15", "setName": "Commander 2015", "text": "Wind-Scarred Crag enters the battlefield tapped.\nWhen Wind-Scarred Crag enters the battlefield, you gain 1 life.\n{T}: Add {R} or {W}.", "artist": "Eytan Zana", "number": "321", "layout": "normal", "multiverseid": "405452", "imageUrl": "http://gatherer.wizards.com/Handlers/Image.ashx?multiverseid=405452&type=card", "foreignNames": [{"name": "Windgepeitschte Felswand", "text": "Die Windgepeitschte Felswand kommt getappt ins Spiel.Wenn die Windgepeitschte Felswand ins Spiel kommt, erh\u00e4ltst du 1 Lebenspunkt dazu.{T}: Erh\u00f6he deinen Manavorrat um {R} oder {W}.", "type": "Land", "flavor": null, "imageUrl": "http://gatherer.wizards.com/Handlers/Image.ashx?multiverseid=406136&type=card", "language": "German", "multiverseid": 406136}, {"name": "Risco cicatriz del viento", "text": "El Risco cicatriz del viento entra al campo de batalla girado.Cuando el Risco cicatriz del viento entre al campo de batalla, ganas 1 vida.{T}: Agrega {R} o {W} a tu reserva de man\u00e1.", "type": "Tierra", "flavor": null, "imageUrl": "http://gatherer.wizards.com/Handlers/Image.ashx?multiverseid=407504&type=card", "language": "Spanish", "multiverseid": 407504}, {"name": "Cordill\u00e8re marqu\u00e9e par les vents", "text": "La Cordill\u00e8re marqu\u00e9e par les vents arrive sur le champ de bataille engag\u00e9e.Quand la Cordill\u00e8re marqu\u00e9e par les vents arrive sur le champ de bataille, vous gagnez 1 point de vie.{T} : Ajoutez {R} ou {W} \u00e0 votre r\u00e9serve.", "type": "Terrain", "flavor": null, "imageUrl": "http://gatherer.wizards.com/Handlers/Image.ashx?multiverseid=406478&type=card", "language": "French", "multiverseid": 406478}, {"name": "Dirupo Eroso dai Venti", "text": "Il Dirupo Eroso dai Venti entra nel campo di battaglia TAPpato.Quando il Dirupo Eroso dai Venti entra nel campo di battaglia, guadagni 1 punto vita.{T}: Aggiungi {R} o {W} alla tua riserva di mana.", "type": "Terra", "flavor": null, "imageUrl": "http://gatherer.wizards.com/Handlers/Image.ashx?multiverseid=406820&type=card", "language": "Italian", "multiverseid": 406820}, {"name": "\u98a8\u306b\u524a\u3089\u308c\u305f\u5ca9\u5c71", "text": "\u98a8\u306b\u524a\u3089\u308c\u305f\u5ca9\u5c71\u306f\u30bf\u30c3\u30d7\u72b6\u614b\u3067\u6226\u5834\u306b\u51fa\u308b\u3002\u98a8\u306b\u524a\u3089\u308c\u305f\u5ca9\u5c71\u304c\u6226\u5834\u306b\u51fa\u305f\u3068\u304d\u3001\u3042\u306a\u305f\u306f\uff11\u70b9\u306e\u30e9\u30a4\u30d5\u3092\u5f97\u308b\u3002{T}\uff1a\u3042\u306a\u305f\u306e\u30de\u30ca\u30fb\u30d7\u30fc\u30eb\u306b{R}\u304b{W}\u3092\u52a0\u3048\u308b\u3002", "type": "\u571f\u5730", "flavor": null, "imageUrl": "http://gatherer.wizards.com/Handlers/Image.ashx?multiverseid=407162&type=card", "language": "Japanese", "multiverseid": 407162}, {"name": "\u98ce\u8680\u5ced\u58c1", "text": "\u98ce\u8680\u5ced\u58c1\u987b\u6a2a\u7f6e\u8fdb\u6218\u573a\u3002\u5f53\u98ce\u8680\u5ced\u58c1\u8fdb\u6218\u573a\u65f6\uff0c\u4f60\u83b7\u5f971\u70b9\u751f\u547d\u3002{T}\uff1a\u52a0{R}\u6216{W}\u5230\u4f60\u7684\u6cd5\u672f\u529b\u6c60\u4e2d\u3002", "type": "\u5730", "flavor": null, "imageUrl": "http://gatherer.wizards.com/Handlers/Image.ashx?multiverseid=405794&type=card", "language": "Chinese Simplified", "multiverseid": 405794}], "printings": ["C15", "C17", "C19", "CM2", "CMR", "ELD", "EMA", "FRF", "IKO", "KTK", "M20", "M21"], "originalText": "Wind-Scarred Crag enters the battlefield tapped.When Wind-Scarred Crag enters the battlefield, you gain 1 life.{T}: Add {R} or {W} to your mana pool.", "originalType": "Land", "legalities": [{"format": "Brawl", "legality": "Legal"}, {"format": "Commander", "legality": "Legal"}, {"format": "Duel", "legality": "Legal"}, {"format": "Future", "legality": "Legal"}, {"format": "Gladiator", "legality": "Legal"}, {"format": "Historic", "legality": "Legal"}, {"format": "Legacy", "legality": "Legal"}, {"format": "Modern", "legality": "Legal"}, {"format": "Pauper", "legality": "Legal"}, {"format": "Penny", "legality": "Legal"}, {"format": "Pioneer", "legality": "Legal"}, {"format": "Standard", "legality": "Legal"}, {"format": "Vintage", "legality": "Legal"}], "id": "ed2c6214-19f8-534b-b7d1-70bcd4b1aabb"}