{"name": "Woodland Cemetery", "cmc": 0.0, "colorIdentity": ["B", "G"], "type": "Land", "types": ["Land"], "rarity": "Rare", "set": "DOM", "setName": "Dominaria", "text": "Woodland Cemetery enters the battlefield tapped unless you control a Swamp or a Forest.\n{T}: Add {B} or {G}.", "flavor": "\"They never found the body of young Josu, or that of his murderous sister.\"\n\u2014\"The Fall of the House of Vess\"", "artist": "Christine Choi", "number": "248", "layout": "normal", "multiverseid": "443136", "imageUrl": "http://gatherer.wizards.com/Handlers/Image.ashx?multiverseid=443136&type=card", "foreignNames": [{"name": "Waldfriedhof", "text": "Der Waldfriedhof kommt getappt ins Spiel, es sei denn, du kontrollierst einen Sumpf oder einen Wald.\n{T}: Erzeuge {B} oder {G}.", "type": "Land", "flavor": "\u201eDer K\u00f6rper des jungen Josu wurde nie gefunden \u2026 und auch seine Schwester, die M\u00f6rderin, bleibt verschollen.\" \u2014\u201eDer Untergang des Hauses Vess\"", "imageUrl": "http://gatherer.wizards.com/Handlers/Image.ashx?multiverseid=443405&type=card", "language": "German", "multiverseid": 443405}, {"name": "Cementerio boscoso", "text": "El Cementerio boscoso entra al campo de batalla girado a menos que controles un Pantano o un Bosque.\n{T}: Agrega {B} o {G}.", "type": "Tierra", "flavor": "\"Nunca encontraron el cuerpo del joven Josu ni el de su hermana fratricida\". \u2014\"La ca\u00edda de la casa Vess\"", "imageUrl": "http://gatherer.wizards.com/Handlers/Image.ashx?multiverseid=443674&type=card", "language": "Spanish", "multiverseid": 443674}, {"name": "Cimeti\u00e8re des sylves", "text": "Le Cimeti\u00e8re des sylves arrive sur le champ de bataille engag\u00e9 \u00e0 moins que vous ne contr\u00f4liez un marais ou une for\u00eat.\n{T} : Ajoutez {B} ou {G}.", "type": "Terrain", "flavor": "\u00ab Le corps du jeune Josu ne fut jamais retrouv\u00e9, et celui de sa meurtri\u00e8re de s\u0153ur non plus. \u00bb \u2014\u00ab La chute de la Maison Vess \u00bb", "imageUrl": "http://gatherer.wizards.com/Handlers/Image.ashx?multiverseid=443943&type=card", "language": "French", "multiverseid": 443943}, {"name": "Cimitero Silvestre", "text": "Il Cimitero Silvestre entra nel campo di battaglia TAPpato a meno che tu non controlli una Palude o una Foresta.\n{T}: Aggiungi {B} o {G}.", "type": "Terra", "flavor": "\"Il corpo del giovane Josu non venne mai ritrovato, n\u00e9 quello della sorella omicida.\" \u2014\"La Caduta della Casa dei Vess\"", "imageUrl": "http://gatherer.wizards.com/Handlers/Image.ashx?multiverseid=444212&type=card", "language": "Italian", "multiverseid": 444212}, {"name": "\u68ee\u6797\u306e\u5893\u5730", "text": "\u68ee\u6797\u306e\u5893\u5730\u306f\u3001\u3042\u306a\u305f\u304c\u6cbc\u304b\u68ee\u3092\u30b3\u30f3\u30c8\u30ed\u30fc\u30eb\u3057\u3066\u3044\u306a\u3044\u304b\u304e\u308a\u3001\u30bf\u30c3\u30d7\u72b6\u614b\u3067\u6226\u5834\u306b\u51fa\u308b\u3002\n{T}\uff1a{B}\u304b{G}\u3092\u52a0\u3048\u308b\u3002", "type": "\u571f\u5730", "flavor": "\u300c\u7d50\u5c40\u3001\u82e5\u304d\u30b8\u30e7\u30b9\u306e\u6b7b\u4f53\u306f\u898b\u3064\u304b\u3089\u306a\u304b\u3063\u305f\u3002\u4eba\u6bba\u3057\u306e\u59b9\u3082\u3060\u3002\u300d \u2015\u2015\u300c\u30f4\u30a7\u30b9\u5bb6\u306e\u6ca1\u843d\u300d", "imageUrl": "http://gatherer.wizards.com/Handlers/Image.ashx?multiverseid=444481&type=card", "language": "Japanese", "multiverseid": 444481}, {"name": "\uc0bc\ub9bc \ubb18\uc9c0", "text": "\uc0bc\ub9bc \ubb18\uc9c0\ub294 \ub2f9\uc2e0\uc774 \ub2aa\uc774\ub098 \uc232\uc744 \uc870\uc885\ud558\uc9c0 \uc54a\uc73c\uba74 \ud0ed\ub41c \ucc44\ub85c \uc804\uc7a5\uc5d0 \ub4e4\uc5b4\uc628\ub2e4.\n{T}: {B} \ub610\ub294 {G}\ub97c \ucd94\uac00\ud55c\ub2e4.", "type": "\ub300\uc9c0", "flavor": "\"\uadf8\ub4e4\uc740 \uc5b4\ub9b0 \uc870\uc218\uc758 \uc2dc\uccb4\ub3c4, \uc0b4\uc778\uadc0 \ub204\uc774\uc758 \uc2dc\uccb4\ub3c4 \ucc3e\uc9c0 \ubabb\ud588\ub2e4.\" \u2014\"\ubca0\uc2a4 \uac00\ubb38\uc758 \ubab0\ub77d\"", "imageUrl": "http://gatherer.wizards.com/Handlers/Image.ashx?multiverseid=444750&type=card", "language": "Korean", "multiverseid": 444750}, {"name": "Cemit\u00e9rio da Floresta", "text": "Cemit\u00e9rio da Floresta entra no campo de batalha virado, a menos que voc\u00ea controle um P\u00e2ntano ou uma Floresta.\n{T}: Adicione {B} ou {G}.", "type": "Terreno", "flavor": "\"Jamais se achou o corpo do jovem Josu, nem o de sua irm\u00e3 homicida.\" \u2014 \"A Queda da Casa de Vess\"", "imageUrl": "http://gatherer.wizards.com/Handlers/Image.ashx?multiverseid=445019&type=card", "language": "Portuguese (Brazil)", "multiverseid": 445019}, {"name": "\u041b\u0435\u0441\u043d\u043e\u0435 \u041a\u043b\u0430\u0434\u0431\u0438\u0449\u0435", "text": "\u041b\u0435\u0441\u043d\u043e\u0435 \u041a\u043b\u0430\u0434\u0431\u0438\u0449\u0435 \u0432\u044b\u0445\u043e\u0434\u0438\u0442 \u043d\u0430 \u043f\u043e\u043b\u0435 \u0431\u0438\u0442\u0432\u044b \u043f\u043e\u0432\u0435\u0440\u043d\u0443\u0442\u044b\u043c, \u0435\u0441\u043b\u0438 \u043f\u043e\u0434 \u0432\u0430\u0448\u0438\u043c \u043a\u043e\u043d\u0442\u0440\u043e\u043b\u0435\u043c \u043d\u0435\u0442 \u0411\u043e\u043b\u043e\u0442\u0430 \u0438\u043b\u0438 \u041b\u0435\u0441\u0430.\n{T}: \u0434\u043e\u0431\u0430\u0432\u044c\u0442\u0435 {B} \u0438\u043b\u0438 {G}.", "type": "\u0417\u0435\u043c\u043b\u044f", "flavor": "\u00ab\u041d\u0438\u043a\u0442\u043e \u0442\u0430\u043a \u0438 \u043d\u0435 \u043d\u0430\u0448\u0435\u043b \u0442\u0435\u043b \u2014 \u043d\u0438 \u044e\u043d\u043e\u0433\u043e \u0414\u0436\u043e\u0437\u0443, \u043d\u0438 \u0435\u0433\u043e \u0434\u0443\u0448\u0435\u0433\u0443\u0431\u043a\u0438-\u0441\u0435\u0441\u0442\u0440\u044b\u00bb. \u2014 \u00ab\u041f\u0430\u0434\u0435\u043d\u0438\u0435 \u0434\u043e\u043c\u0430 \u0412\u0435\u0441\u0441\u00bb", "imageUrl": "http://gatherer.wizards.com/Handlers/Image.ashx?multiverseid=445288&type=card", "language": "Russian", "multiverseid": 445288}, {"name": "\u6797\u5730\u5893\u56ed", "text": "\u9664\u975e\u4f60\u64cd\u63a7\u6cbc\u6cfd\u6216\u6811\u6797\uff0c\u5426\u5219\u6797\u5730\u5893\u56ed\u987b\u6a2a\u7f6e\u8fdb\u6218\u573a\u3002\n{T}\uff1a\u52a0{B}\u6216{G}\u3002", "type": "\u5730", "flavor": "\u300c\u4ed6\u4eec\u4ece\u672a\u627e\u5230\u82f1\u5e74\u970d\u82cf\u7684\u9057\u4f53\uff0c\u4e5f\u672a\u66fe\u53d1\u73b0\u90a3\u4f4d\u5bb3\u547d\u59b9\u59b9\u7684\u8e2a\u8ff9\u3002\u300d \uff5e\u300c\u7ef4\u65af\u5bb6\u65cf\u8870\u4ea1\u8bb0\u300d", "imageUrl": "http://gatherer.wizards.com/Handlers/Image.ashx?multiverseid=445557&type=card", "language": "Chinese Simplified", "multiverseid": 445557}, {"name": "\u6797\u5730\u5893\u5712", "text": "\u9664\u975e\u4f60\u64cd\u63a7\u6cbc\u6fa4\u6216\u6a39\u6797\uff0c\u5426\u5247\u6797\u5730\u5893\u5712\u9808\u6a6b\u7f6e\u9032\u6230\u5834\u3002\n{T}\uff1a\u52a0{B}\u6216{G}\u3002", "type": "\u5730", "flavor": "\u300c\u4ed6\u5011\u5f9e\u672a\u627e\u5230\u82f1\u5e74\u970d\u8607\u7684\u907a\u9ad4\uff0c\u4e5f\u672a\u66fe\u767c\u73fe\u90a3\u4f4d\u5bb3\u547d\u59b9\u59b9\u7684\u8e64\u8de1\u3002\u300d \uff5e\u300c\u7dad\u65af\u5bb6\u65cf\u8870\u4ea1\u8a18\u300d", "imageUrl": "http://gatherer.wizards.com/Handlers/Image.ashx?multiverseid=445826&type=card", "language": "Chinese Traditional", "multiverseid": 445826}], "printings": ["DOM", "ISD", "PDOM"], "originalText": "Woodland Cemetery enters the battlefield tapped unless you control a Swamp or a Forest.\n{T}: Add {B} or {G}.", "originalType": "Land", "legalities": [{"format": "Commander", "legality": "Legal"}, {"format": "Duel", "legality": "Legal"}, {"format": "Gladiator", "legality": "Legal"}, {"format": "Historic", "legality": "Legal"}, {"format": "Legacy", "legality": "Legal"}, {"format": "Modern", "legality": "Legal"}, {"format": "Pioneer", "legality": "Legal"}, {"format": "Vintage", "legality": "Legal"}], "id": "c639e2fa-87c3-5357-a1f8-01e1044d3e04"}